payment_id,customer_id,staff_id,rental_id,amount,payment_date
1,401,1,2014,5.99,2005-06-14 18:13:37
2,308,1,12214,2.99,2005-06-25 23:49:37
3,229,1,8302,0.99,2005-09-01 00:53:37
4,92,1,11314,8.99,2005-07-29 13:12:37
5,89,2,11112,5.99,2005-06-16 11:48:37
6,350,2,64,5.99,2005-08-31 04:53:37
7,90,1,819,7.99,2005-08-08 13:44:37
8,463,1,10399,1.99,2005-05-31 02:00:37
9,31,1,11337,6.99,2005-06-20 11:51:37
10,161,1,11523,0.99,2005-07-20 12:17:37
11,264,2,8016,0.99,2005-09-02 11:30:37
12,39,2,555,9.99,2005-09-14 22:52:37
13,370,1,5981,1.99,2005-07-17 07:01:37
14,241,1,14557,5.99,2005-08-21 12:22:37
15,574,1,11403,1.99,2005-06-06 21:49:37
16,465,1,2162,2.99,2005-08-05 00:29:37
17,459,2,11471,2.99,2005-07-31 11:09:37
18,15,1,14906,0.99,2005-06-20 17:32:37
19,130,2,6775,0.99,2005-09-22 13:36:37
20,193,1,12052,8.99,2005-05-26 13:20:37
21,537,1,14861,8.99,2005-06-28 01:08:37
22,375,1,4770,1.99,2005-05-28 17:26:37
23,592,2,2170,8.99,2005-06-16 19:03:37
24,334,2,1957,5.99,2005-07-12 08:56:37
25,209,2,7439,5.99,2005-09-17 06:37:37
26,65,1,2918,9.99,2005-08-20 21:05:37
27,240,1,14612,9.99,2005-09-09 15:50:37
28,325,2,15121,8.99,2005-08-23 17:50:37
29,315,2,3965,8.99,2005-08-13 15:46:37
30,137,2,10269,0.99,2005-07-15 07:22:37
31,467,2,15132,4.99,2005-09-10 10:39:37
32,352,1,10177,5.99,2005-08-18 14:18:37
33,209,2,11563,2.99,2005-07-29 06:04:37
34,119,2,840,0.99,2005-06-19 18:40:37
35,175,1,14152,4.99,2005-07-08 22:15:37
36,397,2,5708,8.99,2005-07-01 16:26:37
37,356,2,6211,9.99,2005-06-03 23:22:37
38,188,2,14142,8.99,2005-05-26 19:04:37
39,12,2,6593,6.99,2005-08-13 10:47:37
40,564,2,496,3.99,2005-08-12 13:11:37
41,313,1,5518,2.99,2005-08-07 03:06:37
42,193,2,1598,1.99,2005-09-03 18:28:37
43,211,1,9296,3.99,2005-06-12 16:08:37
44,66,2,2892,6.99,2005-06-19 03:09:37
45,516,1,9873,4.99,2005-07-15 16:17:37
46,333,2,10785,4.99,2005-08-13 11:11:37
47,136,1,8671,8.99,2005-08-16 19:05:37
48,451,1,15881,5.99,2005-09-05 11:54:37
49,252,1,9029,4.99,2005-05-26 09:57:37
50,186,1,11466,4.99,2005-06-05 16:17:37
51,278,2,15076,5.99,2005-06-20 10:22:37
52,380,2,13523,5.99,2005-07-03 12:36:37
53,542,2,14753,5.99,2005-06-12 20:38:37
54,224,1,82,6.99,2005-05-27 17:24:37
55,496,2,6401,5.99,2005-06-10 06:47:37
56,327,1,17,6.99,2005-06-06 00:17:37
57,314,2,14460,6.99,2005-09-09 19:54:37
58,515,2,13556,9.99,2005-09-01 02:35:37
59,478,2,13604,1.99,2005-08-20 11:18:37
60,488,1,14549,1.99,2005-06-27 06:51:37
61,345,2,14730,0.99,2005-09-04 20:21:37
62,234,1,15654,1.99,2005-09-09 00:28:37
63,19,2,10537,3.99,2005-06-09 16:14:37
64,70,1,7450,3.99,2005-08-02 11:12:37
65,166,2,7725,6.99,2005-07-28 12:47:37
66,526,2,14146,9.99,2005-07-02 16:54:37
67,498,2,880,8.99,2005-07-19 08:17:37
68,534,1,14089,1.99,2005-08-09 01:57:37
69,459,1,10871,2.99,2005-07-08 14:36:37
70,66,1,8230,3.99,2005-07-21 03:39:37
71,376,2,5668,8.99,2005-09-18 19:47:37
72,169,1,8884,1.99,2005-06-12 09:53:37
73,446,2,7665,9.99,2005-07-17 06:36:37
74,284,1,10938,9.99,2005-06-05 19:13:37
75,227,2,7655,9.99,2005-06-13 02:45:37
76,285,2,5243,6.99,2005-06-27 15:59:37
77,27,1,2770,2.99,2005-06-20 04:51:37
78,534,1,7081,0.99,2005-09-06 12:39:37
79,342,2,13901,8.99,2005-05-31 01:24:37
80,520,1,2001,9.99,2005-06-29 13:46:37
81,48,1,3994,1.99,2005-08-12 02:55:37
82,49,2,11608,8.99,2005-08-01 19:59:37
83,304,1,15195,2.99,2005-08-04 14:24:37
84,512,1,12839,2.99,2005-08-07 00:40:37
85,29,1,3771,9.99,2005-08-06 14:18:37
86,530,1,14176,2.99,2005-07-15 04:59:37
87,98,1,15662,4.99,2005-06-19 20:51:37
88,25,1,11199,7.99,2005-05-26 19:43:37
89,414,1,14814,0.99,2005-05-30 17:31:37
90,277,1,15530,9.99,2005-06-26 04:07:37
91,506,1,1270,1.99,2005-07-10 21:11:37
92,191,2,12114,4.99,2005-06-15 06:30:37
93,522,2,3324,5.99,2005-08-22 01:41:37
94,446,2,2805,3.99,2005-07-21 22:12:37
95,393,1,8228,9.99,2005-08-23 04:41:37
96,69,2,8636,6.99,2005-09-17 23:52:37
97,375,1,10165,8.99,2005-07-16 12:05:37
98,570,2,6019,5.99,2005-06-04 21:35:37
99,62,2,12866,9.99,2005-09-18 11:09:37
100,489,1,7342,4.99,2005-06-04 07:15:37
101,550,2,15345,7.99,2005-06-01 06:37:37
102,475,2,7861,0.99,2005-07-16 14:12:37
103,149,1,6679,6.99,2005-07-01 13:30:37
104,428,2,11592,9.99,2005-07-30 05:18:37
105,555,1,7296,3.99,2005-06-21 07:31:37
106,56,1,12061,0.99,2005-08-07 10:48:37
107,218,1,14004,5.99,2005-09-09 11:04:37
108,63,1,12392,7.99,2005-08-20 04:42:37
109,559,1,12551,5.99,2005-06-07 19:21:37
110,219,1,10866,2.99,2005-06-28 03:39:37
111,431,2,9910,7.99,2005-06-09 03:51:37
112,255,2,7574,6.99,2005-08-23 17:19:37
113,81,2,9515,5.99,2005-06-05 06:39:37
114,111,2,8456,4.99,2005-08-14 22:29:37
115,166,1,4981,6.99,2005-06-29 20:53:37
116,226,1,1028,5.99,2005-05-31 08:00:37
117,231,1,13522,3.99,2005-06-02 12:43:37
118,212,1,11346,1.99,2005-09-04 11:02:37
119,417,1,3301,4.99,2005-06-24 19:38:37
120,392,1,989,4.99,2005-09-02 22:15:37
121,317,2,14652,0.99,2005-09-21 03:18:37
122,395,2,2181,6.99,2005-07-13 06:25:37
123,67,2,6695,4.99,2005-07-15 08:10:37
124,39,2,2350,7.99,2005-07-24 20:13:37
125,89,2,14460,2.99,2005-08-06 23:19:37
126,333,2,2302,8.99,2005-07-06 04:32:37
127,244,1,13575,8.99,2005-08-03 17:02:37
128,335,2,155,4.99,2005-08-03 12:57:37
129,402,2,4020,4.99,2005-06-29 13:00:37
130,541,1,5761,7.99,2005-06-29 14:03:37
131,485,1,9422,0.99,2005-06-09 03:09:37
132,473,1,15080,9.99,2005-06-10 16:05:37
133,82,2,13339,0.99,2005-07-11 20:23:37
134,17,2,6161,0.99,2005-08-14 00:00:37
135,501,1,963,2.99,2005-06-10 11:14:37
136,222,1,5421,4.99,2005-07-17 07:22:37
137,280,1,9097,1.99,2005-09-09 10:15:37
138,206,2,12323,8.99,2005-08-23 04:16:37
139,229,1,311,4.99,2005-06-08 15:27:37
140,488,2,9943,0.99,2005-06-19 08:15:37
141,282,1,8962,9.99,2005-07-31 12:03:37
142,349,2,14421,7.99,2005-08-07 04:59:37
143,575,1,6325,3.99,2005-07-03 11:29:37
144,132,1,175,3.99,2005-08-12 10:09:37
145,259,2,2290,6.99,2005-06-03 12:22:37
146,21,1,14954,1.99,2005-08-13 17:17:37
147,232,1,10822,5.99,2005-07-14 23:21:37
148,353,1,10018,8.99,2005-09-08 05:45:37
149,105,2,10527,9.99,2005-06-03 08:39:37
150,521,2,1593,5.99,2005-08-23 02:25:37
151,50,1,3295,6.99,2005-08-23 16:19:37
152,119,1,12736,2.99,2005-07-21 07:20:37
153,433,2,12749,2.99,2005-06-22 02:21:37
154,397,1,4464,5.99,2005-07-02 03:00:37
155,219,2,15895,6.99,2005-09-05 10:00:37
156,458,1,3871,1.99,2005-08-03 22:28:37
157,127,2,10747,6.99,2005-06-07 18:38:37
158,143,1,5141,5.99,2005-09-22 12:55:37
159,112,2,799,4.99,2005-07-29 19:20:37
160,456,2,8877,6.99,2005-09-07 20:27:37
161,60,2,1221,6.99,2005-06-20 08:57:37
162,248,2,15874,2.99,2005-07-04 19:37:37
163,163,2,2685,8.99,2005-09-06 14:04:37
164,295,1,11187,0.99,2005-06-06 14:57:37
165,36,1,15755,2.99,2005-09-19 15:38:37
166,451,1,14054,7.99,2005-06-17 11:16:37
167,191,1,3626,2.99,2005-09-17 03:59:37
168,80,1,12448,0.99,2005-06-24 21:06:37
169,217,1,9549,1.99,2005-08-22 11:51:37
170,295,1,15535,3.99,2005-06-16 11:01:37
171,256,1,973,6.99,2005-06-08 06:40:37
172,79,1,13437,1.99,2005-07-17 11:25:37
173,438,1,3676,7.99,2005-08-30 23:53:37
174,519,1,10937,4.99,2005-09-19 22:19:37
175,32,1,13440,7.99,2005-08-20 11:12:37
176,57,2,5290,1.99,2005-08-02 21:43:37
177,544,2,15301,3.99,2005-05-29 22:15:37
178,481,2,10401,3.99,2005-07-19 15:03:37
179,7,1,3742,1.99,2005-07-10 19:34:37
180,128,2,6159,7.99,2005-09-21 17:08:37
181,295,2,9322,2.99,2005-06-05 15:27:37
182,314,2,2307,9.99,2005-09-21 12:45:37
183,311,1,6375,2.99,2005-09-03 14:35:37
184,202,1,15945,1.99,2005-06-04 15:11:37
185,454,2,9357,0.99,2005-06-19 14:48:37
186,503,1,2254,3.99,2005-09-20 01:59:37
187,390,1,3436,3.99,2005-06-28 07:11:37
188,486,2,7338,1.99,2005-06-03 00:39:37
189,481,2,650,0.99,2005-05-25 18:15:37
190,95,2,14090,7.99,2005-09-16 10:10:37
191,74,1,14448,8.99,2005-07-30 02:11:37
192,5,2,12741,8.99,2005-07-04 11:26:37
193,350,1,14517,1.99,2005-08-02 14:32:37
194,288,1,5649,9.99,2005-07-05 04:59:37
195,317,1,9863,3.99,2005-09-09 12:11:37
196,438,2,4437,5.99,2005-09-17 23:17:37
197,484,1,3226,6.99,2005-06-27 07:04:37
198,261,2,10376,3.99,2005-08-28 03:08:37
199,94,2,14532,2.99,2005-09-07 15:58:37
200,266,1,7501,4.99,2005-09-20 18:21:37
201,341,2,9716,6.99,2005-08-16 17:10:37
202,512,1,4564,0.99,2005-09-12 09:35:37
203,218,2,15606,1.99,2005-07-09 13:04:37
204,6,1,5198,0.99,2005-06-27 18:51:37
205,41,2,3847,2.99,2005-08-01 05:21:37
206,207,1,12032,0.99,2005-07-13 10:48:37
207,239,2,2120,9.99,2005-06-27 20:34:37
208,127,1,5459,6.99,2005-06-19 18:03:37
209,155,1,8594,4.99,2005-09-13 19:17:37
210,251,1,12698,3.99,2005-06-17 16:31:37
211,556,1,35,9.99,2005-06-03 18:06:37
212,449,1,1810,0.99,2005-09-14 18:21:37
213,144,2,10796,3.99,2005-07-17 18:35:37
214,455,1,11030,4.99,2005-08-13 00:28:37
215,346,1,9985,0.99,2005-06-12 12:47:37
216,163,1,10210,1.99,2005-05-27 10:00:37
217,54,1,6572,9.99,2005-05-29 09:40:37
218,87,1,33,7.99,2005-09-14 09:40:37
219,6,1,7941,4.99,2005-08-25 02:40:37
220,510,1,14801,7.99,2005-06-21 01:28:37
221,337,1,3331,4.99,2005-07-08 01:10:37
222,475,1,7832,6.99,2005-08-04 06:55:37
223,134,2,5176,2.99,2005-06-10 13:45:37
224,14,1,11578,2.99,2005-07-02 19:44:37
225,559,1,3393,8.99,2005-07-07 17:05:37
226,50,2,5252,5.99,2005-07-06 22:43:37
227,23,1,12528,1.99,2005-09-03 05:07:37
228,522,2,8763,0.99,2005-07-19 04:02:37
229,537,1,2724,0.99,2005-06-23 22:21:37
230,474,1,13273,2.99,2005-08-05 07:38:37
231,495,2,10657,7.99,2005-08-07 13:29:37
232,81,2,1480,4.99,2005-08-05 01:33:37
233,532,2,11596,9.99,2005-07-25 12:41:37
234,185,1,8516,1.99,2005-06-02 19:44:37
235,438,2,15097,2.99,2005-09-10 22:32:37
236,363,2,4827,8.99,2005-08-13 01:15:37
237,327,1,8796,6.99,2005-09-02 07:24:37
238,367,1,5132,0.99,2005-08-31 10:01:37
239,502,1,10884,5.99,2005-08-17 04:54:37
240,592,1,3988,6.99,2005-06-08 11:46:37
241,470,1,1149,8.99,2005-07-23 22:15:37
242,48,2,7290,2.99,2005-07-31 19:37:37
243,509,2,2562,0.99,2005-07-29 00:16:37
244,449,2,4521,9.99,2005-08-31 20:03:37
245,555,1,15273,7.99,2005-08-28 02:19:37
246,409,1,3668,3.99,2005-07-28 06:15:37
247,91,1,4930,1.99,2005-07-12 17:38:37
248,318,1,9738,5.99,2005-07-23 23:32:37
249,479,2,14182,6.99,2005-06-02 15:39:37
250,410,2,8740,7.99,2005-08-20 17:39:37
251,224,2,12592,0.99,2005-08-26 12:05:37
252,239,2,13487,4.99,2005-06-02 21:53:37
253,127,1,1865,2.99,2005-06-07 07:22:37
254,275,1,10019,4.99,2005-07-31 01:58:37
255,433,2,5548,6.99,2005-09-23 10:39:37
256,95,2,9223,7.99,2005-07-25 21:54:37
257,489,1,4332,0.99,2005-08-29 05:58:37
258,95,1,7915,6.99,2005-07-24 18:24:37
259,352,1,8887,2.99,2005-07-13 15:10:37
260,127,1,11820,0.99,2005-07-18 16:33:37
261,314,2,9156,5.99,2005-07-07 23:08:37
262,181,1,7307,7.99,2005-09-05 11:03:37
263,201,2,965,4.99,2005-08-16 17:04:37
264,397,1,7921,1.99,2005-07-02 05:06:37
265,329,2,14844,3.99,2005-07-26 22:08:37
266,532,2,277,1.99,2005-08-29 17:47:37
267,483,1,7397,5.99,2005-06-10 14:22:37
268,385,2,9271,7.99,2005-09-22 23:21:37
269,312,1,7999,0.99,2005-08-24 12:15:37
270,492,2,6829,3.99,2005-08-03 09:56:37
271,557,1,5708,8.99,2005-09-19 18:21:37
272,553,1,8678,1.99,2005-08-07 05:24:37
273,514,1,9276,5.99,2005-09-16 05:51:37
274,507,2,1494,0.99,2005-06-22 00:29:37
275,341,1,3728,5.99,2005-06-16 22:12:37
276,380,1,13988,0.99,2005-06-17 12:05:37
277,27,2,14039,1.99,2005-07-03 08:27:37
278,110,2,12912,6.99,2005-06-12 12:35:37
279,314,1,13557,7.99,2005-08-25 07:51:37
280,598,1,9888,4.99,2005-06-29 15:43:37
281,76,2,7992,7.99,2005-08-26 06:18:37
282,337,1,14368,9.99,2005-08-15 11:53:37
283,113,1,14737,0.99,2005-07-07 02:36:37
284,575,1,4560,4.99,2005-06-10 16:32:37
285,389,1,11539,0.99,2005-08-12 04:33:37
286,85,1,14373,3.99,2005-07-01 18:27:37
287,27,2,13216,0.99,2005-09-05 11:18:37
288,528,2,6434,9.99,2005-08-01 13:39:37
289,407,1,4855,6.99,2005-07-28 06:24:37
290,575,1,14379,0.99,2005-06-27 18:32:37
291,73,1,10246,0.99,2005-07-05 15:24:37
292,47,1,5959,2.99,2005-06-27 17:16:37
293,337,1,1238,0.99,2005-08-10 08:57:37
294,56,2,12110,7.99,2005-07-27 12:35:37
295,464,2,581,5.99,2005-08-11 06:15:37
296,405,2,14504,2.99,2005-09-19 18:06:37
297,452,2,5617,2.99,2005-07-26 14:53:37
298,515,2,15174,6.99,2005-07-17 01:31:37
299,258,2,4056,8.99,2005-06-06 06:48:37
300,320,1,11416,6.99,2005-07-21 12:23:37
301,333,1,13901,6.99,2005-08-11 07:50:37
302,397,1,8605,0.99,2005-09-12 04:24:37
303,65,1,14785,2.99,2005-06-16 04:44:37
304,527,2,6489,8.99,2005-07-15 18:43:37
305,357,2,9899,0.99,2005-06-10 23:48:37
306,387,1,15875,7.99,2005-08-21 04:16:37
307,288,2,12892,1.99,2005-06-11 20:55:37
308,147,2,6865,2.99,2005-06-28 03:10:37
309,313,1,12657,2.99,2005-07-31 13:33:37
310,459,2,15592,7.99,2005-06-16 01:57:37
311,7,2,6580,4.99,2005-05-30 22:53:37
312,560,2,10999,2.99,2005-09-12 06:51:37
313,509,1,11914,8.99,2005-09-08 02:37:37
314,370,1,9249,1.99,2005-08-02 04:12:37
315,478,2,6636,9.99,2005-08-27 10:44:37
316,514,1,13586,2.99,2005-06-13 18:05:37
317,516,1,15082,6.99,2005-07-04 05:25:37
318,438,1,14676,3.99,2005-09-21 19:53:37
319,439,2,4617,4.99,2005-08-28 03:38:37
320,461,1,4983,1.99,2005-09-02 14:29:37
321,103,2,10023,7.99,2005-07-07 00:15:37
322,59,2,8188,2.99,2005-09-22 06:34:37
323,361,1,10691,7.99,2005-08-09 07:37:37
324,111,2,12207,3.99,2005-08-04 21:35:37
325,499,2,8372,4.99,2005-08-06 10:03:37
326,200,1,9493,6.99,2005-08-31 03:08:37
327,119,2,3627,7.99,2005-09-09 12:40:37
328,464,2,5495,2.99,2005-06-28 08:29:37
329,202,2,5226,7.99,2005-06-05 02:45:37
330,5,2,12154,3.99,2005-09-07 23:46:37
331,126,1,2395,8.99,2005-06-18 23:29:37
332,469,2,9527,7.99,2005-07-10 09:33:37
333,591,1,4477,3.99,2005-06-02 01:29:37
334,256,1,14181,7.99,2005-09-19 19:41:37
335,473,1,6453,0.99,2005-08-02 09:03:37
336,342,1,6243,0.99,2005-07-09 12:03:37
337,198,2,897,7.99,2005-08-22 15:31:37
338,485,1,1104,8.99,2005-09-15 18:16:37
339,485,1,1705,2.99,2005-06-09 07:29:37
340,40,1,10875,8.99,2005-05-28 22:54:37
341,591,2,3931,6.99,2005-08-02 21:35:37
342,320,2,114,2.99,2005-06-13 16:28:37
343,594,1,3474,6.99,2005-08-09 06:15:37
344,556,1,13566,2.99,2005-06-19 00:45:37
345,324,1,14304,7.99,2005-08-20 02:19:37
346,353,2,1862,3.99,2005-09-03 03:46:37
347,262,1,15974,9.99,2005-08-08 11:34:37
348,515,1,3054,4.99,2005-08-20 02:33:37
349,364,1,7073,3.99,2005-09-09 08:29:37
350,270,1,8374,4.99,2005-08-01 14:54:37
351,306,1,4191,7.99,2005-06-05 22:59:37
352,111,2,4608,5.99,2005-07-30 16:10:37
353,550,2,4982,0.99,2005-09-18 06:28:37
354,255,2,15998,9.99,2005-09-04 18:29:37
355,590,1,8249,0.99,2005-09-06 03:50:37
356,217,2,9721,6.99,2005-06-15 00:55:37
357,330,1,12710,3.99,2005-08-11 19:01:37
358,249,1,7174,6.99,2005-07-11 21:35:37
359,255,1,13554,2.99,2005-06-18 23:42:37
360,226,2,8194,6.99,2005-07-25 20:03:37
361,463,2,6170,7.99,2005-06-18 01:22:37
362,313,1,9961,2.99,2005-09-19 22:04:37
363,158,1,7264,4.99,2005-06-24 18:26:37
364,399,2,5959,9.99,2005-06-01 16:40:37
365,228,1,10216,1.99,2005-09-21 11:08:37
366,304,1,13333,1.99,2005-09-06 17:24:37
367,36,1,664,2.99,2005-05-31 02:36:37
368,423,1,3678,2.99,2005-06-03 01:36:37
369,566,1,13102,1.99,2005-07-05 03:38:37
370,554,2,1087,9.99,2005-07-22 10:15:37
371,3,2,4311,3.99,2005-05-31 12:06:37
372,322,1,11713,0.99,2005-08-04 13:10:37
373,134,1,14103,9.99,2005-07-08 00:03:37
374,30,1,1023,5.99,2005-07-26 05:38:37
375,144,2,3889,5.99,2005-08-18 20:12:37
376,262,2,13859,0.99,2005-08-04 23:54:37
377,410,1,1853,7.99,2005-08-10 23:11:37
378,346,1,1367,1.99,2005-07-11 16:27:37
379,364,1,13893,5.99,2005-06-26 22:47:37
380,214,1,7133,8.99,2005-08-18 11:17:37
381,268,1,14276,7.99,2005-05-29 14:51:37
382,556,2,12595,8.99,2005-06-29 22:09:37
383,471,1,7246,3.99,2005-06-15 05:19:37
384,453,2,7588,3.99,2005-05-28 13:49:37
385,359,2,13693,9.99,2005-07-24 08:37:37
386,105,1,5644,3.99,2005-05-30 02:10:37
387,154,1,10886,9.99,2005-05-30 03:04:37
388,198,2,9254,5.99,2005-06-22 11:11:37
389,11,1,7201,0.99,2005-05-30 11:49:37
390,167,2,14824,8.99,2005-07-28 00:06:37
391,577,1,15302,1.99,2005-06-13 14:59:37
392,550,2,5563,9.99,2005-07-22 05:46:37
393,407,1,6545,2.99,2005-09-17 21:39:37
394,467,2,5711,9.99,2005-07-30 20:28:37
395,90,2,2733,5.99,2005-06-07 10:52:37
396,535,2,6470,0.99,2005-08-30 15:36:37
397,373,1,81,5.99,2005-06-28 13:05:37
398,393,2,8578,5.99,2005-06-05 21:40:37
399,118,2,2291,6.99,2005-08-30 00:16:37
400,24,1,7802,3.99,2005-08-30 09:17:37
401,392,1,3212,1.99,2005-06-23 12:39:37
402,480,1,6675,2.99,2005-06-29 20:59:37
403,143,2,15117,0.99,2005-07-25 16:11:37
404,16,1,7349,0.99,2005-08-14 19:04:37
405,555,2,3163,4.99,2005-06-14 06:30:37
406,307,1,6799,8.99,2005-07-12 11:53:37
407,148,2,5547,5.99,2005-06-10 18:18:37
408,324,2,5935,2.99,2005-08-19 14:07:37
409,446,2,2155,5.99,2005-08-21 01:22:37
410,499,1,12414,1.99,2005-08-01 23:13:37
411,181,2,2497,1.99,2005-06-13 19:16:37
412,320,1,8069,5.99,2005-06-02 05:53:37
413,584,2,3229,4.99,2005-08-20 20:16:37
414,355,1,4436,6.99,2005-07-18 23:54:37
415,305,2,6066,5.99,2005-08-27 12:44:37
416,16,1,2923,5.99,2005-08-29 07:42:37
417,378,2,641,6.99,2005-08-28 23:21:37
418,235,2,10967,8.99,2005-06-09 11:12:37
419,138,2,6926,7.99,2005-08-27 19:31:37
420,324,1,15381,2.99,2005-08-18 15:26:37
421,368,1,14288,9.99,2005-07-28 01:27:37
422,395,1,175,6.99,2005-05-29 00:36:37
423,599,2,11795,6.99,2005-06-08 00:17:37
424,201,2,13646,0.99,2005-07-22 15:35:37
425,304,1,6185,0.99,2005-07-06 09:16:37
426,332,2,14472,5.99,2005-07-13 05:04:37
427,385,1,721,7.99,2005-08-31 09:02:37
428,258,1,9925,5.99,2005-08-07 14:46:37
429,161,1,14885,0.99,2005-07-10 07:39:37
430,94,2,9213,6.99,2005-08-11 19:56:37
431,541,2,1016,7.99,2005-08-27 17:11:37
432,198,2,4197,6.99,2005-06-28 00:34:37
433,514,2,7925,7.99,2005-08-24 23:47:37
434,452,2,8988,0.99,2005-09-07 21:59:37
435,477,1,986,1.99,2005-08-02 14:01:37
436,234,2,14137,8.99,2005-09-15 02:26:37
437,141,2,5730,0.99,2005-07-03 12:47:37
438,515,1,15357,8.99,2005-09-03 14:38:37
439,515,2,10913,9.99,2005-08-30 16:02:37
440,201,1,8375,7.99,2005-07-19 00:58:37
441,127,2,14415,8.99,2005-09-12 20:01:37
442,185,1,14981,5.99,2005-07-05 16:26:37
443,234,1,4252,7.99,2005-09-14 21:01:37
444,32,1,14770,1.99,2005-07-09 21:23:37
445,280,2,6334,8.99,2005-07-28 07:08:37
446,281,1,1014,9.99,2005-09-01 03:03:37
447,180,2,5791,4.99,2005-05-27 02:26:37
448,58,1,15513,5.99,2005-06-15 09:39:37
449,247,2,11387,5.99,2005-09-16 02:20:37
450,221,2,10901,8.99,2005-07-07 18:25:37
451,28,1,13071,1.99,2005-08-24 11:15:37
452,273,2,10540,3.99,2005-08-31 09:52:37
453,347,1,5612,3.99,2005-09-10 22:33:37
454,49,1,6188,8.99,2005-05-27 05:25:37
455,125,2,10389,6.99,2005-07-01 11:33:37
456,34,1,6450,4.99,2005-09-17 21:27:37
457,251,1,2738,1.99,2005-08-13 23:17:37
458,67,1,7288,4.99,2005-08-31 08:27:37
459,509,1,3923,7.99,2005-06-27 06:44:37
460,527,1,11374,4.99,2005-09-14 19:01:37
461,166,2,15158,9.99,2005-06-03 14:09:37
462,181,1,11872,3.99,2005-06-22 14:35:37
463,211,1,3055,5.99,2005-06-12 13:42:37
464,434,1,10859,6.99,2005-08-05 05:02:37
465,27,1,10174,7.99,2005-06-12 18:20:37
466,229,2,8454,7.99,2005-08-26 19:02:37
467,129,2,6312,0.99,2005-08-15 15:01:37
468,489,2,15959,7.99,2005-06-22 19:03:37
469,474,1,4084,4.99,2005-07-10 13:45:37
470,452,1,9872,0.99,2005-09-07 18:28:37
471,410,2,12570,3.99,2005-08-28 03:00:37
472,392,1,10422,9.99,2005-07-31 11:43:37
473,566,2,15278,9.99,2005-09-17 18:05:37
474,145,1,3659,3.99,2005-06-15 17:57:37
475,239,2,15234,8.99,2005-09-10 00:37:37
476,513,1,6312,4.99,2005-08-12 12:38:37
477,590,2,9384,8.99,2005-06-07 12:18:37
478,280,2,2682,9.99,2005-09-20 20:56:37
479,235,2,75,6.99,2005-07-08 12:45:37
480,303,2,1703,6.99,2005-07-19 13:35:37
481,257,2,7497,2.99,2005-06-22 21:45:37
482,400,2,8868,0.99,2005-06-26 03:25:37
483,69,2,14086,9.99,2005-06-16 03:57:37
484,393,1,13583,2.99,2005-09-23 08:58:37
485,543,1,2530,6.99,2005-09-16 04:32:37
486,63,2,10132,7.99,2005-09-13 16:13:37
487,547,1,8557,1.99,2005-07-12 18:53:37
488,550,1,12187,2.99,2005-07-13 02:16:37
489,102,2,69,2.99,2005-08-03 06:15:37
490,99,1,6733,3.99,2005-09-15 08:30:37
491,50,1,2762,2.99,2005-07-26 05:14:37
492,562,1,2911,5.99,2005-07-31 14:29:37
493,151,1,5958,5.99,2005-06-05 18:26:37
494,48,2,7931,3.99,2005-07-14 11:14:37
495,35,1,12543,4.99,2005-07-15 21:20:37
496,589,2,421,9.99,2005-09-09 11:43:37
497,185,2,10386,0.99,2005-08-17 06:24:37
498,598,1,12768,8.99,2005-08-08 12:30:37
499,371,2,14454,0.99,2005-08-28 11:22:37
500,120,1,2064,1.99,2005-08-18 14:46:37
501,486,1,10106,2.99,2005-06-23 04:16:37
502,482,2,5490,7.99,2005-06-17 07:33:37
503,40,2,10219,8.99,2005-07-01 06:51:37
504,545,1,12883,1.99,2005-05-28 19:36:37
505,254,2,14091,9.99,2005-08-09 02:41:37
506,422,1,9932,3.99,2005-07-09 17:18:37
507,498,2,6077,5.99,2005-06-14 06:38:37
508,248,1,5325,4.99,2005-07-03 09:24:37
509,132,2,1719,2.99,2005-07-07 02:52:37
510,197,1,11852,5.99,2005-06-17 07:51:37
511,492,1,6576,9.99,2005-08-06 00:34:37
512,340,1,8224,8.99,2005-07-29 10:30:37
513,17,2,9202,3.99,2005-08-22 17:59:37
514,204,2,2990,0.99,2005-08-01 22:00:37
515,57,2,500,9.99,2005-09-17 06:05:37
516,284,2,7690,7.99,2005-07-08 07:09:37
517,242,2,5353,8.99,2005-08-16 19:48:37
518,550,1,4134,4.99,2005-08-05 08:58:37
519,304,1,14417,0.99,2005-06-08 00:58:37
520,470,1,14396,5.99,2005-06-18 21:03:37
521,374,1,9395,3.99,2005-07-21 07:26:37
522,550,2,3440,8.99,2005-06-01 15:40:37
523,285,2,8400,3.99,2005-09-10 14:28:37
524,419,2,10995,2.99,2005-06-23 16:07:37
525,68,1,3646,4.99,2005-09-18 04:47:37
526,43,2,1124,1.99,2005-05-31 01:05:37
527,223,2,2514,0.99,2005-07-09 18:48:37
528,425,1,3666,3.99,2005-07-01 02:25:37
529,308,2,2163,2.99,2005-08-11 19:18:37
530,250,2,6218,1.99,2005-07-19 08:54:37
531,61,1,3749,8.99,2005-08-01 20:49:37
532,538,2,3110,8.99,2005-09-09 18:54:37
533,38,2,2917,6.99,2005-06-13 20:03:37
534,463,2,14552,3.99,2005-06-22 06:27:37
535,418,2,15146,9.99,2005-07-14 09:06:37
536,552,2,7409,7.99,2005-06-19 02:07:37
537,223,2,5576,7.99,2005-05-26 20:51:37
538,593,1,7313,2.99,2005-07-27 07:49:37
539,311,1,7174,3.99,2005-08-04 19:41:37
540,455,1,15206,4.99,2005-07-13 06:38:37
541,3,2,14687,9.99,2005-08-27 09:54:37
542,596,2,10206,2.99,2005-07-11 02:12:37
543,338,1,10153,8.99,2005-06-01 17:54:37
544,401,1,6348,6.99,2005-06-21 22:06:37
545,414,1,4589,6.99,2005-08-05 17:29:37
546,291,2,5337,7.99,2005-09-12 10:01:37
547,460,2,1953,2.99,2005-08-26 22:41:37
548,457,1,9356,3.99,2005-07-28 04:50:37
549,423,2,5554,5.99,2005-07-28 05:48:37
550,96,1,9862,7.99,2005-07-12 04:34:37
551,568,1,2345,1.99,2005-07-07 09:24:37
552,122,1,6440,4.99,2005-09-14 21:25:37
553,51,2,4144,0.99,2005-07-21 03:16:37
554,13,2,3249,3.99,2005-06-11 17:06:37
555,277,2,6815,3.99,2005-08-25 14:18:37
556,9,1,3113,1.99,2005-09-06 22:00:37
557,148,2,1492,5.99,2005-07-09 19:34:37
558,388,1,11339,9.99,2005-06-03 19:25:37
559,188,2,12324,2.99,2005-08-12 19:14:37
560,460,2,1099,1.99,2005-06-30 13:34:37
561,160,1,14494,6.99,2005-06-19 18:16:37
562,25,1,12630,7.99,2005-09-05 00:18:37
563,91,2,7459,6.99,2005-09-02 09:12:37
564,296,1,15552,2.99,2005-06-12 05:58:37
565,580,1,7017,0.99,2005-06-25 11:52:37
566,175,2,4984,8.99,2005-05-27 14:46:37
567,500,2,6995,8.99,2005-08-26 10:06:37
568,155,2,7494,4.99,2005-06-21 20:16:37
569,383,2,6449,0.99,2005-07-26 18:34:37
570,51,1,11159,5.99,2005-07-27 22:21:37
571,548,1,13341,8.99,2005-08-21 22:09:37
572,267,2,6365,3.99,2005-09-03 08:12:37
573,253,2,9579,0.99,2005-08-10 02:09:37
574,521,2,12631,4.99,2005-09-05 16:14:37
575,379,2,3523,2.99,2005-07-25 05:50:37
576,270,2,10841,4.99,2005-09-15 13:41:37
577,240,1,11129,6.99,2005-07-16 20:09:37
578,228,1,9005,8.99,2005-09-01 15:32:37
579,148,1,4841,8.99,2005-06-22 09:18:37
580,475,1,2346,3.99,2005-06-06 20:28:37
581,201,2,8562,6.99,2005-07-23 22:58:37
582,542,1,12997,4.99,2005-09-02 13:45:37
583,385,2,5489,6.99,2005-07-30 18:42:37
584,355,1,9902,7.99,2005-06-18 21:06:37
585,497,2,5732,3.99,2005-09-23 03:32:37
586,107,1,3138,3.99,2005-08-24 00:50:37
587,570,1,7288,3.99,2005-09-02 00:39:37
588,311,2,10562,5.99,2005-06-03 06:14:37
589,328,2,15824,2.99,2005-06-04 07:34:37
590,328,1,1535,8.99,2005-07-11 15:57:37
591,378,1,5565,8.99,2005-08-21 08:08:37
592,529,1,5038,3.99,2005-08-31 21:48:37
593,446,2,12445,9.99,2005-09-13 19:07:37
594,67,1,562,6.99,2005-08-19 17:54:37
595,24,1,8975,4.99,2005-07-07 04:23:37
596,394,1,11933,3.99,2005-09-11 14:09:37
597,452,2,14660,2.99,2005-07-13 06:18:37
598,452,1,14519,4.99,2005-09-12 08:01:37
599,562,1,2323,0.99,2005-08-04 17:20:37
600,482,2,15192,4.99,2005-08-26 21:35:37
601,233,1,9413,0.99,2005-06-18 10:51:37
602,322,1,6432,3.99,2005-07-25 01:47:37
603,24,2,15452,4.99,2005-09-04 20:13:37
604,599,2,5427,3.99,2005-09-07 07:26:37
605,550,2,12839,6.99,2005-07-06 04:51:37
606,173,1,7239,7.99,2005-09-07 14:54:37
607,115,2,11156,0.99,2005-08-10 01:15:37
608,61,2,217,9.99,2005-05-31 19:53:37
609,260,1,11315,3.99,2005-06-11 21:07:37
610,93,2,10872,1.99,2005-09-10 10:15:37
611,202,2,11900,9.99,2005-06-18 19:18:37
612,513,2,3511,2.99,2005-06-25 16:19:37
613,589,2,11457,2.99,2005-07-07 11:21:37
614,42,2,6034,7.99,2005-08-25 05:32:37
615,86,1,15037,7.99,2005-08-10 12:15:37
616,283,1,15063,8.99,2005-05-31 01:04:37
617,363,1,1594,8.99,2005-06-22 06:40:37
618,488,2,13870,5.99,2005-09-16 08:45:37
619,459,1,4076,4.99,2005-07-30 06:12:37
620,375,1,7733,6.99,2005-06-14 13:00:37
621,309,2,7143,3.99,2005-07-12 17:57:37
622,156,1,13568,5.99,2005-09-21 07:49:37
623,33,1,3492,7.99,2005-06-08 23:12:37
624,543,2,6323,5.99,2005-08-31 08:28:37
625,123,2,4160,0.99,2005-08-24 02:47:37
626,113,1,3624,5.99,2005-08-08 07:00:37
627,54,1,14822,5.99,2005-09-11 21:04:37
628,126,1,14775,0.99,2005-08-01 07:06:37
629,55,1,12854,5.99,2005-07-13 22:33:37
630,395,2,7567,2.99,2005-06-18 12:21:37
631,392,2,2585,5.99,2005-08-17 16:19:37
632,166,1,15158,8.99,2005-07-22 21:29:37
633,212,1,155,1.99,2005-09-06 03:35:37
634,221,1,15175,2.99,2005-07-02 21:55:37
635,493,1,5307,7.99,2005-07-07 04:03:37
636,164,2,8741,8.99,2005-08-07 06:18:37
637,348,2,11179,9.99,2005-06-03 12:48:37
638,149,1,599,3.99,2005-07-06 05:47:37
639,340,1,4760,3.99,2005-08-23 20:57:37
640,11,2,3099,1.99,2005-08-18 21:34:37
641,347,1,5338,2.99,2005-09-10 18:17:37
642,341,1,4455,2.99,2005-07-11 14:04:37
643,594,1,5699,0.99,2005-09-15 18:12:37
644,327,1,7736,8.99,2005-07-12 20:03:37
645,146,2,12797,3.99,2005-08-07 17:10:37
646,598,2,1596,4.99,2005-07-22 23:29:37
647,579,1,2176,3.99,2005-06-27 08:31:37
648,193,2,1897,7.99,2005-06-14 20:32:37
649,130,2,6286,4.99,2005-09-13 16:49:37
650,447,1,13968,7.99,2005-09-11 09:29:37
651,353,1,9176,4.99,2005-08-27 04:04:37
652,138,1,8074,1.99,2005-07-23 00:25:37
653,399,2,9723,4.99,2005-09-05 03:16:37
654,512,2,15161,5.99,2005-06-28 03:43:37
655,323,1,9297,3.99,2005-09-20 12:13:37
656,349,2,5006,3.99,2005-08-13 22:29:37
657,302,2,5728,4.99,2005-08-16 20:34:37
658,480,1,5259,0.99,2005-06-26 17:14:37
659,329,2,14344,4.99,2005-05-29 20:11:37
660,49,2,12377,5.99,2005-07-24 15:35:37
661,80,1,792,1.99,2005-06-16 06:51:37
662,491,2,1850,5.99,2005-06-26 15:14:37
663,1,1,5149,7.99,2005-09-02 10:32:37
664,551,1,14423,6.99,2005-06-05 18:55:37
665,578,2,15087,1.99,2005-06-20 11:10:37
666,582,1,13863,0.99,2005-07-14 21:13:37
667,24,2,14695,7.99,2005-06-21 09:34:37
668,403,1,12805,6.99,2005-06-17 12:42:37
669,525,1,8788,0.99,2005-07-24 10:21:37
670,2,1,6320,0.99,2005-06-11 12:31:37
671,583,1,9888,4.99,2005-08-07 19:22:37
672,383,2,13961,8.99,2005-07-05 19:47:37
673,81,1,8198,0.99,2005-09-16 21:35:37
674,77,1,138,9.99,2005-07-20 07:32:37
675,362,2,11384,0.99,2005-09-08 13:11:37
676,596,1,4447,5.99,2005-08-23 19:44:37
677,101,2,3197,1.99,2005-08-04 01:22:37
678,20,2,546,1.99,2005-08-08 10:20:37
679,85,2,7640,1.99,2005-07-17 07:32:37
680,277,1,13002,4.99,2005-06-30 01:38:37
681,576,1,7073,2.99,2005-06-09 08:27:37
682,383,2,12446,8.99,2005-07-01 16:04:37
683,383,2,14021,2.99,2005-06-09 08:21:37
684,344,2,6815,3.99,2005-07-23 16:12:37
685,310,1,10997,2.99,2005-09-20 04:34:37
686,389,2,15957,4.99,2005-06-04 09:00:37
687,479,2,4567,1.99,2005-08-14 23:19:37
688,291,2,3205,1.99,2005-08-22 17:53:37
689,260,1,14284,6.99,2005-08-12 17:37:37
690,252,1,9223,3.99,2005-07-17 23:29:37
691,50,2,12319,0.99,2005-09-19 20:16:37
692,61,1,3122,8.99,2005-08-23 08:31:37
693,271,1,1956,2.99,2005-07-17 03:42:37
694,346,1,13896,4.99,2005-08-09 20:52:37
695,366,2,12419,2.99,2005-09-19 06:54:37
696,35,1,2182,7.99,2005-09-16 01:49:37
697,525,2,13083,9.99,2005-07-08 14:28:37
698,363,1,1864,0.99,2005-09-01 06:00:37
699,465,2,9898,3.99,2005-09-19 20:59:37
700,258,1,9369,7.99,2005-06-01 02:53:37
701,33,2,7339,5.99,2005-06-04 09:12:37
702,245,1,8052,2.99,2005-06-29 20:30:37
703,154,2,3617,1.99,2005-06-02 08:46:37
704,318,2,6928,9.99,2005-06-20 07:56:37
705,165,1,2378,3.99,2005-07-20 01:03:37
706,280,2,8115,7.99,2005-09-10 06:51:37
707,510,1,1265,6.99,2005-09-21 22:40:37
708,457,1,9929,9.99,2005-08-21 14:01:37
709,280,1,8566,8.99,2005-05-30 17:38:37
710,491,1,15123,8.99,2005-09-03 22:17:37
711,599,2,6645,1.99,2005-06-06 09:10:37
712,242,1,4573,2.99,2005-07-07 18:00:37
713,523,2,5194,7.99,2005-07-19 11:30:37
714,380,2,14065,8.99,2005-07-30 16:31:37
715,457,1,13682,1.99,2005-05-28 21:15:37
716,383,1,13237,6.99,2005-06-18 07:33:37
717,403,1,10208,6.99,2005-09-21 02:26:37
718,494,2,1575,3.99,2005-07-16 05:51:37
719,448,2,5163,5.99,2005-08-16 03:08:37
720,130,1,1202,3.99,2005-09-10 04:44:37
721,195,1,1494,2.99,2005-06-17 10:27:37
722,434,1,2595,5.99,2005-08-07 14:26:37
723,310,2,12400,6.99,2005-08-04 21:23:37
724,400,2,1478,5.99,2005-06-17 21:57:37
725,490,2,5760,0.99,2005-09-08 04:59:37
726,72,1,1860,2.99,2005-09-05 20:31:37
727,179,1,15720,0.99,2005-08-01 04:11:37
728,406,1,11603,2.99,2005-07-06 20:09:37
729,597,1,11978,9.99,2005-07-27 00:24:37
730,407,2,7562,7.99,2005-07-09 21:53:37
731,449,2,5764,7.99,2005-09-22 07:52:37
732,206,1,7141,6.99,2005-08-20 05:38:37
733,156,2,12816,5.99,2005-07-09 07:37:37
734,3,1,4145,3.99,2005-09-11 14:07:37
735,215,2,5288,1.99,2005-06-26 19:25:37
736,387,1,8896,3.99,2005-07-21 18:09:37
737,533,1,5617,8.99,2005-08-24 05:55:37
738,100,2,3541,0.99,2005-08-05 18:14:37
739,173,1,6502,0.99,2005-08-24 06:29:37
740,362,1,7186,4.99,2005-07-19 17:06:37
741,163,1,2563,8.99,2005-07-31 22:36:37
742,41,2,8564,1.99,2005-07-06 15:41:37
743,501,1,2939,6.99,2005-05-28 15:51:37
744,158,1,4337,7.99,2005-07-29 02:47:37
745,112,2,5690,2.99,2005-08-01 07:23:37
746,257,1,1806,0.99,2005-08-30 02:43:37
747,116,2,15009,3.99,2005-07-31 07:16:37
748,4,1,12442,4.99,2005-05-28 17:30:37
749,58,2,2618,0.99,2005-08-31 07:22:37
750,4,1,13832,7.99,2005-07-11 18:54:37
751,29,1,10111,2.99,2005-07-30 14:34:37
752,167,1,5335,9.99,2005-09-07 23:40:37
753,382,2,13909,5.99,2005-07-31 08:49:37
754,103,2,380,9.99,2005-08-29 19:41:37
755,415,1,9655,1.99,2005-07-24 20:27:37
756,117,1,3143,4.99,2005-06-09 10:19:37
757,333,2,559,9.99,2005-07-02 03:52:37
758,360,2,4281,8.99,2005-07-13 13:22:37
759,73,2,3780,7.99,2005-08-30 09:05:37
760,157,2,13215,3.99,2005-06-13 16:56:37
761,260,2,833,4.99,2005-09-17 00:07:37
762,72,2,944,4.99,2005-08-10 06:35:37
763,47,1,5043,0.99,2005-06-28 12:34:37
764,323,2,11613,3.99,2005-05-31 16:47:37
765,60,1,9054,1.99,2005-07-23 09:39:37
766,195,1,6679,4.99,2005-07-31 17:30:37
767,370,1,4257,1.99,2005-06-01 22:40:37
768,238,2,4495,8.99,2005-06-10 20:23:37
769,426,1,1755,8.99,2005-06-28 18:31:37
770,466,1,5319,1.99,2005-09-11 10:15:37
771,72,2,10091,7.99,2005-09-01 13:25:37
772,470,1,2497,9.99,2005-08-22 14:12:37
773,421,1,4539,3.99,2005-07-31 18:06:37
774,532,1,9137,2.99,2005-09-16 11:20:37
775,409,2,155,1.99,2005-08-01 21:46:37
776,367,2,2363,3.99,2005-07-01 11:25:37
777,521,2,14483,5.99,2005-06-19 18:34:37
778,126,1,13030,3.99,2005-08-12 14:43:37
779,355,1,7207,8.99,2005-06-04 12:36:37
780,315,1,13115,1.99,2005-08-15 21:35:37
781,380,1,413,2.99,2005-06-30 03:31:37
782,212,2,11745,7.99,2005-08-14 05:58:37
783,531,1,13381,9.99,2005-06-28 12:31:37
784,355,2,6899,2.99,2005-09-11 06:50:37
785,484,1,5965,5.99,2005-09-10 11:04:37
786,547,2,1342,3.99,2005-07-18 16:44:37
787,236,2,2647,4.99,2005-07-03 03:08:37
788,569,2,4191,3.99,2005-07-10 12:32:37
789,263,2,663,4.99,2005-09-07 04:02:37
790,349,1,3017,7.99,2005-08-28 09:28:37
791,247,2,8864,8.99,2005-09-03 05:41:37
792,588,1,12770,5.99,2005-06-18 04:21:37
793,61,1,2279,5.99,2005-09-12 23:58:37
794,115,1,15327,5.99,2005-07-30 04:18:37
795,214,2,10180,5.99,2005-08-22 04:02:37
796,140,2,8935,5.99,2005-06-29 07:57:37
797,199,1,13272,6.99,2005-09-20 03:58:37
798,150,1,4537,8.99,2005-07-07 22:43:37
799,425,2,3868,2.99,2005-06-04 21:07:37
800,173,1,615,4.99,2005-05-29 19:22:37
801,241,2,15101,6.99,2005-08-16 12:21:37
802,478,1,14919,5.99,2005-05-25 18:36:37
803,558,1,10818,3.99,2005-06-14 19:01:37
804,67,1,4425,1.99,2005-07-19 06:32:37
805,51,2,3236,9.99,2005-07-09 02:20:37
806,277,1,3803,6.99,2005-07-21 20:24:37
807,281,1,11343,0.99,2005-05-31 23:51:37
808,486,1,1384,8.99,2005-05-25 19:47:37
809,162,2,6868,2.99,2005-06-17 07:12:37
810,204,2,10384,6.99,2005-08-20 17:58:37
811,7,1,11412,6.99,2005-09-18 02:08:37
812,3,2,1858,3.99,2005-07-03 03:46:37
813,255,1,992,3.99,2005-06-27 00:41:37
814,406,2,6816,2.99,2005-07-29 15:37:37
815,350,1,7068,3.99,2005-06-26 09:17:37
816,556,1,2807,0.99,2005-08-22 02:45:37
817,58,1,13516,8.99,2005-06-09 22:24:37
818,368,2,4549,4.99,2005-08-17 17:50:37
819,377,1,6425,4.99,2005-07-14 23:55:37
820,305,2,981,0.99,2005-08-29 22:59:37
821,444,2,4979,5.99,2005-09-13 10:04:37
822,298,2,6760,4.99,2005-08-24 17:28:37
823,285,1,14167,5.99,2005-08-06 22:47:37
824,54,2,10197,3.99,2005-06-11 08:05:37
825,382,2,13050,3.99,2005-09-18 21:22:37
826,419,2,14703,7.99,2005-07-07 05:37:37
827,422,2,27,6.99,2005-06-29 21:32:37
828,311,1,8028,1.99,2005-05-26 16:09:37
829,68,2,3572,7.99,2005-06-05 11:21:37
830,480,2,1259,7.99,2005-08-29 14:16:37
831,111,2,12293,2.99,2005-08-19 15:53:37
832,477,2,10552,8.99,2005-07-12 00:37:37
833,362,1,2295,9.99,2005-06-20 17:05:37
834,179,2,250,2.99,2005-08-25 18:24:37
835,223,2,13828,4.99,2005-07-06 17:50:37
836,127,2,14975,2.99,2005-05-29 17:49:37
837,25,2,15033,6.99,2005-07-18 04:41:37
838,177,2,13472,5.99,2005-09-08 16:23:37
839,164,2,15869,9.99,2005-09-10 22:55:37
840,426,2,5479,0.99,2005-06-30 05:53:37
841,347,1,10543,1.99,2005-09-17 17:45:37
842,78,1,9230,3.99,2005-07-29 03:34:37
843,592,1,14653,4.99,2005-06-02 22:26:37
844,590,2,5608,1.99,2005-08-29 08:49:37
845,461,2,10498,1.99,2005-09-18 07:12:37
846,435,1,6425,9.99,2005-09-14 02:38:37
847,403,1,10029,3.99,2005-08-26 20:13:37
848,464,1,9021,2.99,2005-07-04 22:05:37
849,159,1,717,1.99,2005-07-10 09:51:37
850,290,2,2872,5.99,2005-09-10 19:45:37
851,503,2,8846,1.99,2005-09-02 06:48:37
852,318,2,12438,0.99,2005-07-30 02:29:37
853,101,1,14745,6.99,2005-07-06 13:57:37
854,525,1,12154,5.99,2005-08-18 05:41:37
855,296,1,12652,8.99,2005-09-21 23:26:37
856,549,1,1238,5.99,2005-08-12 18:14:37
857,350,1,2529,8.99,2005-07-02 19:48:37
858,497,1,15295,5.99,2005-06-23 07:27:37
859,95,2,9699,1.99,2005-05-26 13:32:37
860,167,2,2111,5.99,2005-06-11 12:45:37
861,49,2,1728,6.99,2005-09-04 04:47:37
862,52,2,11423,3.99,2005-07-15 08:09:37
863,112,2,5345,7.99,2005-08-13 11:15:37
864,131,1,6299,6.99,2005-06-14 03:48:37
865,170,1,4421,1.99,2005-06-30 13:14:37
866,251,2,13620,4.99,2005-06-04 03:34:37
867,117,2,11890,5.99,2005-06-24 19:35:37
868,91,2,12955,4.99,2005-06-05 23:21:37
869,222,2,785,6.99,2005-05-29 11:18:37
870,344,1,3313,1.99,2005-08-31 09:16:37
871,593,1,5571,5.99,2005-06-30 03:31:37
872,348,2,896,9.99,2005-07-03 16:37:37
873,137,1,11014,2.99,2005-08-02 08:32:37
874,79,2,11647,0.99,2005-08-15 18:07:37
875,274,2,7617,4.99,2005-07-19 18:39:37
876,189,1,14503,7.99,2005-08-31 08:17:37
877,39,2,12262,7.99,2005-08-27 03:50:37
878,581,2,14522,2.99,2005-05-29 05:21:37
879,410,2,8592,6.99,2005-07-14 20:37:37
880,71,2,7569,8.99,2005-09-10 11:24:37
881,5,2,6679,7.99,2005-05-30 17:34:37
882,484,2,5506,9.99,2005-08-05 17:59:37
883,9,2,3213,4.99,2005-08-06 19:07:37
884,503,1,2955,3.99,2005-07-17 03:26:37
885,247,1,13452,8.99,2005-08-17 22:27:37
886,442,1,7648,9.99,2005-07-20 07:22:37
887,396,1,11227,8.99,2005-06-10 02:36:37
888,7,1,7087,2.99,2005-08-13 17:40:37
889,249,1,6042,6.99,2005-08-04 13:53:37
890,401,2,402,8.99,2005-09-03 23:46:37
891,49,2,6966,1.99,2005-07-26 05:40:37
892,106,1,9013,3.99,2005-05-29 07:54:37
893,13,1,9671,0.99,2005-06-13 05:49:37
894,154,1,6194,8.99,2005-08-14 23:29:37
895,412,2,14952,2.99,2005-06-08 07:25:37
896,329,1,2218,1.99,2005-07-29 10:44:37
897,448,2,4745,5.99,2005-06-28 11:08:37
898,65,1,13764,6.99,2005-08-23 10:19:37
899,374,1,4490,8.99,2005-06-26 15:59:37
900,486,2,324,9.99,2005-05-27 22:58:37
901,234,1,14085,6.99,2005-08-30 14:00:37
902,171,1,4818,3.99,2005-07-23 20:04:37
903,152,1,9581,3.99,2005-09-07 14:25:37
904,575,2,5124,2.99,2005-08-30 05:26:37
905,111,1,10349,2.99,2005-07-27 16:13:37
906,574,2,1169,9.99,2005-09-07 18:50:37
907,574,2,7075,7.99,2005-09-05 09:03:37
908,333,1,8776,1.99,2005-07-08 00:55:37
909,364,2,5737,0.99,2005-07-05 00:36:37
910,489,2,2263,9.99,2005-06-15 07:47:37
911,57,2,7052,0.99,2005-08-29 01:30:37
912,527,2,7687,9.99,2005-09-03 21:07:37
913,511,1,1721,1.99,2005-08-08 17:51:37
914,253,2,14967,5.99,2005-08-22 16:38:37
915,195,1,13132,6.99,2005-05-30 17:57:37
916,539,1,2353,5.99,2005-09-18 22:13:37
917,408,2,743,4.99,2005-06-17 23:27:37
918,334,1,12864,5.99,2005-08-03 10:10:37
919,485,2,7514,0.99,2005-07-07 08:03:37
920,347,2,4423,7.99,2005-06-08 16:27:37
921,594,2,9475,6.99,2005-09-07 02:14:37
922,502,2,634,5.99,2005-08-25 16:16:37
923,160,1,2223,4.99,2005-07-03 05:35:37
924,360,2,8389,6.99,2005-08-01 15:36:37
925,131,2,11249,0.99,2005-06-30 12:03:37
926,44,1,14055,7.99,2005-07-03 10:28:37
927,372,1,7946,5.99,2005-08-16 05:48:37
928,386,1,5081,7.99,2005-07-10 07:53:37
929,170,1,814,2.99,2005-07-19 03:07:37
930,70,1,7706,4.99,2005-06-14 15:41:37
931,483,1,12288,0.99,2005-09-05 14:28:37
932,150,1,519,8.99,2005-07-11 06:04:37
933,380,1,4400,9.99,2005-06-11 16:17:37
934,87,2,6722,8.99,2005-06-29 20:00:37
935,55,1,1898,5.99,2005-08-04 14:20:37
936,524,2,12808,5.99,2005-08-23 20:31:37
937,24,1,6419,0.99,2005-09-04 12:58:37
938,572,1,8629,0.99,2005-05-27 21:09:37
939,262,1,2126,5.99,2005-08-25 22:39:37
940,8,2,6186,7.99,2005-08-15 05:15:37
941,500,1,6499,3.99,2005-08-26 05:36:37
942,484,1,12867,4.99,2005-07-01 11:38:37
943,485,2,7678,5.99,2005-08-19 15:56:37
944,123,2,15307,9.99,2005-09-15 07:31:37
945,63,1,4292,1.99,2005-07-02 04:37:37
946,438,1,10093,2.99,2005-08-11 01:07:37
947,197,1,2008,4.99,2005-07-19 11:42:37
948,200,2,3773,9.99,2005-07-31 19:07:37
949,486,1,6684,8.99,2005-09-09 13:12:37
950,3,2,4184,9.99,2005-06-30 11:34:37
951,269,2,4932,0.99,2005-08-08 07:22:37
952,201,2,8429,4.99,2005-09-06 07:16:37
953,65,1,3657,7.99,2005-07-12 23:25:37
954,409,1,6752,7.99,2005-07-23 09:49:37
955,477,2,7348,1.99,2005-05-25 14:23:37
956,35,2,14103,9.99,2005-07-27 05:58:37
957,373,2,5733,0.99,2005-06-25 10:23:37
958,301,1,3971,8.99,2005-07-27 15:15:37
959,382,2,5044,1.99,2005-09-09 01:02:37
960,578,1,5156,8.99,2005-08-18 08:33:37
961,63,1,13011,8.99,2005-08-22 21:33:37
962,193,1,11649,2.99,2005-09-22 21:47:37
963,499,1,4177,4.99,2005-09-18 13:55:37
964,25,2,12891,6.99,2005-06-19 10:09:37
965,494,1,3015,5.99,2005-05-31 07:53:37
966,410,1,139,7.99,2005-08-20 03:48:37
967,494,2,14553,8.99,2005-06-09 16:37:37
968,514,1,5861,7.99,2005-08-26 02:33:37
969,470,1,4045,5.99,2005-07-25 20:59:37
970,17,2,10846,9.99,2005-08-04 08:38:37
971,464,1,11082,2.99,2005-07-14 13:43:37
972,585,2,12079,0.99,2005-08-17 00:28:37
973,585,2,13170,2.99,2005-06-20 20:23:37
974,258,2,4082,2.99,2005-07-01 07:17:37
975,31,1,14963,5.99,2005-07-07 10:34:37
976,485,2,7707,3.99,2005-07-28 08:18:37
977,67,1,7359,8.99,2005-09-08 23:33:37
978,429,2,10728,3.99,2005-08-01 16:50:37
979,297,1,775,1.99,2005-06-28 22:25:37
980,399,2,8522,3.99,2005-07-30 08:39:37
981,89,1,14917,6.99,2005-07-23 13:49:37
982,155,2,6182,4.99,2005-06-29 04:50:37
983,226,1,2922,7.99,2005-08-23 04:48:37
984,143,1,3893,2.99,2005-07-16 08:56:37
985,407,2,7651,3.99,2005-08-12 09:04:37
986,309,2,10760,0.99,2005-06-12 11:44:37
987,384,2,10942,9.99,2005-08-16 01:47:37
988,334,1,8924,8.99,2005-06-12 08:24:37
989,545,2,7289,0.99,2005-06-20 08:04:37
990,521,2,1427,6.99,2005-09-06 06:21:37
991,315,2,11422,5.99,2005-08-19 13:05:37
992,461,2,3839,7.99,2005-06-29 14:37:37
993,347,2,8606,5.99,2005-05-30 03:06:37
994,32,1,130,9.99,2005-06-13 03:16:37
995,452,2,5743,8.99,2005-09-01 21:31:37
996,502,2,3545,4.99,2005-08-26 18:38:37
997,76,1,5180,9.99,2005-08-19 21:47:37
998,592,2,2242,8.99,2005-06-07 17:58:37
999,177,2,10172,5.99,2005-07-15 06:30:37
1000,580,2,14755,4.99,2005-08-21 14:14:37
1001,46,1,1086,2.99,2005-07-05 23:25:37
1002,1,2,450,4.99,2005-06-18 23:16:37
1003,25,1,49,7.99,2005-06-15 01:02:37
1004,85,2,14051,3.99,2005-07-22 13:39:37
1005,200,1,7258,9.99,2005-07-09 01:24:37
1006,142,1,8981,7.99,2005-08-29 00:47:37
1007,12,2,1930,2.99,2005-07-05 17:25:37
1008,398,2,12075,5.99,2005-07-28 16:26:37
1009,437,1,14484,8.99,2005-07-06 06:10:37
1010,169,2,7205,8.99,2005-09-15 08:18:37
1011,88,1,15228,3.99,2005-05-26 16:37:37
1012,588,2,2329,1.99,2005-09-08 17:10:37
1013,292,2,6961,8.99,2005-07-07 11:00:37
1014,528,2,14555,4.99,2005-08-28 03:14:37
1015,19,2,5980,4.99,2005-07-11 14:01:37
1016,284,2,2721,5.99,2005-09-17 07:14:37
1017,262,2,11441,4.99,2005-07-29 11:17:37
1018,525,1,161,5.99,2005-09-08 18:45:37
1019,471,1,15067,2.99,2005-08-08 21:27:37
1020,51,2,11808,4.99,2005-06-07 14:30:37
1021,537,1,4917,4.99,2005-06-14 05:56:37
1022,539,1,15740,2.99,2005-08-10 09:39:37
1023,393,1,13242,5.99,2005-09-02 18:11:37
1024,457,1,4734,3.99,2005-07-16 06:51:37
1025,591,2,15725,4.99,2005-09-05 06:28:37
1026,450,2,2936,7.99,2005-07-29 07:23:37
1027,508,2,15758,9.99,2005-07-18 06:55:37
1028,246,2,15602,2.99,2005-09-11 18:38:37
1029,21,1,1175,7.99,2005-09-18 14:24:37
1030,131,1,13157,7.99,2005-06-13 16:24:37
1031,395,2,12747,2.99,2005-07-16 07:24:37
1032,164,1,5351,9.99,2005-05-26 10:04:37
1033,40,1,2353,9.99,2005-07-20 08:13:37
1034,415,1,15796,5.99,2005-08-22 11:07:37
1035,574,1,3348,2.99,2005-08-09 00:15:37
1036,161,1,15813,4.99,2005-07-27 17:15:37
1037,419,2,12028,9.99,2005-06-14 19:39:37
1038,595,2,13545,7.99,2005-07-03 16:28:37
1039,320,2,11622,6.99,2005-09-02 17:48:37
1040,91,1,11201,3.99,2005-07-13 07:17:37
1041,497,1,7491,9.99,2005-08-09 10:29:37
1042,222,1,9725,5.99,2005-08-09 23:27:37
1043,293,1,9358,2.99,2005-07-05 06:14:37
1044,221,1,12454,6.99,2005-09-15 22:02:37
1045,369,1,9390,7.99,2005-07-26 19:39:37
1046,307,1,12390,7.99,2005-06-23 10:39:37
1047,345,1,2160,1.99,2005-08-30 20:09:37
1048,456,1,1394,0.99,2005-05-30 12:57:37
1049,539,2,3728,6.99,2005-07-25 22:15:37
1050,110,1,12781,1.99,2005-06-10 07:28:37
1051,592,2,9396,1.99,2005-09-01 01:17:37
1052,86,2,8088,1.99,2005-06-06 09:21:37
1053,562,1,11243,4.99,2005-06-30 04:06:37
1054,412,2,329,7.99,2005-07-27 20:53:37
1055,59,1,1186,6.99,2005-07-31 04:16:37
1056,183,2,15454,2.99,2005-07-24 04:15:37
1057,30,2,8834,4.99,2005-08-01 08:44:37
1058,314,1,10392,8.99,2005-06-05 19:48:37
1059,163,2,6100,2.99,2005-06-14 20:32:37
1060,182,1,7382,5.99,2005-06-18 13:07:37
1061,598,2,3875,8.99,2005-05-29 08:08:37
1062,487,1,4929,9.99,2005-07-25 15:04:37
1063,146,1,13431,4.99,2005-07-02 22:31:37
1064,561,2,15205,3.99,2005-06-27 05:14:37
1065,179,1,13996,3.99,2005-09-02 02:01:37
1066,215,1,606,0.99,2005-07-26 02:57:37
1067,58,1,5076,6.99,2005-06-24 22:33:37
1068,3,2,1444,8.99,2005-08-07 01:33:37
1069,93,1,7642,7.99,2005-06-12 09:00:37
1070,228,1,9733,6.99,2005-07-28 13:23:37
1071,12,2,6217,8.99,2005-09-01 01:20:37
1072,306,2,10669,0.99,2005-06-24 03:47:37
1073,281,2,7736,2.99,2005-05-26 22:42:37
1074,68,2,4826,3.99,2005-08-27 10:12:37
1075,383,2,15598,7.99,2005-07-15 16:29:37
1076,494,2,1030,7.99,2005-05-28 17:08:37
1077,397,2,12072,9.99,2005-06-19 17:24:37
1078,391,1,7618,5.99,2005-08-04 04:24:37
1079,143,1,7229,0.99,2005-08-08 15:22:37
1080,553,2,4624,8.99,2005-07-25 19:08:37
1081,48,1,6653,9.99,2005-06-24 00:56:37
1082,450,2,7367,5.99,2005-08-21 07:29:37
1083,351,1,3311,8.99,2005-07-24 13:05:37
1084,369,2,12156,3.99,2005-06-06 06:14:37
1085,72,1,1372,7.99,2005-09-12 18:04:37
1086,424,1,8523,3.99,2005-06-08 21:59:37
1087,323,2,7657,9.99,2005-07-03 08:50:37
1088,118,1,15753,0.99,2005-06-22 12:57:37
1089,482,2,9420,1.99,2005-08-29 05:07:37
1090,51,1,13812,8.99,2005-07-28 21:22:37
1091,262,2,7972,3.99,2005-08-07 13:34:37
1092,373,1,7996,7.99,2005-09-09 21:25:37
1093,230,1,11123,6.99,2005-06-19 14:24:37
1094,242,2,3057,3.99,2005-08-24 07:57:37
1095,371,2,1360,7.99,2005-07-21 22:15:37
1096,244,1,10124,6.99,2005-09-18 20:40:37
1097,226,1,6025,9.99,2005-07-01 05:12:37
1098,162,1,2252,3.99,2005-07-01 10:32:37
1099,438,1,703,8.99,2005-06-24 01:30:37
1100,398,1,15874,4.99,2005-09-16 15:28:37
1101,371,1,984,2.99,2005-08-21 04:31:37
1102,513,2,6953,4.99,2005-06-12 05:50:37
1103,269,2,7346,1.99,2005-07-23 05:10:37
1104,107,2,11951,7.99,2005-08-25 16:12:37
1105,405,1,7813,3.99,2005-07-30 05:09:37
1106,64,1,1249,5.99,2005-06-25 12:22:37
1107,295,2,6831,0.99,2005-09-08 02:42:37
1108,282,2,3931,4.99,2005-07-17 18:56:37
1109,285,1,8511,9.99,2005-07-29 18:40:37
1110,257,2,1392,6.99,2005-05-29 03:50:37
1111,519,1,9392,2.99,2005-08-20 07:11:37
1112,586,1,10018,8.99,2005-07-27 22:42:37
1113,512,1,14302,1.99,2005-07-15 17:07:37
1114,457,2,10035,7.99,2005-08-17 03:33:37
1115,398,1,7863,8.99,2005-09-19 08:06:37
1116,91,2,3885,7.99,2005-07-25 05:59:37
1117,598,2,1025,0.99,2005-09-01 11:04:37
1118,423,1,8046,6.99,2005-07-23 04:36:37
1119,499,2,8167,0.99,2005-06-07 01:48:37
1120,588,1,810,5.99,2005-08-09 02:12:37
1121,349,2,6071,9.99,2005-07-19 15:15:37
1122,385,2,11136,8.99,2005-08-20 23:27:37
1123,87,2,3886,4.99,2005-06-13 23:49:37
1124,420,2,11251,3.99,2005-06-09 15:31:37
1125,463,1,7382,1.99,2005-07-10 07:37:37
1126,328,1,10842,0.99,2005-08-03 19:41:37
1127,239,2,2346,3.99,2005-06-10 20:20:37
1128,88,2,1374,4.99,2005-06-06 21:22:37
1129,549,2,8487,3.99,2005-09-17 05:22:37
1130,329,1,10998,3.99,2005-08-08 08:05:37
1131,519,2,7198,5.99,2005-06-13 14:48:37
1132,551,2,224,9.99,2005-09-02 16:07:37
1133,123,1,11630,2.99,2005-07-22 17:07:37
1134,268,1,11170,6.99,2005-08-04 19:21:37
1135,348,1,530,5.99,2005-07-26 16:46:37
1136,145,2,14258,9.99,2005-06-26 01:29:37
1137,74,2,5434,1.99,2005-08-01 16:50:37
1138,515,2,1253,1.99,2005-08-06 10:55:37
1139,252,2,15139,5.99,2005-08-30 21:50:37
1140,57,2,7588,3.99,2005-09-15 20:27:37
1141,442,2,5366,2.99,2005-08-13 02:49:37
1142,379,1,8336,0.99,2005-06-04 00:13:37
1143,300,2,6224,9.99,2005-06-27 08:19:37
1144,530,2,5815,4.99,2005-06-10 02:31:37
1145,320,2,12820,6.99,2005-09-10 20:37:37
1146,75,2,14456,9.99,2005-07-04 14:17:37
1147,237,1,8864,7.99,2005-09-17 02:05:37
1148,16,1,6370,6.99,2005-07-22 15:21:37
1149,534,2,12505,5.99,2005-09-19 18:35:37
1150,295,2,6366,1.99,2005-06-10 01:52:37
1151,127,1,15720,9.99,2005-08-25 11:59:37
1152,313,2,11587,1.99,2005-05-30 22:00:37
1153,468,1,15317,4.99,2005-06-22 17:43:37
1154,463,1,6584,3.99,2005-08-30 04:24:37
1155,422,1,8799,8.99,2005-05-27 17:18:37
1156,359,1,11791,7.99,2005-06-06 19:52:37
1157,98,1,5500,9.99,2005-09-07 02:12:37
1158,191,1,12313,8.99,2005-07-03 14:56:37
1159,219,2,9177,9.99,2005-07-06 02:19:37
1160,392,1,5923,0.99,2005-06-21 03:40:37
1161,590,1,11100,1.99,2005-09-12 08:06:37
1162,39,1,7004,9.99,2005-06-06 15:53:37
1163,428,2,14887,6.99,2005-06-03 20:43:37
1164,508,1,12127,7.99,2005-08-27 01:00:37
1165,530,2,14440,6.99,2005-09-10 23:50:37
1166,134,1,12149,4.99,2005-06-28 06:48:37
1167,301,1,445,2.99,2005-07-11 22:26:37
1168,236,1,5458,1.99,2005-07-03 09:38:37
1169,35,2,5913,1.99,2005-07-01 13:40:37
1170,57,2,4646,2.99,2005-08-13 12:59:37
1171,423,1,4232,7.99,2005-07-30 09:50:37
1172,17,2,8345,3.99,2005-06-09 00:59:37
1173,319,2,8160,5.99,2005-08-02 15:39:37
1174,84,1,4714,9.99,2005-08-21 13:54:37
1175,359,2,611,7.99,2005-07-10 22:11:37
1176,163,1,5492,7.99,2005-05-28 05:31:37
1177,125,2,11996,1.99,2005-07-29 04:03:37
1178,586,2,10067,0.99,2005-09-05 19:03:37
1179,469,2,13291,8.99,2005-09-01 09:55:37
1180,593,1,10449,7.99,2005-06-09 06:45:37
1181,290,1,12901,5.99,2005-07-13 15:25:37
1182,324,2,12467,1.99,2005-07-17 08:07:37
1183,574,1,10359,5.99,2005-06-08 13:59:37
1184,64,2,15345,2.99,2005-09-06 01:43:37
1185,220,1,7275,4.99,2005-09-09 18:59:37
1186,369,2,8422,4.99,2005-06-17 02:44:37
1187,254,1,10012,3.99,2005-06-06 06:31:37
1188,43,1,3381,9.99,2005-08-16 05:52:37
1189,391,2,5673,5.99,2005-07-29 04:40:37
1190,270,1,12444,5.99,2005-07-30 14:50:37
1191,352,1,1261,9.99,2005-07-23 17:10:37
1192,278,1,13237,7.99,2005-08-29 15:47:37
1193,55,1,6796,2.99,2005-07-27 14:27:37
1194,585,1,14378,6.99,2005-09-13 13:28:37
1195,436,2,13461,5.99,2005-08-15 03:59:37
1196,531,1,964,1.99,2005-07-28 03:41:37
1197,309,2,12695,7.99,2005-07-28 08:51:37
1198,49,1,5405,0.99,2005-05-26 21:06:37
1199,569,1,4480,5.99,2005-06-16 05:14:37
1200,290,2,3463,1.99,2005-07-24 06:42:37
1201,67,1,204,0.99,2005-07-16 05:57:37
1202,386,1,14667,3.99,2005-06-17 02:08:37
1203,298,2,8440,6.99,2005-07-02 08:26:37
1204,569,2,10032,3.99,2005-09-21 21:31:37
1205,325,2,9998,0.99,2005-06-02 15:28:37
1206,593,1,309,5.99,2005-08-06 14:48:37
1207,47,1,2834,9.99,2005-06-05 14:29:37
1208,290,2,7260,1.99,2005-09-15 17:39:37
1209,350,1,10466,4.99,2005-07-02 21:36:37
1210,318,1,5738,1.99,2005-07-20 04:00:37
1211,107,2,1196,7.99,2005-08-21 03:22:37
1212,250,1,5752,8.99,2005-07-08 12:33:37
1213,531,1,13619,1.99,2005-09-09 06:54:37
1214,562,1,2471,2.99,2005-08-20 16:02:37
1215,45,2,13934,6.99,2005-07-13 22:48:37
1216,110,1,7750,2.99,2005-08-10 17:40:37
1217,563,1,8721,9.99,2005-07-10 12:08:37
1218,73,2,15900,5.99,2005-09-06 13:44:37
1219,84,2,6595,9.99,2005-07-15 18:50:37
1220,378,1,4210,9.99,2005-08-02 06:12:37
1221,475,1,14656,2.99,2005-07-27 17:29:37
1222,44,2,5474,3.99,2005-06-14 09:27:37
1223,186,2,801,5.99,2005-07-09 12:32:37
1224,275,1,3481,2.99,2005-09-19 06:48:37
1225,482,1,15947,8.99,2005-06-29 09:49:37
1226,86,1,5459,3.99,2005-09-06 16:34:37
1227,186,1,10645,2.99,2005-07-14 20:49:37
1228,367,1,6599,1.99,2005-08-17 02:50:37
1229,176,2,332,5.99,2005-07-15 03:46:37
1230,198,1,8246,8.99,2005-09-19 02:40:37
1231,480,2,3190,5.99,2005-09-02 10:38:37
1232,2,2,15438,5.99,2005-07-17 10:41:37
1233,42,2,10218,6.99,2005-06-29 11:20:37
1234,229,1,12660,4.99,2005-08-01 07:28:37
1235,433,1,6123,4.99,2005-08-25 15:18:37
1236,302,1,10751,8.99,2005-08-15 15:47:37
1237,86,1,201,9.99,2005-08-17 12:45:37
1238,458,2,4406,6.99,2005-08-09 18:55:37
1239,234,1,1064,2.99,2005-06-15 14:46:37
1240,243,2,1395,6.99,2005-09-03 21:03:37
1241,222,2,11794,5.99,2005-08-31 00:44:37
1242,157,2,7583,8.99,2005-08-21 05:27:37
1243,164,1,12458,1.99,2005-09-02 20:36:37
1244,481,2,9613,5.99,2005-05-27 12:14:37
1245,287,2,4830,8.99,2005-08-18 03:53:37
1246,546,2,1314,8.99,2005-08-25 15:37:37
1247,380,2,6602,4.99,2005-07-18 18:37:37
1248,284,1,8780,0.99,2005-09-21 22:04:37
1249,218,1,1521,7.99,2005-07-29 23:16:37
1250,510,1,15955,0.99,2005-05-29 00:51:37
1251,340,2,4799,0.99,2005-06-20 10:40:37
1252,7,1,722,5.99,2005-08-17 01:30:37
1253,369,2,13759,7.99,2005-06-24 07:02:37
1254,242,2,739,2.99,2005-08-15 20:16:37
1255,253,1,7045,4.99,2005-08-25 06:24:37
1256,369,1,14923,7.99,2005-07-20 20:51:37
1257,568,1,3339,8.99,2005-09-10 05:44:37
1258,251,1,4902,7.99,2005-08-23 06:39:37
1259,424,1,13773,5.99,2005-08-10 21:05:37
1260,462,2,2474,9.99,2005-09-03 14:29:37
1261,303,2,15128,7.99,2005-07-15 15:57:37
1262,562,2,5786,7.99,2005-08-02 00:30:37
1263,168,1,10217,0.99,2005-09-18 05:24:37
1264,597,1,3859,8.99,2005-05-27 05:40:37
1265,266,1,14783,0.99,2005-08-15 17:24:37
1266,126,1,197,3.99,2005-08-09 05:16:37
1267,249,1,11895,0.99,2005-09-04 01:59:37
1268,283,2,14635,8.99,2005-07-07 14:00:37
1269,513,2,15080,4.99,2005-07-15 17:59:37
1270,470,1,11806,8.99,2005-07-01 13:34:37
1271,462,2,11452,3.99,2005-05-29 15:04:37
1272,344,1,12216,1.99,2005-06-16 04:28:37
1273,322,1,2749,3.99,2005-06-11 20:51:37
1274,396,1,14256,1.99,2005-07-16 18:07:37
1275,36,1,2942,5.99,2005-07-23 22:12:37
1276,535,1,8795,3.99,2005-09-18 09:46:37
1277,122,1,3995,2.99,2005-08-04 23:44:37
1278,258,2,9046,1.99,2005-08-17 04:36:37
1279,331,2,2308,6.99,2005-09-07 10:00:37
1280,296,2,10252,6.99,2005-06-26 18:08:37
1281,486,2,1,1.99,2005-07-20 12:57:37
1282,536,2,15123,8.99,2005-08-24 21:07:37
1283,265,2,5885,8.99,2005-08-19 01:50:37
1284,224,1,11562,0.99,2005-09-21 06:12:37
1285,360,2,8961,3.99,2005-06-25 02:07:37
1286,564,2,15580,2.99,2005-08-12 03:09:37
1287,112,1,12245,1.99,2005-08-02 08:33:37
1288,575,1,14262,5.99,2005-08-15 18:56:37
1289,132,1,1632,4.99,2005-07-01 04:47:37
1290,18,1,8263,5.99,2005-08-27 11:59:37
1291,34,1,9324,0.99,2005-09-16 03:41:37
1292,122,2,15810,4.99,2005-09-09 03:08:37
1293,203,2,12215,5.99,2005-06-30 16:13:37
1294,171,2,11726,3.99,2005-09-11 19:39:37
1295,490,1,9664,7.99,2005-09-09 01:24:37
1296,526,1,8092,7.99,2005-08-08 17:30:37
1297,193,1,1156,4.99,2005-06-05 03:11:37
1298,428,2,14945,4.99,2005-09-03 06:16:37
1299,316,2,11549,0.99,2005-07-02 11:53:37
1300,425,1,10133,0.99,2005-06-07 04:57:37
1301,217,1,13324,6.99,2005-09-15 04:27:37
1302,452,2,14648,8.99,2005-08-19 22:36:37
1303,297,2,4924,0.99,2005-08-26 14:51:37
1304,275,2,11394,3.99,2005-06-21 03:06:37
1305,440,1,6805,9.99,2005-09-12 16:51:37
1306,298,1,12798,8.99,2005-06-03 07:16:37
1307,115,2,3475,6.99,2005-08-01 17:42:37
1308,427,1,15279,3.99,2005-08-06 14:24:37
1309,283,1,6064,7.99,2005-06-03 19:31:37
1310,131,1,13290,8.99,2005-06-23 06:29:37
1311,342,2,2457,7.99,2005-07-04 00:45:37
1312,586,1,11220,6.99,2005-07-05 20:31:37
1313,70,1,10570,3.99,2005-06-08 21:31:37
1314,588,1,2960,9.99,2005-07-20 06:28:37
1315,191,1,12861,3.99,2005-07-28 16:38:37
1316,489,2,9991,2.99,2005-07-29 02:59:37
1317,376,2,964,7.99,2005-09-18 10:36:37
1318,11,1,7995,1.99,2005-07-01 11:05:37
1319,54,2,11415,8.99,2005-09-01 19:09:37
1320,64,2,5122,8.99,2005-06-16 08:48:37
1321,403,1,290,5.99,2005-08-31 23:51:37
1322,444,1,4239,5.99,2005-08-25 07:48:37
1323,132,1,3501,2.99,2005-06-24 01:13:37
1324,498,2,6777,7.99,2005-07-06 08:01:37
1325,468,2,14696,7.99,2005-06-09 06:50:37
1326,80,1,8502,4.99,2005-07-17 16:50:37
1327,506,1,5711,0.99,2005-07-15 20:23:37
1328,357,1,9344,9.99,2005-07-04 01:20:37
1329,75,2,14023,4.99,2005-08-18 07:27:37
1330,230,1,11821,6.99,2005-06-03 09:35:37
1331,494,2,11870,7.99,2005-07-02 21:29:37
1332,278,1,10300,9.99,2005-07-22 02:41:37
1333,384,1,13362,7.99,2005-06-21 23:30:37
1334,530,2,437,7.99,2005-07-12 20:57:37
1335,60,2,6974,3.99,2005-07-13 07:16:37
1336,248,2,2222,0.99,2005-06-18 08:09:37
1337,317,1,8675,2.99,2005-06-18 06:14:37
1338,9,2,13468,8.99,2005-07-18 13:26:37
1339,20,2,803,9.99,2005-09-21 23:51:37
1340,268,1,9159,0.99,2005-09-02 20:43:37
1341,295,2,12642,0.99,2005-08-11 19:51:37
1342,254,1,8522,2.99,2005-08-08 04:35:37
1343,429,2,8211,9.99,2005-08-21 06:52:37
1344,78,1,1460,2.99,2005-07-03 18:34:37
1345,15,2,2309,3.99,2005-07-08 00:01:37
1346,126,1,13004,8.99,2005-08-22 01:06:37
1347,136,2,11417,3.99,2005-08-30 18:13:37
1348,367,1,2035,1.99,2005-08-04 07:51:37
1349,363,2,13204,3.99,2005-05-31 17:53:37
1350,310,1,13480,2.99,2005-06-19 01:00:37
1351,326,2,2239,9.99,2005-06-25 06:24:37
1352,342,1,13374,5.99,2005-05-26 19:54:37
1353,546,1,4093,7.99,2005-08-14 15:06:37
1354,213,2,7892,6.99,2005-07-01 17:12:37
1355,79,2,1886,6.99,2005-08-20 16:34:37
1356,215,2,1830,3.99,2005-06-03 21:32:37
1357,191,2,12744,0.99,2005-09-14 11:06:37
1358,222,2,7715,5.99,2005-07-13 08:41:37
1359,428,2,5097,9.99,2005-08-01 15:56:37
1360,305,2,14663,2.99,2005-06-08 20:03:37
1361,18,1,7112,5.99,2005-08-19 00:32:37
1362,598,2,10293,3.99,2005-06-20 14:15:37
1363,172,2,1244,3.99,2005-07-04 09:08:37
1364,204,2,6296,5.99,2005-06-26 02:18:37
1365,164,2,11871,8.99,2005-08-10 12:50:37
1366,266,1,15004,6.99,2005-07-04 15:12:37
1367,570,2,8899,3.99,2005-06-06 03:43:37
1368,48,2,15644,7.99,2005-07-21 09:11:37
1369,207,1,1336,4.99,2005-09-19 17:13:37
1370,490,2,9379,5.99,2005-05-31 22:20:37
1371,359,1,10083,9.99,2005-08-21 09:53:37
1372,73,2,2765,1.99,2005-09-14 01:41:37
1373,27,2,55,1.99,2005-06-12 02:35:37
1374,592,2,4003,3.99,2005-09-14 10:37:37
1375,464,2,12182,0.99,2005-06-24 20:58:37
1376,416,1,12943,7.99,2005-09-20 18:43:37
1377,128,2,4367,0.99,2005-08-11 00:16:37
1378,82,2,6467,9.99,2005-08-27 05:06:37
1379,174,1,10044,8.99,2005-09-15 17:50:37
1380,520,1,2090,6.99,2005-06-20 04:51:37
1381,251,1,7056,1.99,2005-07-07 08:16:37
1382,564,2,5098,2.99,2005-07-19 20:08:37
1383,233,1,2159,4.99,2005-08-10 07:54:37
1384,580,1,15007,0.99,2005-05-31 08:50:37
1385,299,1,6113,4.99,2005-08-31 22:13:37
1386,231,2,11910,4.99,2005-09-08 07:50:37
1387,241,1,8288,4.99,2005-09-11 03:58:37
1388,35,2,2914,5.99,2005-09-05 09:57:37
1389,10,2,1952,3.99,2005-09-22 21:56:37
1390,501,2,13727,6.99,2005-09-16 09:30:37
1391,236,1,1019,7.99,2005-05-28 13:03:37
1392,523,1,9054,1.99,2005-06-15 07:56:37
1393,88,1,13759,9.99,2005-07-21 17:52:37
1394,275,2,1854,8.99,2005-07-14 09:03:37
1395,223,2,13402,9.99,2005-08-28 23:09:37
1396,362,1,12904,8.99,2005-09-10 08:38:37
1397,52,2,2549,8.99,2005-07-31 12:11:37
1398,442,2,10776,4.99,2005-08-12 03:26:37
1399,463,2,14388,6.99,2005-06-12 11:00:37
1400,454,2,2990,3.99,2005-07-12 06:02:37
1401,49,1,2473,5.99,2005-07-10 16:52:37
1402,38,2,734,8.99,2005-09-12 09:08:37
1403,398,1,8032,1.99,2005-09-04 05:19:37
1404,102,2,3192,7.99,2005-09-10 02:49:37
1405,497,2,7132,1.99,2005-06-21 15:09:37
1406,566,2,14048,2.99,2005-07-14 01:12:37
1407,594,2,12329,2.99,2005-06-09 07:35:37
1408,339,2,3900,5.99,2005-05-31 05:24:37
1409,88,2,13476,4.99,2005-08-03 12:44:37
1410,590,2,10933,6.99,2005-08-22 11:13:37
1411,388,2,13978,4.99,2005-06-14 13:40:37
1412,34,1,8029,7.99,2005-08-26 16:45:37
1413,172,1,9840,1.99,2005-07-17 05:17:37
1414,337,1,12325,8.99,2005-07-26 22:30:37
1415,150,1,9072,3.99,2005-09-09 21:25:37
1416,37,1,2066,8.99,2005-08-05 04:35:37
1417,315,1,11820,8.99,2005-09-01 11:11:37
1418,240,1,8027,2.99,2005-06-23 09:35:37
1419,354,1,9574,6.99,2005-08-11 16:18:37
1420,206,2,5945,8.99,2005-09-05 19:43:37
1421,497,1,4818,8.99,2005-05-27 04:32:37
1422,417,1,383,7.99,2005-07-24 19:21:37
1423,12,1,1552,6.99,2005-07-20 07:58:37
1424,161,2,3604,9.99,2005-07-31 17:40:37
1425,243,1,14725,9.99,2005-08-09 23:04:37
1426,350,1,7159,2.99,2005-06-19 13:23:37
1427,43,2,15247,1.99,2005-09-07 09:49:37
1428,522,1,3747,3.99,2005-07-26 06:03:37
1429,571,1,14647,4.99,2005-07-16 07:47:37
1430,399,1,11988,8.99,2005-09-03 17:56:37
1431,519,2,6949,2.99,2005-08-29 00:41:37
1432,575,1,12611,6.99,2005-07-04 08:02:37
1433,56,2,8937,1.99,2005-08-19 12:07:37
1434,75,2,12352,7.99,2005-06-17 01:54:37
1435,280,1,4452,0.99,2005-08-15 08:30:37
1436,374,2,2429,7.99,2005-06-15 20:29:37
1437,480,1,12079,1.99,2005-09-23 06:04:37
1438,253,1,12075,1.99,2005-06-27 07:14:37
1439,71,2,7456,5.99,2005-09-21 05:59:37
1440,43,2,10832,6.99,2005-09-19 23:58:37
1441,530,1,6423,5.99,2005-08-12 02:49:37
1442,244,1,10951,1.99,2005-09-05 07:32:37
1443,8,2,14471,4.99,2005-06-04 18:00:37
1444,83,2,1938,2.99,2005-08-03 00:13:37
1445,371,1,7229,0.99,2005-06-21 14:02:37
1446,470,1,9335,6.99,2005-06-14 22:12:37
1447,388,2,6557,1.99,2005-09-17 21:33:37
1448,590,2,3914,8.99,2005-06-27 11:14:37
1449,431,1,5448,0.99,2005-06-11 02:17:37
1450,563,1,2531,6.99,2005-08-21 23:43:37
1451,104,1,12530,9.99,2005-09-05 06:59:37
1452,542,2,1104,6.99,2005-06-01 04:08:37
1453,183,1,2412,9.99,2005-06-12 05:33:37
1454,44,1,8861,0.99,2005-09-02 10:12:37
1455,330,1,8246,2.99,2005-09-16 07:18:37
1456,272,1,15460,4.99,2005-06-14 18:18:37
1457,340,1,7330,0.99,2005-09-13 15:08:37
1458,16,1,10535,5.99,2005-08-19 14:35:37
1459,47,1,14267,0.99,2005-09-08 05:51:37
1460,277,2,6235,1.99,2005-09-04 07:21:37
1461,446,1,8689,9.99,2005-07-28 18:00:37
1462,582,1,15174,9.99,2005-08-26 13:01:37
1463,146,2,10239,2.99,2005-08-14 04:52:37
1464,141,1,6378,2.99,2005-07-21 22:36:37
1465,429,1,15577,0.99,2005-07-04 05:46:37
1466,492,1,9880,1.99,2005-09-13 01:36:37
1467,80,2,1914,1.99,2005-08-20 06:43:37
1468,418,2,14248,1.99,2005-06-07 23:00:37
1469,68,1,10888,0.99,2005-08-28 20:45:37
1470,17,2,13202,4.99,2005-06-28 16:55:37
1471,445,1,718,7.99,2005-06-08 17:36:37
1472,79,1,3065,7.99,2005-08-10 08:31:37
1473,191,1,14532,2.99,2005-07-02 06:12:37
1474,582,2,1862,1.99,2005-06-18 07:36:37
1475,581,1,10664,4.99,2005-08-04 07:27:37
1476,437,2,6712,9.99,2005-06-19 21:28:37
1477,519,1,4890,1.99,2005-07-25 17:12:37
1478,535,2,3546,9.99,2005-07-21 05:16:37
1479,52,2,10201,9.99,2005-07-15 10:39:37
1480,589,2,5387,0.99,2005-06-05 13:05:37
1481,144,1,3582,1.99,2005-07-09 04:36:37
1482,270,2,15391,6.99,2005-08-07 20:34:37
1483,228,1,7100,1.99,2005-06-03 16:08:37
1484,548,2,1171,7.99,2005-07-15 07:23:37
1485,576,2,1881,4.99,2005-06-15 14:09:37
1486,258,2,14133,1.99,2005-09-22 03:08:37
1487,71,2,3805,8.99,2005-08-05 14:06:37
1488,50,2,14882,0.99,2005-09-09 09:49:37
1489,423,1,5002,9.99,2005-09-11 16:59:37
1490,505,2,4302,4.99,2005-06-27 22:26:37
1491,268,2,156,0.99,2005-07-26 12:17:37
1492,64,2,15771,8.99,2005-08-21 18:22:37
1493,46,1,6463,2.99,2005-06-14 19:13:37
1494,508,2,2504,0.99,2005-07-17 14:46:37
1495,500,2,5896,3.99,2005-08-14 03:08:37
1496,199,2,14786,3.99,2005-09-16 00:05:37
1497,189,1,2161,1.99,2005-09-16 02:15:37
1498,391,2,2280,1.99,2005-06-05 17:05:37
1499,595,2,196,0.99,2005-09-05 23:46:37
1500,520,2,7947,0.99,2005-08-09 17:14:37
1501,163,1,15008,2.99,2005-08-29 15:01:37
1502,144,1,14532,5.99,2005-07-29 23:40:37
1503,63,1,3458,5.99,2005-07-15 11:50:37
1504,39,2,4616,0.99,2005-05-25 18:56:37
1505,428,2,1645,3.99,2005-07-08 11:52:37
1506,231,1,13999,2.99,2005-06-05 13:15:37
1507,499,1,9103,3.99,2005-05-26 14:15:37
1508,234,1,8137,2.99,2005-06-18 20:42:37
1509,343,2,2435,7.99,2005-08-29 14:01:37
1510,229,2,3130,1.99,2005-07-23 07:13:37
1511,12,1,4292,3.99,2005-09-20 01:43:37
1512,481,2,12184,9.99,2005-06-23 03:49:37
1513,216,2,1759,1.99,2005-08-07 16:18:37
1514,335,2,8078,3.99,2005-09-20 16:57:37
1515,182,1,2423,5.99,2005-06-28 12:52:37
1516,562,1,13989,2.99,2005-09-02 11:16:37
1517,556,1,12859,5.99,2005-07-12 15:31:37
1518,125,1,100,8.99,2005-08-10 08:57:37
1519,373,2,465,9.99,2005-07-08 05:59:37
1520,209,2,7464,9.99,2005-08-11 09:55:37
1521,214,1,14978,7.99,2005-06-17 13:07:37
1522,197,2,11860,5.99,2005-05-27 21:35:37
1523,172,1,10559,6.99,2005-06-11 08:48:37
1524,285,2,3814,4.99,2005-06-17 18:04:37
1525,470,1,9807,7.99,2005-06-25 02:21:37
1526,508,1,1127,4.99,2005-09-07 06:47:37
1527,38,1,6638,3.99,2005-07-06 20:33:37
1528,278,2,4652,5.99,2005-05-29 14:22:37
1529,237,2,5484,0.99,2005-08-26 13:02:37
1530,220,1,13152,7.99,2005-09-02 16:56:37
1531,44,2,3677,2.99,2005-06-04 11:54:37
1532,332,2,1882,8.99,2005-09-06 23:49:37
1533,317,1,4076,2.99,2005-07-24 10:57:37
1534,226,2,6848,0.99,2005-08-27 05:11:37
1535,97,2,9150,5.99,2005-06-14 01:53:37
1536,132,1,3759,9.99,2005-06-04 23:20:37
1537,523,1,2632,9.99,2005-07-28 17:20:37
1538,484,2,8942,3.99,2005-06-27 11:11:37
1539,515,2,2893,3.99,2005-06-27 04:53:37
1540,138,2,5038,7.99,2005-09-11 09:48:37
1541,157,1,4104,4.99,2005-07-26 02:00:37
1542,302,1,2928,2.99,2005-07-28 07:51:37
1543,17,1,3036,8.99,2005-08-10 03:51:37
1544,155,1,10420,8.99,2005-08-23 22:08:37
1545,406,2,3280,6.99,2005-06-30 00:02:37
1546,327,1,14967,7.99,2005-07-09 15:51:37
1547,324,2,1030,7.99,2005-09-05 11:42:37
1548,320,1,13060,2.99,2005-06-23 09:30:37
1549,579,2,9425,7.99,2005-06-14 08:19:37
1550,248,2,9716,2.99,2005-07-05 06:58:37
1551,427,1,1998,2.99,2005-07-25 12:13:37
1552,34,2,1132,8.99,2005-07-14 21:38:37
1553,435,1,6049,0.99,2005-08-03 01:04:37
1554,417,1,150,2.99,2005-07-03 23:37:37
1555,12,1,8274,5.99,2005-06-22 05:19:37
1556,521,2,16036,7.99,2005-09-16 18:24:37
1557,13,2,13870,7.99,2005-07-16 04:11:37
1558,353,1,2692,7.99,2005-06-27 08:30:37
1559,546,1,744,1.99,2005-07-22 01:32:37
1560,76,2,5892,1.99,2005-08-20 19:21:37
1561,420,1,5387,6.99,2005-06-26 04:10:37
1562,497,1,7516,9.99,2005-09-04 21:55:37
1563,138,1,12323,9.99,2005-09-01 07:27:37
1564,344,2,8793,4.99,2005-08-17 08:23:37
1565,577,1,8966,7.99,2005-07-08 07:23:37
1566,510,2,2018,0.99,2005-06-22 19:34:37
1567,582,2,4403,6.99,2005-06-13 02:23:37
1568,124,2,3612,9.99,2005-07-27 08:37:37
1569,255,2,2576,5.99,2005-08-30 06:21:37
1570,388,2,3249,4.99,2005-08-07 00:52:37
1571,310,2,15372,5.99,2005-07-21 09:06:37
1572,225,1,13489,5.99,2005-06-27 11:15:37
1573,538,1,12798,8.99,2005-09-15 05:55:37
1574,27,2,6977,4.99,2005-08-01 16:49:37
1575,401,1,2336,5.99,2005-06-02 00:11:37
1576,574,1,5125,0.99,2005-05-27 23:32:37
1577,308,1,488,5.99,2005-08-27 14:14:37
1578,345,1,10216,6.99,2005-08-28 09:58:37
1579,406,2,2403,9.99,2005-08-12 18:12:37
1580,121,2,15974,2.99,2005-07-22 13:26:37
1581,40,1,12782,9.99,2005-06-22 21:01:37
1582,387,1,14553,7.99,2005-06-07 00:35:37
1583,400,2,13882,2.99,2005-08-01 16:46:37
1584,446,1,2392,3.99,2005-06-23 19:48:37
1585,375,1,5109,3.99,2005-05-31 07:00:37
1586,556,2,12381,5.99,2005-08-03 09:31:37
1587,72,1,1934,5.99,2005-08-19 02:02:37
1588,112,1,15007,9.99,2005-09-05 02:49:37
1589,185,2,8680,9.99,2005-05-29 16:31:37
1590,222,2,7701,0.99,2005-08-26 01:14:37
1591,401,1,11661,9.99,2005-06-27 17:07:37
1592,556,1,13017,5.99,2005-08-22 05:56:37
1593,542,1,6188,2.99,2005-06-11 16:07:37
1594,116,1,8855,5.99,2005-08-20 12:14:37
1595,392,2,7962,9.99,2005-05-29 07:01:37
1596,23,1,14840,5.99,2005-07-15 03:52:37
1597,371,2,7400,3.99,2005-07-18 00:57:37
1598,124,1,13733,6.99,2005-07-12 13:58:37
1599,517,1,7241,5.99,2005-06-23 08:46:37
1600,233,1,9507,6.99,2005-09-22 10:22:37
1601,105,1,10193,7.99,2005-07-23 17:04:37
1602,301,1,3710,2.99,2005-07-15 17:56:37
1603,328,2,5179,6.99,2005-08-14 11:40:37
1604,21,1,190,1.99,2005-09-01 13:43:37
1605,249,2,9818,4.99,2005-08-14 01:31:37
1606,380,1,14222,9.99,2005-09-10 08:51:37
1607,51,1,4363,8.99,2005-08-05 07:20:37
1608,405,1,989,3.99,2005-09-09 03:38:37
1609,592,2,8917,6.99,2005-06-09 19:35:37
1610,134,2,13257,7.99,2005-08-16 22:24:37
1611,252,1,11645,7.99,2005-06-11 07:26:37
1612,152,2,5921,2.99,2005-06-28 21:14:37
1613,359,2,2323,7.99,2005-09-12 09:08:37
1614,358,1,3892,7.99,2005-07-31 18:21:37
1615,360,1,648,9.99,2005-07-14 09:45:37
1616,500,1,8449,7.99,2005-09-08 16:14:37
1617,530,1,6998,8.99,2005-09-17 20:07:37
1618,42,2,15825,7.99,2005-07-27 18:19:37
1619,64,1,428,5.99,2005-07-28 14:09:37
1620,177,1,5197,8.99,2005-07-19 23:15:37
1621,129,2,625,0.99,2005-08-18 09:12:37
1622,87,2,14693,6.99,2005-09-14 17:01:37
1623,458,1,1996,8.99,2005-08-13 22:13:37
1624,511,1,2656,3.99,2005-06-06 13:05:37
1625,515,1,15478,4.99,2005-09-07 08:21:37
1626,38,2,12176,8.99,2005-07-06 14:27:37
1627,406,1,15537,6.99,2005-09-04 14:01:37
1628,165,1,16039,7.99,2005-05-31 11:51:37
1629,71,2,10883,5.99,2005-09-02 13:47:37
1630,416,2,1872,0.99,2005-07-11 04:12:37
1631,64,1,789,3.99,2005-07-04 05:40:37
1632,234,1,11817,2.99,2005-09-18 13:05:37
1633,547,2,11123,8.99,2005-09-01 23:26:37
1634,45,1,3771,5.99,2005-09-22 04:28:37
1635,96,2,8685,4.99,2005-07-18 06:40:37
1636,500,2,7856,7.99,2005-06-26 16:13:37
1637,406,2,5435,8.99,2005-06-02 04:16:37
1638,591,1,4123,5.99,2005-06-17 05:31:37
1639,171,2,12639,3.99,2005-06-04 15:43:37
1640,207,1,12655,5.99,2005-06-21 20:34:37
1641,9,1,1308,5.99,2005-07-01 16:53:37
1642,84,2,10405,9.99,2005-09-19 15:40:37
1643,257,1,14520,2.99,2005-06-02 15:02:37
1644,82,2,6247,1.99,2005-09-22 22:49:37
1645,448,2,5726,8.99,2005-06-29 04:28:37
1646,132,1,238,8.99,2005-07-30 02:38:37
1647,550,1,6730,1.99,2005-09-22 13:25:37
1648,546,2,4112,1.99,2005-06-28 00:22:37
1649,301,2,5848,3.99,2005-08-19 12:53:37
1650,208,1,1359,6.99,2005-07-24 15:42:37
1651,66,2,6126,5.99,2005-07-24 20:43:37
1652,338,2,1076,0.99,2005-07-17 21:20:37
1653,400,1,10884,0.99,2005-06-14 14:13:37
1654,290,2,9048,8.99,2005-08-02 06:04:37
1655,508,1,6874,4.99,2005-09-06 05:18:37
1656,596,2,9993,7.99,2005-06-10 03:26:37
1657,433,1,5019,2.99,2005-08-13 01:10:37
1658,115,1,10926,3.99,2005-06-07 23:07:37
1659,144,2,11392,9.99,2005-08-12 03:12:37
1660,381,2,8143,5.99,2005-08-18 12:10:37
1661,136,1,3637,0.99,2005-07-17 06:15:37
1662,212,1,8864,9.99,2005-06-18 09:09:37
1663,557,2,2697,7.99,2005-06-20 16:15:37
1664,34,2,13587,4.99,2005-05-26 16:35:37
1665,395,2,10903,9.99,2005-07-27 12:27:37
1666,211,1,4474,6.99,2005-08-20 08:23:37
1667,340,1,298,4.99,2005-08-24 13:12:37
1668,534,1,13604,4.99,2005-09-06 09:40:37
1669,86,1,9134,4.99,2005-08-01 04:11:37
1670,268,2,15496,6.99,2005-09-09 04:04:37
1671,176,2,1101,5.99,2005-07-02 07:59:37
1672,453,2,412,2.99,2005-06-14 21:16:37
1673,280,2,7409,6.99,2005-06-05 06:42:37
1674,45,2,4076,1.99,2005-06-17 15:37:37
1675,171,1,12458,8.99,2005-07-08 15:05:37
1676,270,2,15719,5.99,2005-06-01 03:53:37
1677,331,2,2636,3.99,2005-06-30 10:28:37
1678,25,2,170,7.99,2005-09-10 19:43:37
1679,108,2,5632,1.99,2005-08-14 19:58:37
1680,465,1,6184,7.99,2005-06-24 15:30:37
1681,32,1,1904,0.99,2005-06-08 07:01:37
1682,100,1,12291,8.99,2005-06-26 14:44:37
1683,329,2,1221,4.99,2005-08-24 20:46:37
1684,578,2,6815,3.99,2005-07-02 10:16:37
1685,177,2,9493,0.99,2005-08-25 11:29:37
1686,14,2,12179,7.99,2005-07-31 03:30:37
1687,435,2,3601,4.99,2005-06-21 16:43:37
1688,290,1,5254,4.99,2005-08-29 04:35:37
1689,512,2,10557,8.99,2005-09-12 05:22:37
1690,187,1,13707,5.99,2005-06-15 18:01:37
1691,524,1,11076,2.99,2005-08-15 17:44:37
1692,27,1,15582,0.99,2005-08-17 01:18:37
1693,282,1,8836,9.99,2005-06-21 08:40:37
1694,119,1,15655,6.99,2005-09-16 14:54:37
1695,246,1,14398,0.99,2005-09-20 04:06:37
1696,595,2,4516,1.99,2005-07-24 08:18:37
1697,296,2,11583,2.99,2005-06-17 13:20:37
1698,546,1,8720,9.99,2005-07-06 20:10:37
1699,130,2,9066,7.99,2005-06-08 07:08:37
1700,498,1,501,7.99,2005-09-04 15:58:37
1701,376,1,13790,7.99,2005-05-31 20:12:37
1702,249,1,6914,7.99,2005-06-04 01:00:37
1703,40,1,1522,6.99,2005-07-06 10:16:37
1704,553,2,5972,3.99,2005-05-27 16:09:37
1705,368,2,7986,3.99,2005-09-05 19:46:37
1706,21,2,3616,3.99,2005-09-23 11:18:37
1707,277,1,15787,0.99,2005-06-24 15:15:37
1708,432,2,1565,5.99,2005-06-27 04:12:37
1709,332,1,5749,0.99,2005-06-16 12:18:37
1710,338,2,6442,2.99,2005-06-19 16:31:37
1711,402,2,5115,3.99,2005-09-19 10:57:37
1712,349,1,5449,7.99,2005-05-31 09:23:37
1713,452,1,13522,5.99,2005-08-14 00:58:37
1714,118,2,4316,8.99,2005-09-14 12:23:37
1715,121,2,13017,0.99,2005-09-13 04:32:37
1716,41,2,2615,3.99,2005-08-20 17:28:37
1717,60,1,4226,1.99,2005-06-12 09:18:37
1718,320,2,10129,5.99,2005-08-11 00:58:37
1719,2,1,8469,0.99,2005-09-20 00:52:37
1720,483,2,11592,1.99,2005-06-15 08:11:37
1721,373,2,4572,9.99,2005-07-04 23:35:37
1722,509,1,10842,7.99,2005-06-05 14:10:37
1723,15,1,8036,2.99,2005-06-16 00:33:37
1724,437,2,4402,7.99,2005-08-16 01:47:37
1725,294,2,202,9.99,2005-06-01 14:24:37
1726,527,1,9743,3.99,2005-05-29 20:39:37
1727,27,2,3898,8.99,2005-07-22 05:16:37
1728,209,1,13647,9.99,2005-06-27 02:23:37
1729,27,1,2986,6.99,2005-09-14 06:51:37
1730,279,2,13077,0.99,2005-09-20 05:38:37
1731,500,2,15618,1.99,2005-06-19 09:11:37
1732,470,1,13936,2.99,2005-09-07 23:38:37
1733,192,1,15842,7.99,2005-07-24 12:20:37
1734,202,1,10376,1.99,2005-08-03 07:04:37
1735,114,1,13738,5.99,2005-09-18 03:00:37
1736,197,2,13545,0.99,2005-08-19 15:45:37
1737,587,1,7272,0.99,2005-06-29 16:38:37
1738,301,2,3650,4.99,2005-08-22 18:59:37
1739,283,1,400,6.99,2005-06-07 14:05:37
1740,362,1,11159,9.99,2005-09-08 03:29:37
1741,171,1,11782,7.99,2005-09-01 00:51:37
1742,63,1,1144,2.99,2005-08-03 22:11:37
1743,360,2,630,2.99,2005-07-03 12:21:37
1744,330,2,6965,5.99,2005-06-07 03:52:37
1745,183,2,2041,4.99,2005-08-04 14:42:37
1746,411,1,10951,9.99,2005-08-22 14:52:37
1747,80,2,5669,5.99,2005-08-15 08:30:37
1748,230,2,11215,5.99,2005-08-06 15:14:37
1749,194,1,3024,7.99,2005-09-12 11:17:37
1750,262,2,13761,9.99,2005-06-27 23:24:37
1751,82,1,4724,5.99,2005-09-07 22:55:37
1752,519,1,1012,4.99,2005-08-25 20:25:37
1753,61,1,14003,9.99,2005-05-27 22:51:37
1754,116,1,3468,8.99,2005-06-14 01:11:37
1755,6,1,8726,3.99,2005-07-16 13:44:37
1756,180,1,15367,7.99,2005-08-11 18:57:37
1757,132,1,4471,1.99,2005-08-07 08:50:37
1758,310,2,196,2.99,2005-09-22 01:26:37
1759,517,1,12141,7.99,2005-09-13 05:21:37
1760,351,2,621,3.99,2005-06-29 04:18:37
1761,15,2,3918,3.99,2005-06-14 09:28:37
1762,221,2,11043,5.99,2005-08-16 19:59:37
1763,306,2,2109,4.99,2005-07-28 18:56:37
1764,196,1,311,7.99,2005-08-06 02:08:37
1765,364,1,13125,3.99,2005-06-18 23:59:37
1766,42,2,14284,8.99,2005-08-12 10:59:37
1767,85,1,2614,2.99,2005-07-07 19:34:37
1768,592,2,14130,7.99,2005-07-08 20:11:37
1769,428,1,10248,5.99,2005-06-30 20:15:37
1770,418,2,3678,4.99,2005-09-02 11:56:37
1771,458,1,9954,8.99,2005-07-05 09:41:37
1772,80,2,8142,2.99,2005-06-23 01:07:37
1773,200,2,9151,8.99,2005-06-15 06:51:37
1774,326,1,4147,3.99,2005-08-10 04:56:37
1775,119,2,11797,5.99,2005-07-08 02:43:37
1776,399,1,14005,0.99,2005-07-16 00:04:37
1777,221,1,5212,0.99,2005-08-27 14:51:37
1778,559,2,10473,6.99,2005-06-18 13:43:37
1779,593,1,8469,7.99,2005-06-20 05:26:37
1780,553,2,11500,8.99,2005-09-14 21:09:37
1781,406,2,12909,7.99,2005-06-29 05:40:37
1782,73,2,4665,8.99,2005-08-04 12:45:37
1783,165,1,13809,1.99,2005-07-30 12:10:37
1784,539,1,5225,2.99,2005-08-27 02:56:37
1785,216,2,2942,8.99,2005-08-24 03:45:37
1786,576,2,14763,9.99,2005-07-01 13:22:37
1787,257,1,13709,6.99,2005-08-14 04:08:37
1788,414,2,11598,3.99,2005-07-12 11:16:37
1789,212,1,8543,5.99,2005-06-10 05:15:37
1790,195,1,16039,8.99,2005-07-10 11:48:37
1791,141,2,3721,2.99,2005-09-18 06:58:37
1792,65,1,9446,1.99,2005-09-21 07:10:37
1793,451,1,7593,3.99,2005-08-18 23:06:37
1794,222,1,6575,1.99,2005-07-02 13:36:37
1795,78,2,12583,2.99,2005-08-12 19:57:37
1796,549,1,2266,4.99,2005-06-16 18:44:37
1797,5,2,6535,1.99,2005-09-14 14:04:37
1798,388,2,7710,6.99,2005-07-29 04:21:37
1799,332,2,868,6.99,2005-08-17 20:28:37
1800,370,2,13203,3.99,2005-07-19 17:20:37
1801,581,1,14851,5.99,2005-06-14 19:51:37
1802,266,1,547,3.99,2005-05-27 23:58:37
1803,197,1,9798,1.99,2005-08-10 01:51:37
1804,401,1,12684,4.99,2005-09-15 17:53:37
1805,84,2,13329,4.99,2005-09-09 05:10:37
1806,117,2,2373,3.99,2005-07-05 23:36:37
1807,491,1,4139,6.99,2005-09-03 22:47:37
1808,300,1,3074,8.99,2005-08-08 22:48:37
1809,147,1,643,2.99,2005-06-06 10:48:37
1810,251,1,14680,1.99,2005-08-29 06:38:37
1811,449,1,12240,2.99,2005-06-04 18:20:37
1812,41,2,12878,1.99,2005-08-26 14:08:37
1813,223,2,10220,2.99,2005-06-25 21:26:37
1814,252,1,2204,2.99,2005-07-29 06:54:37
1815,490,1,8707,0.99,2005-08-16 15:15:37
1816,449,1,8691,5.99,2005-06-20 21:40:37
1817,361,1,1975,3.99,2005-09-07 02:32:37
1818,338,1,14221,5.99,2005-07-15 15:49:37
1819,213,2,785,5.99,2005-07-18 21:45:37
1820,114,1,936,0.99,2005-09-17 09:07:37
1821,127,1,11467,0.99,2005-09-14 06:19:37
1822,522,1,14679,6.99,2005-06-10 19:45:37
1823,39,2,8283,2.99,2005-09-19 21:53:37
1824,482,1,15819,7.99,2005-05-26 09:54:37
1825,586,1,3930,9.99,2005-08-27 21:51:37
1826,110,1,7797,5.99,2005-07-13 23:59:37
1827,367,1,14208,3.99,2005-06-06 10:37:37
1828,362,2,13187,9.99,2005-07-20 16:54:37
1829,361,2,4381,9.99,2005-09-04 21:23:37
1830,569,2,12015,3.99,2005-09-15 09:22:37
1831,291,1,12118,5.99,2005-09-13 08:41:37
1832,215,1,7355,9.99,2005-09-14 17:52:37
1833,314,1,15066,3.99,2005-06-18 10:04:37
1834,266,1,9376,5.99,2005-06-07 02:09:37
1835,278,1,15301,1.99,2005-06-05 16:37:37
1836,307,1,6760,5.99,2005-07-02 16:44:37
1837,377,2,127,9.99,2005-06-08 23:55:37
1838,148,2,675,7.99,2005-09-17 18:32:37
1839,490,1,15883,8.99,2005-07-03 00:23:37
1840,578,2,12081,8.99,2005-05-30 17:30:37
1841,214,2,12256,8.99,2005-08-21 20:18:37
1842,239,2,10473,9.99,2005-06-02 16:43:37
1843,196,2,6777,1.99,2005-09-15 13:11:37
1844,537,1,12001,9.99,2005-08-15 20:09:37
1845,186,1,1348,0.99,2005-06-25 21:23:37
1846,175,1,13796,2.99,2005-09-18 16:55:37
1847,357,1,13051,2.99,2005-06-30 04:08:37
1848,356,1,10995,1.99,2005-06-15 18:57:37
1849,52,1,14088,0.99,2005-09-21 14:35:37
1850,193,2,14767,8.99,2005-09-01 18:32:37
1851,380,2,14822,9.99,2005-09-04 17:48:37
1852,57,2,12077,3.99,2005-08-14 12:13:37
1853,554,1,15482,0.99,2005-06-06 21:42:37
1854,158,2,2821,9.99,2005-06-03 18:46:37
1855,461,2,7038,4.99,2005-07-07 02:27:37
1856,461,2,2096,3.99,2005-05-29 15:29:37
1857,49,1,10545,3.99,2005-06-08 19:53:37
1858,102,2,11568,7.99,2005-09-11 06:52:37
1859,348,2,15996,7.99,2005-09-16 11:49:37
1860,25,1,14622,3.99,2005-07-16 05:39:37
1861,382,2,12190,0.99,2005-06-26 16:40:37
1862,513,2,10611,9.99,2005-09-19 09:05:37
1863,562,2,12182,4.99,2005-08-27 01:41:37
1864,9,1,8881,0.99,2005-06-10 02:32:37
1865,486,2,15994,6.99,2005-08-07 17:01:37
1866,73,2,10578,6.99,2005-08-07 16:13:37
1867,138,1,13150,9.99,2005-06-13 04:36:37
1868,358,1,13870,6.99,2005-06-15 11:07:37
1869,420,1,15449,1.99,2005-07-30 14:32:37
1870,463,2,4114,3.99,2005-08-09 13:18:37
1871,454,1,13319,1.99,2005-07-12 23:17:37
1872,478,2,1769,9.99,2005-09-16 09:42:37
1873,356,1,738,4.99,2005-06-27 08:55:37
1874,453,2,7770,0.99,2005-05-31 03:57:37
1875,402,2,10300,5.99,2005-08-13 18:20:37
1876,32,1,7916,7.99,2005-07-26 08:24:37
1877,283,2,2624,6.99,2005-06-19 06:40:37
1878,319,1,14397,3.99,2005-06-12 20:30:37
1879,242,1,1451,3.99,2005-08-27 18:37:37
1880,103,1,7360,2.99,2005-08-11 20:02:37
1881,59,2,10866,7.99,2005-06-02 23:46:37
1882,506,1,7372,8.99,2005-09-04 17:38:37
1883,212,2,2506,5.99,2005-09-10 08:08:37
1884,413,1,6728,7.99,2005-07-27 05:48:37
1885,231,2,5313,5.99,2005-07-20 02:56:37
1886,395,1,9564,0.99,2005-09-09 05:03:37
1887,16,2,8137,9.99,2005-05-31 11:19:37
1888,434,1,12393,7.99,2005-07-29 08:54:37
1889,90,1,709,5.99,2005-08-23 10:57:37
1890,369,1,4585,3.99,2005-08-11 04:11:37
1891,315,2,6688,0.99,2005-06-08 14:09:37
1892,463,2,12631,4.99,2005-08-28 23:09:37
1893,241,2,12836,9.99,2005-08-23 12:00:37
1894,577,2,8538,1.99,2005-08-22 13:54:37
1895,302,1,8685,4.99,2005-06-28 13:41:37
1896,445,1,11954,4.99,2005-08-31 04:52:37
1897,208,1,1475,9.99,2005-07-25 06:42:37
1898,342,1,7613,8.99,2005-08-15 16:03:37
1899,5,2,14033,3.99,2005-09-21 17:46:37
1900,414,1,896,5.99,2005-07-07 23:09:37
1901,122,1,8060,9.99,2005-06-27 15:06:37
1902,177,1,2959,2.99,2005-06-30 16:25:37
1903,441,1,8201,6.99,2005-09-16 03:14:37
1904,283,2,558,8.99,2005-07-23 14:09:37
1905,7,1,7191,1.99,2005-07-05 00:51:37
1906,259,2,15360,4.99,2005-06-01 10:12:37
1907,267,2,2274,6.99,2005-06-01 20:27:37
1908,108,2,14469,4.99,2005-09-02 10:13:37
1909,111,1,1985,7.99,2005-05-28 10:47:37
1910,243,2,1658,9.99,2005-08-11 00:48:37
1911,57,2,3240,8.99,2005-08-16 11:31:37
1912,108,2,2077,4.99,2005-08-27 04:19:37
1913,295,2,11436,5.99,2005-08-09 02:44:37
1914,303,2,9858,0.99,2005-09-21 21:32:37
1915,572,1,11573,4.99,2005-08-27 02:35:37
1916,594,2,8729,1.99,2005-09-12 03:30:37
1917,345,2,5676,2.99,2005-06-25 22:24:37
1918,114,1,7286,0.99,2005-09-14 13:05:37
1919,432,2,13577,7.99,2005-08-05 10:43:37
1920,512,1,263,0.99,2005-05-31 05:00:37
1921,508,1,6029,7.99,2005-09-14 17:25:37
1922,503,1,12577,7.99,2005-09-20 15:15:37
1923,389,1,6463,8.99,2005-08-04 22:46:37
1924,68,2,6904,3.99,2005-08-21 06:13:37
1925,352,1,3969,2.99,2005-08-18 20:50:37
1926,133,1,4664,0.99,2005-09-01 03:22:37
1927,196,1,15749,6.99,2005-09-05 22:42:37
1928,85,2,2664,4.99,2005-06-24 17:14:37
1929,283,2,6585,2.99,2005-07-20 16:45:37
1930,554,2,8206,2.99,2005-08-19 21:55:37
1931,114,1,13353,7.99,2005-09-02 21:17:37
1932,381,1,11200,8.99,2005-07-02 23:56:37
1933,434,1,12109,4.99,2005-06-17 02:15:37
1934,80,2,12771,3.99,2005-07-19 02:54:37
1935,315,1,5498,1.99,2005-05-30 06:27:37
1936,301,1,10938,4.99,2005-09-04 10:20:37
1937,298,2,5576,1.99,2005-08-18 06:41:37
1938,273,2,13168,5.99,2005-09-01 03:33:37
1939,139,1,6795,3.99,2005-08-25 20:36:37
1940,587,1,11514,2.99,2005-08-21 22:43:37
1941,448,1,515,3.99,2005-08-13 09:08:37
1942,101,1,3268,7.99,2005-09-01 15:34:37
1943,428,2,9798,2.99,2005-06-07 08:46:37
1944,179,1,575,0.99,2005-08-02 05:01:37
1945,214,2,14023,9.99,2005-07-03 11:12:37
1946,410,2,3053,1.99,2005-08-24 21:33:37
1947,353,1,10119,9.99,2005-06-15 11:45:37
1948,500,1,721,6.99,2005-08-06 09:57:37
1949,489,2,4244,0.99,2005-06-16 14:18:37
1950,491,1,12637,5.99,2005-06-21 19:31:37
1951,440,1,1259,3.99,2005-07-21 16:12:37
1952,24,1,2182,3.99,2005-08-16 18:01:37
1953,314,2,5450,7.99,2005-05-27 18:22:37
1954,475,2,916,5.99,2005-06-30 18:16:37
1955,534,2,7006,9.99,2005-08-14 16:36:37
1956,412,2,4474,1.99,2005-08-24 05:16:37
1957,355,1,11320,5.99,2005-09-06 17:47:37
1958,300,1,12644,2.99,2005-06-06 15:26:37
1959,297,1,12474,1.99,2005-09-18 09:38:37
1960,337,2,7018,0.99,2005-05-27 22:20:37
1961,517,1,9573,2.99,2005-07-26 13:42:37
1962,478,1,1063,4.99,2005-09-18 22:53:37
1963,237,2,12018,5.99,2005-06-03 14:41:37
1964,567,2,15178,7.99,2005-08-30 02:31:37
1965,258,1,7901,8.99,2005-09-06 23:08:37
1966,232,1,14829,5.99,2005-06-03 05:11:37
1967,402,2,11846,9.99,2005-07-21 05:40:37
1968,31,2,7067,9.99,2005-06-27 03:25:37
1969,336,2,7766,7.99,2005-07-20 15:52:37
1970,50,2,9447,1.99,2005-05-27 05:30:37
1971,274,2,15751,0.99,2005-07-14 22:46:37
1972,474,1,12943,3.99,2005-09-08 07:52:37
1973,348,1,14525,5.99,2005-09-01 05:19:37
1974,324,1,13987,6.99,2005-08-01 19:05:37
1975,83,1,14203,4.99,2005-05-25 15:05:37
1976,518,1,15003,8.99,2005-06-13 03:16:37
1977,266,2,6152,5.99,2005-07-02 11:00:37
1978,313,2,8069,1.99,2005-05-28 16:24:37
1979,231,1,6488,8.99,2005-06-15 04:09:37
1980,35,2,14140,8.99,2005-08-19 06:12:37
1981,356,2,12098,6.99,2005-06-03 12:35:37
1982,457,1,121,2.99,2005-07-05 13:06:37
1983,280,1,4053,9.99,2005-09-21 03:58:37
1984,209,2,15935,9.99,2005-09-17 13:53:37
1985,453,2,11762,6.99,2005-06-19 06:25:37
1986,428,2,8572,9.99,2005-06-09 07:07:37
1987,373,1,9539,8.99,2005-08-06 12:05:37
1988,323,2,14229,7.99,2005-06-07 16:44:37
1989,264,2,10931,1.99,2005-09-16 04:30:37
1990,591,1,10434,1.99,2005-06-30 04:15:37
1991,380,2,355,8.99,2005-09-06 08:13:37
1992,81,1,2538,3.99,2005-06-04 06:43:37
1993,524,2,14163,0.99,2005-07-31 03:46:37
1994,592,2,13296,1.99,2005-06-07 02:08:37
1995,74,2,11085,3.99,2005-07-07 08:24:37
1996,546,2,13919,2.99,2005-07-09 23:48:37
1997,217,2,12481,8.99,2005-09-14 05:36:37
1998,257,2,614,7.99,2005-05-25 23:08:37
1999,519,1,10855,7.99,2005-06-23 13:30:37
2000,273,1,573,7.99,2005-09-17 19:27:37
2001,588,1,13595,1.99,2005-06-15 11:07:37
2002,198,1,5099,1.99,2005-09-02 00:11:37
2003,106,2,9087,3.99,2005-07-07 17:32:37
2004,403,1,7969,1.99,2005-07-15 19:24:37
2005,34,2,2147,9.99,2005-07-21 14:56:37
2006,451,1,9213,8.99,2005-07-25 12:02:37
2007,86,1,9102,4.99,2005-08-01 18:46:37
2008,488,1,6103,5.99,2005-06-01 09:48:37
2009,494,1,541,7.99,2005-08-15 04:46:37
2010,185,1,3502,3.99,2005-07-09 16:55:37
2011,277,2,8235,8.99,2005-06-24 00:01:37
2012,499,2,11530,8.99,2005-09-21 02:44:37
2013,164,2,6013,4.99,2005-06-22 15:25:37
2014,504,2,1494,8.99,2005-06-30 18:20:37
2015,105,1,1172,1.99,2005-06-03 07:51:37
2016,286,2,11910,8.99,2005-07-14 06:29:37
2017,253,1,14211,6.99,2005-06-04 11:32:37
2018,258,2,14715,1.99,2005-06-07 23:07:37
2019,271,1,217,9.99,2005-06-25 04:09:37
2020,348,2,10586,9.99,2005-08-27 09:17:37
2021,531,2,9911,8.99,2005-07-08 09:55:37
2022,136,1,2242,2.99,2005-06-22 07:14:37
2023,303,1,890,9.99,2005-07-08 04:31:37
2024,268,2,13985,1.99,2005-06-04 20:20:37
2025,402,1,12672,3.99,2005-06-11 17:02:37
2026,127,1,5098,7.99,2005-07-31 15:43:37
2027,128,2,11635,0.99,2005-09-11 08:34:37
2028,294,2,15206,4.99,2005-06-14 05:56:37
2029,542,2,10632,2.99,2005-08-06 01:03:37
2030,588,1,14476,0.99,2005-07-31 15:47:37
2031,513,2,3282,7.99,2005-07-28 06:44:37
2032,513,1,2265,1.99,2005-07-15 05:40:37
2033,373,2,14317,9.99,2005-07-20 13:48:37
2034,332,2,7797,9.99,2005-08-09 03:43:37
2035,314,2,15008,3.99,2005-08-20 06:07:37
2036,520,2,9972,6.99,2005-09-19 15:32:37
2037,360,2,1259,1.99,2005-08-31 20:51:37
2038,305,1,1549,0.99,2005-06-06 10:48:37
2039,50,2,13471,9.99,2005-06-09 11:49:37
2040,194,1,13687,7.99,2005-09-22 01:15:37
2041,60,1,5763,4.99,2005-09-10 18:27:37
2042,80,1,12470,8.99,2005-06-30 07:30:37
2043,488,2,3986,6.99,2005-08-29 19:17:37
2044,15,2,11621,8.99,2005-06-19 04:46:37
2045,190,1,7596,8.99,2005-09-03 01:54:37
2046,443,2,9468,1.99,2005-08-21 20:26:37
2047,187,1,1464,8.99,2005-06-09 19:00:37
2048,220,2,1421,1.99,2005-06-21 10:34:37
2049,293,2,10550,6.99,2005-07-30 04:19:37
2050,110,1,15831,4.99,2005-06-27 01:34:37
2051,61,2,6804,0.99,2005-09-21 08:12:37
2052,431,2,95,0.99,2005-07-13 06:26:37
2053,372,1,10175,6.99,2005-08-09 19:45:37
2054,62,2,7979,1.99,2005-08-14 14:37:37
2055,455,1,5960,8.99,2005-08-18 21:45:37
2056,567,2,2021,2.99,2005-06-10 20:16:37
2057,2,2,10056,1.99,2005-09-13 08:03:37
2058,551,1,13644,6.99,2005-06-27 07:29:37
2059,435,2,14122,3.99,2005-08-19 02:27:37
2060,317,2,3307,6.99,2005-07-04 04:10:37
2061,432,2,6069,4.99,2005-09-19 22:36:37
2062,169,2,739,7.99,2005-06-26 01:20:37
2063,451,2,3721,4.99,2005-08-07 17:43:37
2064,442,1,14867,4.99,2005-08-27 06:58:37
2065,11,1,7158,5.99,2005-06-17 08:41:37
2066,506,1,2174,2.99,2005-07-06 08:56:37
2067,34,2,8804,4.99,2005-05-27 14:16:37
2068,68,2,4135,7.99,2005-07-14 22:28:37
2069,158,1,1037,1.99,2005-08-15 02:45:37
2070,270,2,2850,0.99,2005-08-16 03:24:37
2071,30,1,2212,2.99,2005-07-09 06:10:37
2072,247,1,15916,7.99,2005-08-17 04:24:37
2073,268,1,13891,7.99,2005-07-16 17:04:37
2074,13,1,1608,6.99,2005-06-26 16:06:37
2075,141,1,5833,3.99,2005-07-23 07:33:37
2076,526,1,7177,0.99,2005-08-15 19:21:37
2077,45,1,7040,9.99,2005-09-14 19:30:37
2078,247,1,4964,2.99,2005-07-15 18:31:37
2079,16,1,9605,0.99,2005-08-04 12:40:37
2080,5,2,6785,2.99,2005-09-03 08:04:37
2081,42,1,11534,7.99,2005-09-13 05:26:37
2082,598,2,11001,3.99,2005-09-02 02:19:37
2083,36,1,1424,0.99,2005-07-29 12:21:37
2084,50,2,15271,0.99,2005-06-22 03:34:37
2085,267,1,12483,1.99,2005-07-26 21:50:37
2086,536,2,7903,5.99,2005-08-04 12:31:37
2087,226,2,12159,7.99,2005-07-21 20:26:37
2088,344,1,2445,2.99,2005-08-31 05:29:37
2089,342,2,10774,6.99,2005-06-02 09:03:37
2090,387,2,3784,3.99,2005-06-14 22:39:37
2091,278,2,8730,9.99,2005-09-18 07:12:37
2092,561,1,4984,7.99,2005-07-02 14:22:37
2093,409,2,13153,7.99,2005-08-19 19:49:37
2094,494,2,13190,5.99,2005-06-18 23:13:37
2095,4,2,7561,3.99,2005-09-08 05:36:37
2096,443,2,5376,8.99,2005-09-09 18:08:37
2097,344,1,14997,7.99,2005-08-25 04:27:37
2098,169,1,9398,4.99,2005-06-09 08:08:37
2099,465,2,6617,7.99,2005-07-07 11:25:37
2100,403,2,7217,4.99,2005-07-05 06:26:37
2101,11,1,13894,8.99,2005-06-04 03:45:37
2102,276,2,12789,4.99,2005-08-29 06:13:37
2103,64,2,13711,7.99,2005-09-15 23:27:37
2104,531,2,1575,5.99,2005-07-01 04:24:37
2105,313,1,4752,4.99,2005-09-13 11:45:37
2106,558,2,9979,0.99,2005-06-12 20:48:37
2107,500,2,4972,5.99,2005-06-19 16:03:37
2108,572,2,11088,3.99,2005-06-29 10:37:37
2109,337,2,4631,7.99,2005-09-21 20:26:37
2110,242,2,326,8.99,2005-08-23 22:40:37
2111,100,1,11323,7.99,2005-06-04 02:33:37
2112,185,2,15655,0.99,2005-07-24 20:04:37
2113,533,2,354,6.99,2005-05-29 14:52:37
2114,571,1,4417,1.99,2005-05-29 20:55:37
2115,69,1,11216,4.99,2005-08-23 21:17:37
2116,218,2,9860,2.99,2005-07-04 12:45:37
2117,587,1,10823,4.99,2005-05-26 20:00:37
2118,537,2,3669,7.99,2005-07-04 06:42:37
2119,539,1,9898,0.99,2005-06-27 01:41:37
2120,299,1,10194,7.99,2005-09-17 06:01:37
2121,372,1,6844,7.99,2005-05-31 14:28:37
2122,13,2,10921,0.99,2005-05-26 09:43:37
2123,175,1,12094,4.99,2005-08-04 00:57:37
2124,333,2,2721,0.99,2005-07-19 12:58:37
2125,22,1,11837,0.99,2005-08-05 10:46:37
2126,354,2,21,2.99,2005-08-16 17:22:37
2127,498,2,204,2.99,2005-08-18 10:42:37
2128,483,2,5265,3.99,2005-06-18 12:33:37
2129,246,1,10354,5.99,2005-05-31 23:29:37
2130,337,2,15339,4.99,2005-09-15 10:12:37
2131,401,2,2407,8.99,2005-07-05 02:13:37
2132,37,1,12746,7.99,2005-06-04 17:43:37
2133,95,1,11448,3.99,2005-09-13 16:40:37
2134,327,1,10875,6.99,2005-08-24 08:46:37
2135,596,1,13694,7.99,2005-05-28 23:38:37
2136,78,1,7410,8.99,2005-07-21 19:50:37
2137,60,2,13388,9.99,2005-06-21 05:54:37
2138,320,1,418,0.99,2005-08-21 23:37:37
2139,238,1,4129,5.99,2005-08-16 21:34:37
2140,61,2,15930,0.99,2005-08-25 13:31:37
2141,139,1,8277,4.99,2005-09-08 06:56:37
2142,303,2,10788,5.99,2005-06-11 07:57:37
2143,488,2,12116,3.99,2005-09-21 12:13:37
2144,423,1,4616,7.99,2005-09-08 18:29:37
2145,546,2,14616,4.99,2005-08-13 20:48:37
2146,594,2,9125,8.99,2005-08-17 04:23:37
2147,377,2,832,5.99,2005-08-05 01:47:37
2148,68,1,12091,7.99,2005-06-03 19:01:37
2149,29,1,10489,9.99,2005-07-30 22:05:37
2150,2,2,1295,4.99,2005-07-23 15:19:37
2151,191,1,7081,3.99,2005-07-05 07:34:37
2152,372,1,3841,2.99,2005-08-15 05:17:37
2153,362,1,10777,5.99,2005-06-04 06:26:37
2154,169,2,13984,1.99,2005-06-22 19:07:37
2155,494,2,1151,1.99,2005-07-18 23:17:37
2156,31,1,7688,7.99,2005-07-19 21:55:37
2157,595,1,11190,8.99,2005-08-22 06:53:37
2158,362,1,14330,4.99,2005-07-11 08:32:37
2159,163,2,2656,1.99,2005-07-29 22:17:37
2160,159,1,3015,2.99,2005-06-24 12:03:37
2161,507,1,13541,6.99,2005-07-03 23:47:37
2162,300,1,4092,5.99,2005-07-24 16:43:37
2163,337,1,11109,0.99,2005-08-04 06:16:37
2164,445,1,10236,9.99,2005-09-23 03:13:37
2165,148,2,10545,4.99,2005-08-30 08:15:37
2166,130,1,12631,0.99,2005-07-08 05:16:37
2167,237,2,9638,0.99,2005-06-21 01:12:37
2168,593,1,2479,6.99,2005-06-24 05:36:37
2169,527,1,11421,3.99,2005-09-10 00:45:37
2170,399,2,357,7.99,2005-07-10 22:50:37
2171,78,2,231,2.99,2005-05-26 11:50:37
2172,242,1,13892,7.99,2005-05-31 11:45:37
2173,9,2,13034,5.99,2005-06-03 02:50:37
2174,506,1,11613,4.99,2005-06-17 00:13:37
2175,188,2,5535,8.99,2005-06-08 20:21:37
2176,354,1,7185,2.99,2005-08-26 05:58:37
2177,102,2,8868,8.99,2005-07-29 11:09:37
2178,57,1,2292,3.99,2005-08-30 11:47:37
2179,498,1,11891,8.99,2005-07-24 01:35:37
2180,275,2,15083,9.99,2005-08-13 20:55:37
2181,218,1,5340,3.99,2005-09-11 08:10:37
2182,138,1,10413,6.99,2005-07-26 12:43:37
2183,221,1,8435,3.99,2005-07-07 01:15:37
2184,509,2,6319,2.99,2005-06-10 21:12:37
2185,195,2,14300,8.99,2005-08-05 17:13:37
2186,507,2,48,9.99,2005-06-12 02:06:37
2187,72,1,2960,9.99,2005-07-29 07:35:37
2188,191,1,10047,3.99,2005-09-02 03:00:37
2189,395,2,590,7.99,2005-07-22 11:24:37
2190,335,2,12482,9.99,2005-09-05 23:01:37
2191,235,2,6566,2.99,2005-09-18 15:13:37
2192,369,1,4810,6.99,2005-07-26 01:30:37
2193,119,1,8811,7.99,2005-08-01 16:41:37
2194,522,2,2279,6.99,2005-08-12 04:03:37
2195,201,1,809,6.99,2005-07-11 01:25:37
2196,535,1,1879,8.99,2005-07-25 05:32:37
2197,438,2,2519,9.99,2005-07-06 08:51:37
2198,296,1,2364,2.99,2005-06-26 20:01:37
2199,334,1,8555,3.99,2005-07-20 15:46:37
2200,481,1,14795,1.99,2005-05-31 12:48:37
2201,29,1,14623,0.99,2005-07-16 14:38:37
2202,138,2,11305,3.99,2005-08-29 16:20:37
2203,107,2,6293,1.99,2005-06-21 20:50:37
2204,569,2,8798,0.99,2005-08-08 06:25:37
2205,293,1,13482,2.99,2005-08-31 12:56:37
2206,478,1,3675,8.99,2005-06-17 20:49:37
2207,170,2,202,6.99,2005-09-19 22:07:37
2208,208,2,40,8.99,2005-08-15 10:35:37
2209,509,1,355,8.99,2005-07-10 17:14:37
2210,450,2,150,9.99,2005-06-11 20:52:37
2211,400,1,4695,0.99,2005-05-28 12:10:37
2212,453,2,5979,6.99,2005-07-03 18:38:37
2213,423,2,7564,1.99,2005-06-03 20:26:37
2214,523,1,113,8.99,2005-06-14 02:01:37
2215,578,1,11010,8.99,2005-05-30 17:10:37
2216,220,2,12535,6.99,2005-09-18 21:35:37
2217,496,2,2829,0.99,2005-09-13 01:32:37
2218,16,2,13414,0.99,2005-05-31 22:17:37
2219,573,1,3694,8.99,2005-07-15 15:17:37
2220,319,2,13248,2.99,2005-05-31 22:50:37
2221,77,2,7946,1.99,2005-09-13 07:32:37
2222,334,2,12071,2.99,2005-09-21 23:26:37
2223,279,2,12110,9.99,2005-09-01 08:54:37
2224,255,2,12643,5.99,2005-06-29 18:47:37
2225,577,1,12432,8.99,2005-06-11 04:23:37
2226,508,1,15200,1.99,2005-08-03 04:53:37
2227,273,1,9767,4.99,2005-08-12 07:34:37
2228,501,1,4683,2.99,2005-08-03 10:12:37
2229,84,2,9253,6.99,2005-08-01 06:05:37
2230,288,2,6349,8.99,2005-08-27 12:07:37
2231,306,2,13720,2.99,2005-06-10 12:28:37
2232,44,1,1687,6.99,2005-07-18 16:37:37
2233,168,1,9808,5.99,2005-08-27 16:12:37
2234,380,1,8275,0.99,2005-09-23 07:28:37
2235,300,1,9443,8.99,2005-08-31 21:49:37
2236,158,1,147,4.99,2005-09-13 04:33:37
2237,317,1,15611,1.99,2005-07-27 22:42:37
2238,297,2,4618,0.99,2005-09-05 09:22:37
2239,262,1,3424,1.99,2005-06-20 11:04:37
2240,579,2,12483,6.99,2005-08-28 06:30:37
2241,28,2,1892,8.99,2005-07-20 02:36:37
2242,539,2,14709,4.99,2005-07-05 05:30:37
2243,257,1,13938,9.99,2005-07-29 22:19:37
2244,59,2,4895,7.99,2005-08-22 23:03:37
2245,573,1,7563,7.99,2005-08-13 15:56:37
2246,110,1,2187,3.99,2005-06-27 06:02:37
2247,478,1,10611,8.99,2005-06-21 01:02:37
2248,130,2,10656,2.99,2005-07-06 16:26:37
2249,484,2,2497,7.99,2005-06-13 01:26:37
2250,209,1,11731,6.99,2005-08-05 00:44:37
2251,79,2,9416,2.99,2005-08-15 17:48:37
2252,300,2,13434,5.99,2005-09-14 12:14:37
2253,172,2,8135,3.99,2005-09-22 22:52:37
2254,214,2,10616,1.99,2005-06-22 01:56:37
2255,510,2,3251,6.99,2005-05-26 17:35:37
2256,106,1,15456,6.99,2005-09-11 02:48:37
2257,102,1,3257,2.99,2005-07-26 15:33:37
2258,383,1,5589,5.99,2005-06-02 08:16:37
2259,451,2,2528,4.99,2005-08-18 08:08:37
2260,428,2,14242,9.99,2005-08-22 02:36:37
2261,438,2,10486,0.99,2005-09-04 12:41:37
2262,397,1,14333,7.99,2005-07-10 20:42:37
2263,423,2,585,9.99,2005-07-14 18:55:37
2264,92,2,3382,2.99,2005-08-30 02:57:37
2265,410,1,4918,7.99,2005-07-31 10:24:37
2266,408,2,8014,2.99,2005-08-30 01:35:37
2267,280,1,12027,3.99,2005-07-20 21:30:37
2268,468,2,15502,3.99,2005-07-06 04:04:37
2269,443,1,14293,0.99,2005-07-14 05:28:37
2270,86,2,14751,8.99,2005-07-16 18:31:37
2271,96,2,11921,6.99,2005-08-20 20:11:37
2272,325,1,14390,3.99,2005-06-21 22:24:37
2273,278,1,7613,2.99,2005-06-26 19:26:37
2274,151,2,2456,3.99,2005-09-05 13:49:37
2275,406,2,7539,0.99,2005-06-10 11:07:37
2276,189,1,11121,6.99,2005-07-07 08:41:37
2277,588,2,11615,1.99,2005-06-28 13:10:37
2278,148,1,10100,1.99,2005-09-19 13:24:37
2279,557,2,3643,8.99,2005-06-21 20:21:37
2280,378,1,4786,0.99,2005-07-20 17:38:37
2281,71,2,9475,9.99,2005-07-18 04:46:37
2282,369,1,3318,5.99,2005-05-30 02:55:37
2283,231,2,13943,1.99,2005-09-11 04:53:37
2284,380,1,11963,1.99,2005-07-28 18:51:37
2285,340,1,1466,8.99,2005-08-28 23:37:37
2286,398,1,3883,5.99,2005-07-05 02:48:37
2287,97,1,4850,1.99,2005-08-19 21:44:37
2288,352,1,15046,5.99,2005-08-02 05:59:37
2289,189,2,12804,9.99,2005-07-15 09:32:37
2290,3,1,12069,2.99,2005-06-07 19:13:37
2291,481,2,9955,5.99,2005-06-03 12:58:37
2292,268,1,14992,8.99,2005-09-10 14:28:37
2293,597,1,3998,2.99,2005-08-26 02:50:37
2294,117,1,10061,9.99,2005-08-19 17:39:37
2295,543,2,15178,6.99,2005-06-11 00:17:37
2296,481,1,108,4.99,2005-08-16 12:22:37
2297,241,2,1563,5.99,2005-08-31 12:30:37
2298,577,2,322,3.99,2005-08-12 20:06:37
2299,110,2,10243,3.99,2005-08-30 19:02:37
2300,536,2,3326,7.99,2005-08-03 15:41:37
2301,501,1,11703,0.99,2005-08-09 23:17:37
2302,348,2,6540,9.99,2005-06-17 15:26:37
2303,29,2,4094,4.99,2005-06-12 16:07:37
2304,195,1,2173,8.99,2005-08-17 19:00:37
2305,525,2,12019,2.99,2005-09-08 06:37:37
2306,157,1,4411,0.99,2005-09-11 07:06:37
2307,278,1,7304,6.99,2005-06-14 02:20:37
2308,38,2,4645,4.99,2005-05-28 01:00:37
2309,524,2,3032,9.99,2005-06-12 18:12:37
2310,384,2,10745,3.99,2005-07-05 07:17:37
2311,381,2,7311,2.99,2005-07-07 12:21:37
2312,83,2,4440,5.99,2005-08-22 03:18:37
2313,562,1,12873,8.99,2005-06-23 01:53:37
2314,418,1,1336,7.99,2005-07-29 09:19:37
2315,343,2,4541,8.99,2005-08-27 12:55:37
2316,583,2,2816,6.99,2005-08-01 03:14:37
2317,548,2,6521,4.99,2005-08-09 09:12:37
2318,120,2,7531,0.99,2005-06-18 21:26:37
2319,536,1,8202,8.99,2005-06-08 12:03:37
2320,536,2,11292,9.99,2005-08-05 21:27:37
2321,375,2,3249,6.99,2005-09-19 03:16:37
2322,105,2,5206,9.99,2005-05-25 13:52:37
2323,551,2,11693,5.99,2005-08-12 22:34:37
2324,277,2,13169,4.99,2005-08-07 15:31:37
2325,551,2,7539,0.99,2005-07-26 05:04:37
2326,145,1,6723,2.99,2005-08-23 15:13:37
2327,417,1,14832,1.99,2005-09-12 16:28:37
2328,108,2,6000,9.99,2005-09-11 08:39:37
2329,577,1,3860,3.99,2005-07-22 05:45:37
2330,584,2,14253,4.99,2005-07-11 07:10:37
2331,328,1,5337,9.99,2005-07-04 20:15:37
2332,287,2,5228,7.99,2005-09-20 13:14:37
2333,436,1,1247,6.99,2005-09-04 20:46:37
2334,531,1,14423,2.99,2005-07-11 23:13:37
2335,199,1,9859,5.99,2005-07-11 19:08:37
2336,399,1,522,5.99,2005-07-28 20:59:37
2337,291,2,10295,4.99,2005-08-20 23:44:37
2338,455,2,14288,5.99,2005-07-11 21:09:37
2339,79,1,10237,9.99,2005-09-09 12:38:37
2340,516,2,2832,5.99,2005-08-23 13:33:37
2341,33,1,692,3.99,2005-05-27 06:53:37
2342,158,1,12407,6.99,2005-09-16 23:04:37
2343,136,2,15832,9.99,2005-09-11 11:02:37
2344,364,1,10039,6.99,2005-07-06 20:07:37
2345,122,1,14600,9.99,2005-07-13 16:12:37
2346,459,2,3584,3.99,2005-08-06 18:22:37
2347,106,2,4303,9.99,2005-08-02 01:08:37
2348,592,1,9449,8.99,2005-06-10 23:56:37
2349,390,1,10870,6.99,2005-07-19 05:33:37
2350,475,2,11156,5.99,2005-06-30 07:57:37
2351,526,2,9919,2.99,2005-08-19 02:55:37
2352,318,1,11144,7.99,2005-08-26 10:42:37
2353,165,1,2095,2.99,2005-08-12 17:36:37
2354,258,2,11637,1.99,2005-07-23 06:53:37
2355,1,2,6554,2.99,2005-08-18 15:36:37
2356,256,2,8895,4.99,2005-09-06 11:37:37
2357,36,2,13982,6.99,2005-08-28 08:01:37
2358,325,2,4115,6.99,2005-08-07 19:56:37
2359,131,2,2208,2.99,2005-09-05 13:01:37
2360,471,1,8122,0.99,2005-08-31 14:20:37
2361,210,2,13744,7.99,2005-06-24 10:52:37
2362,338,2,7508,7.99,2005-09-19 07:57:37
2363,5,1,10314,0.99,2005-09-03 02:42:37
2364,47,1,3203,0.99,2005-09-20 01:46:37
2365,418,1,9966,9.99,2005-08-23 03:41:37
2366,593,1,13524,3.99,2005-07-06 13:09:37
2367,24,2,8350,8.99,2005-06-15 13:16:37
2368,81,2,15636,9.99,2005-07-18 02:46:37
2369,96,2,12659,2.99,2005-07-12 14:21:37
2370,293,2,11770,2.99,2005-06-18 17:31:37
2371,451,2,11532,4.99,2005-08-05 00:32:37
2372,448,2,1735,7.99,2005-07-27 23:03:37
2373,301,2,15782,2.99,2005-05-29 10:19:37
2374,445,1,1596,9.99,2005-09-21 06:03:37
2375,493,2,10771,9.99,2005-08-31 05:52:37
2376,39,1,8136,8.99,2005-06-04 16:54:37
2377,586,2,7742,8.99,2005-08-05 19:29:37
2378,120,2,14869,1.99,2005-07-06 15:30:37
2379,447,2,8471,6.99,2005-08-25 23:25:37
2380,535,1,12997,7.99,2005-08-22 15:56:37
2381,235,1,7127,9.99,2005-08-16 22:15:37
2382,224,2,1174,3.99,2005-07-23 01:07:37
2383,23,2,12943,4.99,2005-08-01 19:49:37
2384,382,2,3964,3.99,2005-08-23 22:35:37
2385,147,2,2497,8.99,2005-06-09 01:18:37
2386,164,1,3722,6.99,2005-08-26 16:52:37
2387,2,1,3556,2.99,2005-09-13 19:21:37
2388,415,1,4290,1.99,2005-08-30 14:15:37
2389,299,1,9950,9.99,2005-09-15 03:37:37
2390,566,2,8494,3.99,2005-05-27 07:15:37
2391,157,2,12719,7.99,2005-06-10 10:08:37
2392,315,1,645,8.99,2005-06-16 17:03:37
2393,401,2,10931,3.99,2005-07-15 13:16:37
2394,171,2,11566,8.99,2005-08-01 16:33:37
2395,322,2,14735,9.99,2005-07-23 13:55:37
2396,257,1,6100,6.99,2005-06-15 14:28:37
2397,103,2,1931,7.99,2005-07-19 00:46:37
2398,18,2,757,5.99,2005-08-25 11:28:37
2399,577,1,15239,5.99,2005-08-18 01:29:37
2400,200,1,14617,6.99,2005-06-10 13:44:37
2401,248,1,10202,2.99,2005-09-16 06:36:37
2402,20,2,1633,1.99,2005-08-14 06:00:37
2403,506,2,5158,7.99,2005-06-06 21:57:37
2404,242,1,1844,4.99,2005-07-30 11:20:37
2405,275,1,702,3.99,2005-07-19 12:06:37
2406,328,1,5410,8.99,2005-06-17 08:25:37
2407,283,2,7214,0.99,2005-08-29 22:59:37
2408,151,2,15555,0.99,2005-08-14 05:30:37
2409,522,2,12429,3.99,2005-08-31 18:04:37
2410,235,1,12886,2.99,2005-08-24 08:47:37
2411,276,2,14519,9.99,2005-08-05 00:25:37
2412,349,2,7101,7.99,2005-07-25 19:42:37
2413,372,1,4448,7.99,2005-06-26 02:10:37
2414,534,2,6966,3.99,2005-08-04 19:34:37
2415,474,2,13194,0.99,2005-08-04 16:17:37
2416,363,1,1857,0.99,2005-06-23 12:47:37
2417,513,1,10263,3.99,2005-09-14 20:16:37
2418,590,2,6801,4.99,2005-06-29 02:04:37
2419,253,1,8820,0.99,2005-06-16 08:17:37
2420,12,2,11297,9.99,2005-06-13 21:30:37
2421,6,1,11389,0.99,2005-07-27 20:32:37
2422,139,2,954,6.99,2005-09-21 19:18:37
2423,73,1,8978,3.99,2005-08-02 16:41:37
2424,356,2,1199,0.99,2005-06-21 23:20:37
2425,427,2,6250,7.99,2005-09-17 06:28:37
2426,219,2,7481,7.99,2005-06-22 23:41:37
2427,406,1,5475,1.99,2005-07-30 11:23:37
2428,133,1,9945,5.99,2005-06-18 06:54:37
2429,357,2,15375,2.99,2005-09-09 16:01:37
2430,515,2,14329,0.99,2005-07-31 07:15:37
2431,410,1,8650,3.99,2005-08-16 11:25:37
2432,46,2,14056,6.99,2005-07-26 09:59:37
2433,474,2,2928,7.99,2005-09-15 01:16:37
2434,48,2,7422,3.99,2005-07-05 04:19:37
2435,492,1,2311,9.99,2005-06-12 15:02:37
2436,31,1,3973,5.99,2005-09-03 23:01:37
2437,541,1,9852,3.99,2005-06-25 11:34:37
2438,540,2,4647,6.99,2005-06-28 11:06:37
2439,351,1,16011,3.99,2005-07-02 13:45:37
2440,171,2,11107,3.99,2005-08-30 10:14:37
2441,413,2,3882,0.99,2005-06-01 16:40:37
2442,256,2,15378,0.99,2005-08-11 05:25:37
2443,442,2,5901,8.99,2005-06-13 09:57:37
2444,3,1,2613,5.99,2005-07-12 18:06:37
2445,210,2,419,4.99,2005-06-03 18:42:37
2446,465,1,8598,2.99,2005-08-22 21:39:37
2447,137,1,4314,6.99,2005-07-06 20:02:37
2448,526,1,7646,6.99,2005-05-27 18:11:37
2449,411,1,9150,6.99,2005-09-22 00:34:37
2450,556,2,9905,5.99,2005-07-15 05:27:37
2451,484,2,10673,4.99,2005-07-24 19:16:37
2452,126,2,13513,0.99,2005-09-14 12:58:37
2453,358,2,13147,0.99,2005-05-31 23:35:37
2454,581,2,8868,7.99,2005-09-06 13:48:37
2455,65,2,1736,9.99,2005-08-09 01:34:37
2456,296,2,3624,5.99,2005-09-20 08:58:37
2457,111,2,9859,0.99,2005-07-24 01:49:37
2458,230,2,8227,3.99,2005-06-17 08:20:37
2459,519,1,10631,6.99,2005-06-20 22:36:37
2460,146,2,1885,3.99,2005-07-22 20:36:37
2461,443,2,8625,0.99,2005-08-08 02:17:37
2462,143,2,11217,3.99,2005-07-23 11:13:37
2463,512,2,9037,4.99,2005-08-19 17:07:37
2464,419,2,14151,7.99,2005-07-16 20:26:37
2465,596,1,12043,0.99,2005-06-18 17:08:37
2466,123,2,4476,5.99,2005-06-24 13:07:37
2467,105,2,4176,7.99,2005-07-24 20:53:37
2468,83,2,13821,7.99,2005-06-14 22:32:37
2469,19,2,5513,1.99,2005-06-24 07:44:37
2470,265,2,5863,2.99,2005-08-23 13:08:37
2471,372,1,14073,4.99,2005-06-16 11:01:37
2472,360,2,19,9.99,2005-09-23 01:21:37
2473,565,2,3889,0.99,2005-08-24 01:40:37
2474,192,2,6127,0.99,2005-06-19 21:13:37
2475,9,2,7453,7.99,2005-07-01 05:01:37
2476,162,2,4951,9.99,2005-07-22 23:55:37
2477,21,1,4061,2.99,2005-06-28 20:59:37
2478,36,1,3929,0.99,2005-07-21 22:48:37
2479,209,1,7172,9.99,2005-08-08 06:05:37
2480,436,2,2797,6.99,2005-08-31 20:10:37
2481,543,2,694,2.99,2005-06-05 04:47:37
2482,356,1,12215,9.99,2005-09-22 17:27:37
2483,463,1,12127,8.99,2005-06-26 17:25:37
2484,293,2,412,8.99,2005-08-21 07:48:37
2485,483,1,8937,4.99,2005-06-01 06:39:37
2486,114,1,11787,3.99,2005-08-21 12:15:37
2487,220,2,612,6.99,2005-08-01 03:27:37
2488,190,1,13943,5.99,2005-06-09 05:54:37
2489,44,1,6378,3.99,2005-09-11 11:17:37
2490,30,1,7269,9.99,2005-07-14 07:04:37
2491,11,1,7067,5.99,2005-06-18 14:37:37
2492,106,2,4061,1.99,2005-06-20 19:59:37
2493,396,2,14830,9.99,2005-06-03 04:37:37
2494,111,1,288,8.99,2005-05-30 10:48:37
2495,289,2,10728,1.99,2005-09-02 19:47:37
2496,238,1,256,9.99,2005-08-03 19:23:37
2497,18,1,3193,6.99,2005-08-08 18:53:37
2498,310,2,251,3.99,2005-06-01 23:20:37
2499,410,1,11223,1.99,2005-06-18 07:11:37
2500,242,2,331,3.99,2005-09-20 15:45:37
2501,156,2,220,4.99,2005-07-17 16:39:37
2502,116,2,2449,4.99,2005-08-15 10:27:37
2503,34,2,13012,7.99,2005-09-11 23:12:37
2504,4,1,12053,3.99,2005-07-22 16:07:37
2505,336,1,4686,6.99,2005-06-07 14:45:37
2506,372,1,13619,6.99,2005-06-24 03:59:37
2507,362,2,12131,5.99,2005-09-09 04:50:37
2508,558,1,10016,0.99,2005-08-21 00:45:37
2509,355,1,1551,9.99,2005-05-28 00:07:37
2510,384,2,12245,5.99,2005-08-30 03:56:37
2511,391,2,2360,6.99,2005-08-28 16:54:37
2512,461,2,13874,6.99,2005-07-21 18:07:37
2513,581,2,9209,3.99,2005-08-02 11:31:37
2514,443,2,10589,2.99,2005-06-13 08:27:37
2515,412,2,15459,0.99,2005-05-28 08:46:37
2516,149,1,6593,9.99,2005-07-04 08:19:37
2517,161,1,5612,5.99,2005-06-23 12:10:37
2518,116,1,2858,2.99,2005-08-18 21:24:37
2519,126,1,6990,6.99,2005-07-07 21:34:37
2520,2,2,8485,4.99,2005-07-08 20:13:37
2521,115,1,7141,2.99,2005-06-12 15:58:37
2522,312,1,10907,9.99,2005-09-05 17:59:37
2523,482,2,13732,3.99,2005-07-24 19:32:37
2524,594,2,4918,9.99,2005-07-14 04:45:37
2525,199,2,1537,8.99,2005-08-13 09:30:37
2526,16,2,15644,5.99,2005-06-18 22:11:37
2527,106,2,11619,5.99,2005-06-12 01:41:37
2528,70,2,2141,8.99,2005-09-21 03:42:37
2529,113,1,4536,7.99,2005-07-20 15:41:37
2530,294,2,563,1.99,2005-07-05 23:16:37
2531,32,2,12285,3.99,2005-09-14 20:18:37
2532,132,2,7341,2.99,2005-06-12 12:42:37
2533,89,2,63,6.99,2005-06-27 07:20:37
2534,357,2,13000,7.99,2005-06-23 00:11:37
2535,103,2,4958,8.99,2005-06-05 21:33:37
2536,475,1,9118,0.99,2005-07-04 21:28:37
2537,334,2,7676,3.99,2005-06-12 10:50:37
2538,373,1,8394,0.99,2005-08-17 09:57:37
2539,113,2,9098,6.99,2005-09-04 14:32:37
2540,536,1,7300,0.99,2005-08-11 14:51:37
2541,357,1,10033,9.99,2005-07-15 07:32:37
2542,520,1,6673,0.99,2005-07-27 20:03:37
2543,395,2,11784,4.99,2005-07-23 02:06:37
2544,247,1,5672,4.99,2005-06-26 10:09:37
2545,406,1,4289,4.99,2005-09-02 10:31:37
2546,357,2,2291,2.99,2005-06-02 21:49:37
2547,374,1,9722,3.99,2005-08-27 22:44:37
2548,218,2,10307,1.99,2005-07-31 05:40:37
2549,261,1,7091,1.99,2005-09-16 20:41:37
2550,185,1,9552,7.99,2005-07-07 23:33:37
2551,532,2,2134,4.99,2005-06-16 18:17:37
2552,510,2,2681,4.99,2005-07-15 21:48:37
2553,182,2,5337,2.99,2005-06-23 07:39:37
2554,375,2,1966,1.99,2005-05-30 14:48:37
2555,2,1,9940,4.99,2005-09-19 15:58:37
2556,78,2,12043,3.99,2005-07-20 21:05:37
2557,315,1,10770,5.99,2005-09-17 08:30:37
2558,314,1,6810,1.99,2005-08-16 08:45:37
2559,534,1,4689,1.99,2005-06-12 23:20:37
2560,442,2,1009,4.99,2005-06-25 07:40:37
2561,70,2,14736,7.99,2005-07-19 00:36:37
2562,256,1,9549,0.99,2005-06-24 18:58:37
2563,448,1,4673,2.99,2005-06-26 16:44:37
2564,299,1,3483,3.99,2005-09-14 05:17:37
2565,436,2,1214,6.99,2005-05-30 06:54:37
2566,408,2,5846,2.99,2005-07-03 14:57:37
2567,335,2,740,8.99,2005-06-13 20:29:37
2568,212,2,2470,9.99,2005-08-09 10:06:37
2569,75,2,7139,5.99,2005-09-03 19:11:37
2570,505,2,6469,2.99,2005-07-21 12:34:37
2571,413,2,1101,9.99,2005-06-01 06:26:37
2572,456,1,6751,7.99,2005-07-09 06:52:37
2573,502,2,11389,4.99,2005-09-11 07:03:37
2574,482,2,11165,4.99,2005-09-05 06:12:37
2575,107,2,10932,6.99,2005-07-01 10:09:37
2576,507,1,574,5.99,2005-06-14 03:51:37
2577,318,1,12435,4.99,2005-07-26 18:30:37
2578,359,2,12909,5.99,2005-06-28 00:23:37
2579,5,1,7439,2.99,2005-05-25 17:05:37
2580,317,2,1134,0.99,2005-09-08 05:29:37
2581,502,2,13447,7.99,2005-06-07 15:46:37
2582,537,2,178,3.99,2005-07-18 05:04:37
2583,569,2,1647,0.99,2005-07-14 06:20:37
2584,427,2,5888,1.99,2005-07-19 05:30:37
2585,171,2,6471,6.99,2005-08-07 12:15:37
2586,12,2,13648,1.99,2005-07-03 01:36:37
2587,271,1,14071,5.99,2005-07-26 12:04:37
2588,517,2,800,4.99,2005-09-14 14:37:37
2589,62,1,9243,6.99,2005-07-14 18:06:37
2590,130,2,11059,8.99,2005-08-18 07:25:37
2591,546,1,13731,0.99,2005-06-15 04:45:37
2592,72,1,9497,9.99,2005-08-26 21:55:37
2593,442,1,2835,6.99,2005-09-07 03:25:37
2594,297,1,8051,8.99,2005-07-04 23:44:37
2595,507,1,11779,8.99,2005-06-17 03:27:37
2596,429,1,5889,7.99,2005-07-16 08:28:37
2597,588,2,11589,6.99,2005-09-04 15:58:37
2598,153,2,2413,8.99,2005-06-15 11:54:37
2599,586,1,3161,8.99,2005-06-21 11:46:37
2600,182,2,1958,5.99,2005-08-26 22:31:37
2601,96,2,14699,4.99,2005-08-27 10:00:37
2602,174,2,4157,4.99,2005-07-02 06:05:37
2603,405,2,15744,0.99,2005-08-10 00:14:37
2604,504,1,14967,2.99,2005-09-04 04:10:37
2605,76,2,817,0.99,2005-08-19 22:35:37
2606,422,1,6518,4.99,2005-06-04 09:11:37
2607,345,2,5474,9.99,2005-06-27 04:07:37
2608,165,1,9391,1.99,2005-09-14 17:49:37
2609,384,2,3602,9.99,2005-06-22 07:39:37
2610,108,1,6682,5.99,2005-06-29 23:28:37
2611,210,2,9596,5.99,2005-08-10 12:45:37
2612,140,2,4733,5.99,2005-05-27 13:21:37
2613,276,1,14974,7.99,2005-06-16 05:33:37
2614,151,1,7533,8.99,2005-06-01 23:53:37
2615,438,2,5080,9.99,2005-06-17 03:25:37
2616,339,2,9349,2.99,2005-06-21 12:54:37
2617,235,2,5929,2.99,2005-08-27 19:13:37
2618,445,1,12958,1.99,2005-08-21 08:35:37
2619,236,1,11330,5.99,2005-07-28 08:00:37
2620,400,2,9504,8.99,2005-07-13 10:23:37
2621,287,1,7877,9.99,2005-08-21 03:21:37
2622,152,1,10388,2.99,2005-06-20 04:29:37
2623,265,2,13764,4.99,2005-08-24 06:40:37
2624,515,2,11624,7.99,2005-06-17 09:13:37
2625,570,2,5915,3.99,2005-07-11 06:45:37
2626,80,1,2716,9.99,2005-06-24 16:38:37
2627,18,1,4636,3.99,2005-06-17 23:43:37
2628,282,2,5882,6.99,2005-06-07 05:07:37
2629,284,2,3952,5.99,2005-08-23 14:48:37
2630,194,1,14375,8.99,2005-09-05 04:48:37
2631,116,2,7540,4.99,2005-08-03 12:19:37
2632,490,1,6162,9.99,2005-07-11 22:58:37
2633,26,1,11792,2.99,2005-06-07 03:09:37
2634,330,2,7388,5.99,2005-06-07 08:12:37
2635,468,1,7870,3.99,2005-08-29 08:46:37
2636,28,2,2549,5.99,2005-08-17 06:09:37
2637,199,2,8810,3.99,2005-08-10 06:46:37
2638,166,1,8745,7.99,2005-06-04 03:08:37
2639,459,1,15874,4.99,2005-06-17 13:32:37
2640,26,2,10332,5.99,2005-08-03 16:29:37
2641,64,2,12298,4.99,2005-09-05 11:43:37
2642,37,2,2294,4.99,2005-05-27 22:00:37
2643,139,2,9626,7.99,2005-06-27 02:46:37
2644,532,1,546,4.99,2005-08-14 01:47:37
2645,581,2,12225,0.99,2005-08-07 17:40:37
2646,351,2,5305,2.99,2005-08-11 22:12:37
2647,59,2,195,1.99,2005-08-18 00:18:37
2648,568,1,14195,3.99,2005-08-02 04:43:37
2649,244,2,14693,1.99,2005-07-11 09:35:37
2650,4,1,6688,4.99,2005-06-11 19:08:37
2651,100,1,7858,6.99,2005-06-20 01:17:37
2652,194,1,5264,9.99,2005-06-04 22:31:37
2653,516,2,11811,0.99,2005-08-02 09:40:37
2654,28,1,545,2.99,2005-07-24 01:35:37
2655,279,2,12266,5.99,2005-06-18 15:16:37
2656,465,1,11205,3.99,2005-06-11 21:35:37
2657,426,2,3586,3.99,2005-07-18 12:38:37
2658,302,2,5801,5.99,2005-07-09 22:37:37
2659,512,1,5689,7.99,2005-09-19 04:21:37
2660,256,2,6574,8.99,2005-07-01 16:35:37
2661,289,1,11018,4.99,2005-07-27 13:50:37
2662,496,2,15444,0.99,2005-07-30 10:27:37
2663,548,1,15736,8.99,2005-08-18 03:25:37
2664,563,1,10231,1.99,2005-08-21 16:47:37
2665,15,2,6752,1.99,2005-09-02 12:31:37
2666,386,2,2421,8.99,2005-07-10 05:31:37
2667,387,1,10943,4.99,2005-08-24 09:00:37
2668,97,1,904,6.99,2005-08-03 15:02:37
2669,416,1,3937,7.99,2005-09-07 13:18:37
2670,598,2,14414,7.99,2005-09-10 09:46:37
2671,437,2,15541,3.99,2005-09-08 08:47:37
2672,571,2,12186,9.99,2005-07-04 06:21:37
2673,231,1,8358,2.99,2005-09-09 23:26:37
2674,375,2,1027,5.99,2005-08-21 17:08:37
2675,510,2,11390,8.99,2005-09-17 16:55:37
2676,359,1,4779,7.99,2005-06-27 17:14:37
2677,56,1,12983,5.99,2005-06-28 10:06:37
2678,107,1,7338,9.99,2005-07-19 18:36:37
2679,554,2,13096,1.99,2005-08-14 02:36:37
2680,104,1,1931,3.99,2005-07-28 22:17:37
2681,166,1,8813,6.99,2005-06-21 16:01:37
2682,252,1,15485,4.99,2005-06-28 12:10:37
2683,244,1,13897,4.99,2005-09-12 19:10:37
2684,110,1,9014,6.99,2005-08-07 03:25:37
2685,262,2,2668,7.99,2005-07-26 07:24:37
2686,93,2,6040,2.99,2005-06-09 01:00:37
2687,390,2,11032,3.99,2005-08-06 22:15:37
2688,478,1,14105,6.99,2005-06-06 13:35:37
2689,445,2,235,6.99,2005-08-02 02:29:37
2690,340,2,11339,7.99,2005-06-20 05:45:37
2691,207,1,4195,8.99,2005-08-25 16:01:37
2692,378,2,3547,9.99,2005-06-19 15:08:37
2693,261,1,2128,4.99,2005-08-20 06:54:37
2694,552,1,9757,5.99,2005-09-18 23:35:37
2695,32,2,9743,3.99,2005-08-12 23:57:37
2696,458,2,13065,3.99,2005-09-16 00:36:37
2697,68,2,10093,3.99,2005-07-19 19:37:37
2698,307,2,5915,4.99,2005-09-19 07:55:37
2699,77,2,4007,8.99,2005-08-11 22:04:37
2700,536,2,9586,5.99,2005-08-10 16:10:37
2701,401,1,1083,7.99,2005-06-23 19:18:37
2702,341,2,3169,5.99,2005-06-16 10:02:37
2703,244,1,14493,6.99,2005-08-14 12:08:37
2704,578,2,8643,2.99,2005-06-07 23:43:37
2705,108,1,12785,8.99,2005-06-13 23:20:37
2706,154,1,11559,7.99,2005-07-29 02:03:37
2707,404,1,4788,4.99,2005-07-24 11:59:37
2708,225,2,13905,9.99,2005-06-13 12:12:37
2709,452,2,7738,1.99,2005-08-27 01:53:37
2710,568,1,11055,0.99,2005-07-24 03:39:37
2711,562,1,15559,1.99,2005-07-13 12:47:37
2712,307,1,13166,6.99,2005-07-24 05:18:37
2713,203,2,13609,9.99,2005-07-15 15:00:37
2714,463,1,9394,7.99,2005-05-28 16:13:37
2715,391,2,7253,0.99,2005-07-05 19:56:37
2716,307,2,13272,7.99,2005-09-17 20:44:37
2717,173,2,8342,2.99,2005-09-06 02:06:37
2718,282,2,320,0.99,2005-08-01 02:39:37
2719,566,1,5971,3.99,2005-09-12 01:21:37
2720,378,1,9779,1.99,2005-07-12 20:19:37
2721,20,1,4080,4.99,2005-08-20 17:59:37
2722,346,1,7876,1.99,2005-08-04 13:40:37
2723,461,1,15103,7.99,2005-08-16 18:03:37
2724,308,1,5797,0.99,2005-09-05 21:09:37
2725,176,2,1958,4.99,2005-06-21 05:56:37
2726,492,2,9511,8.99,2005-07-12 03:52:37
2727,191,2,3375,3.99,2005-07-19 04:21:37
2728,561,2,5999,7.99,2005-06-05 18:01:37
2729,339,2,6747,8.99,2005-09-09 06:46:37
2730,93,1,11498,3.99,2005-07-05 05:26:37
2731,400,1,15114,2.99,2005-08-04 15:41:37
2732,344,1,11746,4.99,2005-08-18 06:51:37
2733,146,2,11967,1.99,2005-07-28 09:45:37
2734,523,1,15512,5.99,2005-09-05 13:39:37
2735,307,1,15216,1.99,2005-09-16 08:46:37
2736,192,1,6642,5.99,2005-06-01 19:29:37
2737,445,2,7476,1.99,2005-05-29 10:24:37
2738,372,2,3963,8.99,2005-09-03 04:17:37
2739,106,2,12639,7.99,2005-06-07 11:33:37
2740,394,2,4685,7.99,2005-09-08 14:25:37
2741,190,1,9970,4.99,2005-08-04 17:37:37
2742,290,2,5315,8.99,2005-06-13 18:23:37
2743,314,2,4874,1.99,2005-06-20 22:38:37
2744,274,2,12265,9.99,2005-06-30 09:35:37
2745,542,1,6629,1.99,2005-09-04 10:48:37
2746,383,2,5568,2.99,2005-07-17 03:11:37
2747,285,1,14665,9.99,2005-08-27 15:38:37
2748,50,2,10525,6.99,2005-08-07 06:21:37
2749,423,2,8251,2.99,2005-07-04 13:04:37
2750,196,2,10819,3.99,2005-06-26 02:23:37
2751,46,2,14001,7.99,2005-08-31 22:28:37
2752,102,2,15937,5.99,2005-08-26 10:19:37
2753,112,2,7793,2.99,2005-06-19 22:26:37
2754,461,2,15111,1.99,2005-08-07 13:38:37
2755,323,1,10204,5.99,2005-08-03 17:30:37
2756,19,2,14090,7.99,2005-07-04 09:02:37
2757,4,2,12501,5.99,2005-06-06 05:38:37
2758,97,1,1447,0.99,2005-06-12 09:48:37
2759,75,2,10964,1.99,2005-07-05 08:07:37
2760,366,1,15968,1.99,2005-08-18 06:39:37
2761,584,2,6910,8.99,2005-08-01 21:15:37
2762,187,1,8526,5.99,2005-07-07 11:52:37
2763,31,2,7569,4.99,2005-07-01 04:24:37
2764,511,1,9672,9.99,2005-05-31 08:53:37
2765,99,2,6299,3.99,2005-09-16 10:41:37
2766,349,2,2648,5.99,2005-07-31 01:18:37
2767,461,1,10801,9.99,2005-09-02 18:03:37
2768,487,2,11833,3.99,2005-06-08 16:37:37
2769,248,2,14340,5.99,2005-07-23 19:38:37
2770,227,1,2031,4.99,2005-05-27 15:58:37
2771,531,1,13889,7.99,2005-06-12 13:35:37
2772,26,2,126,2.99,2005-08-12 07:51:37
2773,157,2,15976,8.99,2005-08-22 12:40:37
2774,499,1,799,0.99,2005-06-16 02:53:37
2775,8,2,9099,8.99,2005-06-01 14:25:37
2776,130,2,10477,9.99,2005-06-12 11:52:37
2777,539,2,4993,8.99,2005-07-29 06:37:37
2778,290,1,9462,2.99,2005-06-09 18:33:37
2779,22,2,11019,9.99,2005-07-17 03:31:37
2780,230,1,6486,5.99,2005-08-23 21:32:37
2781,470,1,13854,5.99,2005-05-29 07:26:37
2782,231,2,3494,6.99,2005-09-07 18:01:37
2783,250,2,8520,9.99,2005-08-29 07:40:37
2784,34,2,15816,7.99,2005-07-05 20:00:37
2785,267,2,4095,7.99,2005-07-08 13:12:37
2786,473,2,11057,0.99,2005-07-24 14:09:37
2787,47,1,5254,5.99,2005-07-16 00:28:37
2788,278,2,10401,9.99,2005-08-01 08:13:37
2789,226,2,13958,6.99,2005-07-19 22:26:37
2790,499,2,13882,4.99,2005-06-18 07:07:37
2791,151,2,13528,2.99,2005-08-24 00:28:37
2792,298,2,2501,9.99,2005-09-04 01:28:37
2793,21,2,13218,8.99,2005-06-20 10:54:37
2794,509,2,6559,0.99,2005-08-19 04:44:37
2795,304,1,1039,2.99,2005-08-14 19:42:37
2796,19,2,10844,8.99,2005-07-05 05:22:37
2797,132,2,12336,6.99,2005-09-08 10:17:37
2798,213,1,11014,9.99,2005-09-05 16:54:37
2799,14,1,3815,0.99,2005-09-02 05:29:37
2800,118,1,11085,1.99,2005-06-20 05:30:37
2801,481,1,82,8.99,2005-06-22 00:07:37
2802,63,2,6863,8.99,2005-08-23 21:39:37
2803,253,1,3896,8.99,2005-06-09 06:30:37
2804,223,1,12214,5.99,2005-05-27 08:31:37
2805,374,1,7220,6.99,2005-06-17 07:03:37
2806,536,2,1658,6.99,2005-08-16 06:25:37
2807,476,2,3424,0.99,2005-06-29 08:16:37
2808,427,1,5647,0.99,2005-09-19 10:55:37
2809,426,1,5959,2.99,2005-08-11 01:58:37
2810,337,2,2741,5.99,2005-08-12 02:01:37
2811,418,1,2973,4.99,2005-05-29 14:04:37
2812,377,2,7058,7.99,2005-05-30 17:24:37
2813,378,1,9257,2.99,2005-08-30 13:41:37
2814,263,2,6775,0.99,2005-06-14 21:43:37
2815,499,1,8134,6.99,2005-06-23 16:30:37
2816,185,1,10359,9.99,2005-09-12 07:34:37
2817,417,2,7668,5.99,2005-07-08 01:25:37
2818,527,2,5363,8.99,2005-07-21 19:45:37
2819,245,2,6396,8.99,2005-08-12 20:17:37
2820,303,2,1576,8.99,2005-05-26 08:49:37
2821,558,2,4889,8.99,2005-06-26 14:14:37
2822,480,2,7165,8.99,2005-09-06 19:27:37
2823,269,1,12545,7.99,2005-09-12 06:24:37
2824,242,1,891,2.99,2005-07-25 17:41:37
2825,599,1,12632,3.99,2005-08-15 02:26:37
2826,397,1,15273,2.99,2005-06-24 00:06:37
2827,491,2,936,7.99,2005-05-31 07:33:37
2828,456,1,636,0.99,2005-06-10 22:01:37
2829,410,1,10446,7.99,2005-09-01 01:18:37
2830,339,2,7265,1.99,2005-08-16 12:17:37
2831,86,2,8979,6.99,2005-06-22 19:05:37
2832,177,2,7328,4.99,2005-07-17 14:44:37
2833,38,2,4193,5.99,2005-06-17 22:28:37
2834,468,1,7245,4.99,2005-09-19 06:45:37
2835,176,2,9695,3.99,2005-09-03 18:07:37
2836,292,1,6954,8.99,2005-06-10 09:53:37
2837,151,1,4625,3.99,2005-07-15 01:00:37
2838,547,1,10389,4.99,2005-08-04 06:51:37
2839,317,1,3804,2.99,2005-07-23 18:30:37
2840,235,2,1827,6.99,2005-09-07 02:04:37
2841,161,2,10271,0.99,2005-07-22 02:01:37
2842,64,1,840,5.99,2005-06-24 05:52:37
2843,249,2,13720,2.99,2005-07-20 18:27:37
2844,223,1,10064,6.99,2005-08-07 21:21:37
2845,205,1,12342,5.99,2005-09-17 10:08:37
2846,218,1,6977,1.99,2005-06-21 07:55:37
2847,566,1,11588,2.99,2005-08-03 02:28:37
2848,537,1,5602,4.99,2005-07-09 02:23:37
2849,379,1,6837,8.99,2005-06-19 04:15:37
2850,593,1,15982,2.99,2005-09-03 04:33:37
2851,569,1,2386,2.99,2005-07-14 23:55:37
2852,7,2,6273,0.99,2005-08-26 08:56:37
2853,549,1,2458,5.99,2005-07-01 05:13:37
2854,596,1,3859,0.99,2005-06-15 03:27:37
2855,541,2,15209,7.99,2005-09-09 10:26:37
2856,503,1,2507,9.99,2005-06-04 23:07:37
2857,65,1,13352,4.99,2005-08-28 18:34:37
2858,517,2,11610,5.99,2005-09-21 19:27:37
2859,247,2,3649,2.99,2005-09-08 22:36:37
2860,108,1,4543,8.99,2005-09-17 22:34:37
2861,132,2,10077,2.99,2005-06-27 14:23:37
2862,584,1,9329,3.99,2005-07-06 08:32:37
2863,530,1,3653,8.99,2005-08-07 10:55:37
2864,176,2,11144,2.99,2005-09-23 00:25:37
2865,355,2,8862,8.99,2005-09-02 11:08:37
2866,507,1,4846,7.99,2005-06-18 12:56:37
2867,300,2,13982,5.99,2005-08-04 12:47:37
2868,131,1,15868,3.99,2005-07-26 03:25:37
2869,41,2,212,2.99,2005-08-06 09:52:37
2870,515,1,8858,5.99,2005-09-09 20:32:37
2871,78,2,2955,4.99,2005-09-14 11:17:37
2872,170,2,10753,4.99,2005-07-18 02:52:37
2873,296,2,7735,3.99,2005-07-06 05:16:37
2874,98,1,6864,6.99,2005-06-07 13:08:37
2875,370,1,262,7.99,2005-08-14 17:35:37
2876,78,2,15166,5.99,2005-08-13 15:17:37
2877,67,1,14015,1.99,2005-07-03 11:51:37
2878,279,1,3390,5.99,2005-08-15 18:28:37
2879,382,2,12806,8.99,2005-09-14 15:09:37
2880,302,2,11332,7.99,2005-07-09 17:51:37
2881,455,2,11616,6.99,2005-08-04 10:33:37
2882,567,2,7060,7.99,2005-05-30 17:39:37
2883,150,2,2595,9.99,2005-09-22 13:59:37
2884,30,1,12420,7.99,2005-09-20 14:06:37
2885,413,1,6447,9.99,2005-08-20 12:12:37
2886,320,1,13734,0.99,2005-06-27 09:11:37
2887,122,1,403,8.99,2005-09-08 23:45:37
2888,509,2,12276,3.99,2005-06-14 08:12:37
2889,234,2,15337,5.99,2005-09-07 21:45:37
2890,232,1,13433,3.99,2005-06-27 22:12:37
2891,191,1,14426,7.99,2005-06-20 07:20:37
2892,473,2,13549,1.99,2005-08-06 20:20:37
2893,373,2,9208,5.99,2005-06-10 10:38:37
2894,322,2,8020,3.99,2005-07-20 22:18:37
2895,192,1,8992,6.99,2005-06-03 00:01:37
2896,144,2,10316,9.99,2005-06-03 08:06:37
2897,121,1,7897,2.99,2005-06-05 21:15:37
2898,241,1,12191,1.99,2005-07-19 01:16:37
2899,243,1,5448,7.99,2005-07-08 11:58:37
2900,337,1,8052,5.99,2005-08-31 18:53:37
2901,462,2,9811,0.99,2005-06-11 00:50:37
2902,473,1,1991,3.99,2005-05-27 13:25:37
2903,554,2,7415,6.99,2005-09-19 06:19:37
2904,280,1,3445,7.99,2005-09-02 15:08:37
2905,496,2,11805,2.99,2005-06-06 21:07:37
2906,200,1,1287,3.99,2005-05-28 22:07:37
2907,235,1,5785,3.99,2005-09-21 01:08:37
2908,290,1,14578,8.99,2005-08-01 00:48:37
2909,376,1,5777,3.99,2005-07-14 04:27:37
2910,11,1,1580,9.99,2005-08-14 18:05:37
2911,391,1,5013,9.99,2005-07-01 16:34:37
2912,53,2,5655,8.99,2005-08-03 11:50:37
2913,570,2,6908,5.99,2005-09-02 19:12:37
2914,451,2,169,6.99,2005-08-24 02:52:37
2915,496,1,7036,3.99,2005-06-25 13:19:37
2916,394,2,14643,2.99,2005-07-04 17:02:37
2917,326,1,7226,8.99,2005-08-17 01:33:37
2918,337,2,5809,8.99,2005-09-19 09:24:37
2919,397,1,5082,5.99,2005-08-01 03:45:37
2920,355,2,8681,3.99,2005-09-18 23:47:37
2921,139,2,4769,4.99,2005-06-05 14:42:37
2922,427,2,12658,0.99,2005-05-29 18:45:37
2923,356,1,7547,3.99,2005-06-13 10:29:37
2924,177,2,11104,7.99,2005-07-27 18:27:37
2925,57,2,8217,7.99,2005-06-07 05:49:37
2926,90,1,5523,8.99,2005-08-21 04:26:37
2927,445,2,8112,5.99,2005-07-12 11:29:37
2928,502,1,252,8.99,2005-08-03 19:26:37
2929,553,2,11594,5.99,2005-09-09 18:07:37
2930,390,1,5125,9.99,2005-07-29 09:56:37
2931,7,1,7050,4.99,2005-06-22 13:03:37
2932,41,1,4018,1.99,2005-06-29 09:45:37
2933,503,1,14964,5.99,2005-07-21 20:43:37
2934,276,2,4694,8.99,2005-07-16 18:35:37
2935,151,1,9462,8.99,2005-06-02 01:19:37
2936,566,2,5892,3.99,2005-06-24 21:21:37
2937,251,1,6996,6.99,2005-06-30 20:18:37
2938,468,1,6584,0.99,2005-07-29 17:03:37
2939,303,1,9607,8.99,2005-08-19 23:19:37
2940,1,2,4407,2.99,2005-07-12 22:23:37
2941,552,2,2883,2.99,2005-05-26 19:32:37
2942,90,2,3744,1.99,2005-09-19 17:58:37
2943,479,1,12869,5.99,2005-07-04 17:56:37
2944,258,2,8625,5.99,2005-09-13 11:55:37
2945,487,1,6063,9.99,2005-09-15 10:21:37
2946,492,1,13347,5.99,2005-09-03 23:51:37
2947,174,1,10877,7.99,2005-06-16 19:42:37
2948,289,1,11360,0.99,2005-06-12 21:59:37
2949,478,2,11082,0.99,2005-07-05 01:50:37
2950,417,2,3545,0.99,2005-07-08 02:28:37
2951,569,2,15772,4.99,2005-08-25 13:38:37
2952,242,2,12629,7.99,2005-08-16 16:49:37
2953,413,2,13568,7.99,2005-07-20 19:31:37
2954,353,1,7187,5.99,2005-09-09 12:05:37
2955,306,1,11425,8.99,2005-08-22 17:01:37
2956,301,2,9067,3.99,2005-07-08 19:53:37
2957,469,2,5542,6.99,2005-07-13 11:30:37
2958,112,1,4170,8.99,2005-06-24 09:51:37
2959,497,2,15917,8.99,2005-06-03 01:23:37
2960,242,1,14729,9.99,2005-09-23 06:41:37
2961,566,1,6140,0.99,2005-05-28 03:18:37
2962,143,1,13737,4.99,2005-05-27 01:49:37
2963,49,1,14862,4.99,2005-06-26 16:10:37
2964,114,2,8314,3.99,2005-08-30 23:52:37
2965,497,1,11140,4.99,2005-06-20 06:44:37
2966,57,2,12846,2.99,2005-07-04 01:05:37
2967,260,1,6296,0.99,2005-09-18 00:49:37
2968,374,2,7343,7.99,2005-08-09 00:15:37
2969,424,2,12740,2.99,2005-06-09 21:54:37
2970,405,1,1160,8.99,2005-08-26 14:29:37
2971,345,1,4383,9.99,2005-08-07 13:15:37
2972,262,1,3910,8.99,2005-09-14 12:42:37
2973,261,1,10974,5.99,2005-07-01 22:53:37
2974,8,1,200,1.99,2005-06-09 16:15:37
2975,584,1,4130,1.99,2005-07-22 19:32:37
2976,519,1,12553,0.99,2005-07-17 10:46:37
2977,443,2,5738,1.99,2005-07-08 15:44:37
2978,555,1,3466,4.99,2005-08-06 02:03:37
2979,72,1,12012,4.99,2005-09-11 10:57:37
2980,483,2,10695,4.99,2005-08-20 15:04:37
2981,32,2,9259,8.99,2005-07-23 13:46:37
2982,274,2,16036,7.99,2005-09-20 23:32:37
2983,559,1,11612,8.99,2005-08-21 23:14:37
2984,554,1,8294,5.99,2005-09-23 07:25:37
2985,338,2,12003,6.99,2005-05-31 04:22:37
2986,292,2,9421,1.99,2005-07-22 18:09:37
2987,363,2,11703,9.99,2005-07-22 21:22:37
2988,566,2,9002,9.99,2005-08-15 06:37:37
2989,520,1,5502,4.99,2005-07-01 20:23:37
2990,578,1,1903,9.99,2005-09-04 15:56:37
2991,242,1,12471,2.99,2005-06-17 13:49:37
2992,171,2,9828,5.99,2005-07-11 13:07:37
2993,449,1,10453,3.99,2005-09-05 05:07:37
2994,347,1,9930,1.99,2005-09-17 06:08:37
2995,299,2,15812,6.99,2005-06-22 22:02:37
2996,483,2,11862,4.99,2005-08-23 07:04:37
2997,164,2,15644,9.99,2005-06-28 17:42:37
2998,39,1,9009,0.99,2005-07-17 07:19:37
2999,535,1,1255,2.99,2005-07-02 04:17:37
3000,106,2,14149,1.99,2005-08-09 13:26:37
3001,242,2,14406,1.99,2005-09-15 11:48:37
3002,308,2,4119,6.99,2005-07-24 21:56:37
3003,87,1,10158,8.99,2005-08-06 05:24:37
3004,375,2,3603,4.99,2005-06-11 06:35:37
3005,62,1,12224,6.99,2005-06-17 18:09:37
3006,333,2,14305,4.99,2005-08-28 23:52:37
3007,309,2,9389,8.99,2005-06-24 19:31:37
3008,122,1,5573,0.99,2005-07-07 12:16:37
3009,151,2,10979,7.99,2005-06-22 16:54:37
3010,330,1,219,3.99,2005-06-13 06:05:37
3011,456,2,4982,8.99,2005-06-18 23:36:37
3012,503,2,9778,8.99,2005-07-17 13:24:37
3013,506,1,10007,8.99,2005-06-24 08:48:37
3014,594,1,11187,5.99,2005-07-02 11:27:37
3015,196,2,8237,0.99,2005-08-03 21:56:37
3016,304,1,3467,1.99,2005-07-24 02:54:37
3017,21,1,14666,7.99,2005-06-12 00:12:37
3018,49,1,7454,9.99,2005-09-09 18:16:37
3019,320,2,4174,8.99,2005-08-01 15:00:37
3020,41,1,12663,8.99,2005-08-07 21:50:37
3021,227,1,10915,7.99,2005-06-21 09:27:37
3022,80,2,12121,1.99,2005-07-19 17:44:37
3023,109,1,3031,6.99,2005-06-14 04:28:37
3024,254,2,4228,9.99,2005-07-27 09:27:37
3025,587,1,14996,5.99,2005-05-31 20:12:37
3026,589,2,2473,6.99,2005-07-12 06:54:37
3027,498,2,11774,1.99,2005-09-09 18:23:37
3028,29,2,2710,4.99,2005-08-28 20:27:37
3029,271,1,13300,6.99,2005-09-23 10:39:37
3030,395,2,10128,4.99,2005-09-10 00:41:37
3031,159,1,333,7.99,2005-09-06 01:05:37
3032,271,2,13052,6.99,2005-08-09 13:25:37
3033,315,2,1115,2.99,2005-05-26 05:01:37
3034,221,1,15633,3.99,2005-09-01 16:40:37
3035,410,1,11333,0.99,2005-08-21 04:16:37
3036,339,1,11105,9.99,2005-08-28 19:30:37
3037,532,1,1102,3.99,2005-09-12 16:38:37
3038,33,2,2199,8.99,2005-08-30 04:23:37
3039,426,1,5917,0.99,2005-07-03 22:16:37
3040,256,1,10052,9.99,2005-07-11 15:27:37
3041,370,1,5471,2.99,2005-07-10 23:58:37
3042,186,2,588,9.99,2005-05-28 12:07:37
3043,324,2,1929,9.99,2005-05-28 09:21:37
3044,61,1,14298,4.99,2005-09-15 16:57:37
3045,545,1,7249,5.99,2005-06-02 15:56:37
3046,111,2,10738,4.99,2005-06-10 20:53:37
3047,85,1,1969,2.99,2005-07-10 15:23:37
3048,323,2,15775,3.99,2005-06-25 14:00:37
3049,33,1,11937,4.99,2005-06-29 11:54:37
3050,278,2,6334,9.99,2005-09-06 15:51:37
3051,464,1,8329,8.99,2005-07-20 22:27:37
3052,594,2,2751,5.99,2005-06-06 00:52:37
3053,561,1,2305,8.99,2005-06-03 09:37:37
3054,208,2,15375,8.99,2005-07-12 11:10:37
3055,448,2,5541,5.99,2005-09-17 00:15:37
3056,34,1,7934,7.99,2005-08-12 00:33:37
3057,409,2,14358,2.99,2005-07-17 12:01:37
3058,70,1,2272,7.99,2005-06-26 16:55:37
3059,315,2,610,0.99,2005-07-19 17:44:37
3060,25,2,534,1.99,2005-05-31 02:22:37
3061,3,2,276,4.99,2005-07-08 13:09:37
3062,212,1,10271,9.99,2005-09-19 15:07:37
3063,286,1,11716,6.99,2005-06-30 20:01:37
3064,542,1,11564,1.99,2005-06-27 07:08:37
3065,448,2,851,4.99,2005-07-16 02:36:37
3066,361,1,5876,9.99,2005-06-14 05:40:37
3067,298,1,1967,4.99,2005-06-11 02:03:37
3068,373,1,7583,7.99,2005-06-26 19:36:37
3069,116,1,3771,0.99,2005-06-24 12:06:37
3070,121,2,8799,5.99,2005-07-25 00:22:37
3071,48,1,12386,1.99,2005-08-02 19:54:37
3072,36,2,11234,1.99,2005-06-19 12:37:37
3073,335,2,10614,1.99,2005-06-29 11:54:37
3074,496,1,12979,9.99,2005-08-23 00:47:37
3075,486,2,15192,6.99,2005-06-06 04:02:37
3076,563,2,9542,6.99,2005-09-23 03:38:37
3077,419,2,15376,0.99,2005-09-16 23:08:37
3078,5,2,6188,2.99,2005-07-25 22:45:37
3079,140,2,3787,8.99,2005-08-28 13:44:37
3080,15,2,8101,1.99,2005-07-11 01:07:37
3081,528,1,7457,3.99,2005-07-02 17:37:37
3082,358,2,13923,7.99,2005-06-05 03:18:37
3083,412,2,6832,5.99,2005-06-21 19:12:37
3084,442,1,13713,2.99,2005-08-04 09:10:37
3085,469,1,14891,5.99,2005-09-11 11:37:37
3086,492,2,14503,1.99,2005-06-17 14:08:37
3087,68,1,744,7.99,2005-07-19 21:50:37
3088,116,1,8503,1.99,2005-06-30 08:38:37
3089,425,2,1581,7.99,2005-07-11 22:18:37
3090,238,2,3736,1.99,2005-08-10 04:22:37
3091,384,2,6259,0.99,2005-06-14 13:07:37
3092,594,2,7986,1.99,2005-07-17 20:05:37
3093,225,1,6316,6.99,2005-06-08 10:36:37
3094,187,2,7433,8.99,2005-08-14 07:12:37
3095,257,2,8391,8.99,2005-08-25 23:03:37
3096,334,1,2115,1.99,2005-09-04 00:13:37
3097,481,2,9690,9.99,2005-06-08 16:31:37
3098,325,2,9163,5.99,2005-08-17 05:49:37
3099,430,2,3721,5.99,2005-06-25 09:03:37
3100,596,2,4759,6.99,2005-09-07 12:19:37
3101,155,1,7908,2.99,2005-07-20 21:00:37
3102,123,2,13708,5.99,2005-08-06 04:23:37
3103,584,2,5017,0.99,2005-08-19 17:20:37
3104,128,2,9871,5.99,2005-08-06 15:18:37
3105,376,1,4355,2.99,2005-06-16 15:46:37
3106,346,1,4001,2.99,2005-07-08 07:00:37
3107,41,1,15332,6.99,2005-06-21 03:31:37
3108,14,2,9642,1.99,2005-09-01 10:32:37
3109,217,2,10809,8.99,2005-06-23 04:04:37
3110,331,2,4788,4.99,2005-07-23 01:53:37
3111,524,1,13635,3.99,2005-07-12 18:38:37
3112,313,2,15107,3.99,2005-07-23 06:06:37
3113,194,2,1550,3.99,2005-06-21 16:42:37
3114,121,2,5837,1.99,2005-06-09 10:00:37
3115,476,2,3927,7.99,2005-06-03 01:38:37
3116,552,2,12824,4.99,2005-08-12 09:20:37
3117,131,2,7573,7.99,2005-09-13 10:43:37
3118,547,1,570,2.99,2005-07-08 16:10:37
3119,293,1,3732,2.99,2005-07-12 03:13:37
3120,2,2,10540,4.99,2005-06-13 21:54:37
3121,551,1,15393,5.99,2005-07-04 21:28:37
3122,506,2,5831,2.99,2005-09-17 18:22:37
3123,273,1,7637,7.99,2005-07-17 22:55:37
3124,159,2,2067,2.99,2005-06-26 13:42:37
3125,22,2,5590,7.99,2005-07-28 07:29:37
3126,542,1,10796,0.99,2005-08-31 04:08:37
3127,357,2,1324,4.99,2005-07-06 08:02:37
3128,293,1,11304,7.99,2005-09-21 11:09:37
3129,438,2,5330,0.99,2005-06-26 06:18:37
3130,46,1,7198,4.99,2005-07-20 09:03:37
3131,80,2,10875,6.99,2005-08-29 06:10:37
3132,418,1,13044,9.99,2005-06-27 04:02:37
3133,380,2,517,5.99,2005-09-05 19:40:37
3134,148,1,15382,5.99,2005-09-14 08:01:37
3135,512,2,21,8.99,2005-09-18 10:51:37
3136,227,1,1366,1.99,2005-06-16 10:31:37
3137,470,2,2282,9.99,2005-06-05 17:56:37
3138,223,1,14338,6.99,2005-07-30 21:23:37
3139,278,2,1504,8.99,2005-09-17 15:20:37
3140,248,2,715,3.99,2005-08-14 15:45:37
3141,370,2,5623,6.99,2005-07-06 14:57:37
3142,493,2,8734,8.99,2005-08-02 12:58:37
3143,131,1,4436,4.99,2005-08-07 23:24:37
3144,185,2,5304,2.99,2005-09-02 15:52:37
3145,424,1,11051,4.99,2005-06-02 16:15:37
3146,282,2,14942,1.99,2005-06-22 22:08:37
3147,541,2,600,3.99,2005-06-03 19:41:37
3148,422,2,14473,0.99,2005-08-20 19:48:37
3149,573,1,7147,5.99,2005-09-17 13:36:37
3150,431,2,6389,5.99,2005-09-10 05:14:37
3151,339,1,3401,3.99,2005-05-29 17:54:37
3152,265,1,13664,7.99,2005-09-02 15:30:37
3153,198,2,5991,3.99,2005-09-04 22:00:37
3154,314,1,10761,2.99,2005-07-04 23:41:37
3155,416,2,13946,1.99,2005-08-09 21:38:37
3156,254,2,10753,6.99,2005-06-03 09:00:37
3157,436,2,12375,1.99,2005-09-12 13:53:37
3158,42,1,2679,0.99,2005-06-28 16:32:37
3159,515,2,1566,7.99,2005-08-23 17:14:37
3160,392,2,9057,1.99,2005-08-22 08:24:37
3161,58,2,10509,7.99,2005-07-29 12:17:37
3162,535,2,2629,4.99,2005-07-15 07:07:37
3163,369,2,2318,3.99,2005-06-19 14:03:37
3164,90,2,15773,3.99,2005-08-16 05:34:37
3165,367,1,14812,1.99,2005-06-23 23:28:37
3166,193,2,4265,7.99,2005-06-22 17:28:37
3167,385,2,4461,3.99,2005-07-15 13:32:37
3168,168,1,13659,5.99,2005-08-25 20:26:37
3169,79,2,7366,8.99,2005-06-23 04:46:37
3170,415,1,3891,1.99,2005-07-02 02:47:37
3171,115,2,9679,9.99,2005-09-06 02:00:37
3172,383,2,15856,2.99,2005-08-10 11:49:37
3173,472,1,10677,4.99,2005-06-10 11:41:37
3174,504,2,14211,9.99,2005-07-27 04:26:37
3175,416,1,2592,1.99,2005-07-21 04:35:37
3176,325,1,8633,9.99,2005-08-23 21:59:37
3177,580,1,9663,5.99,2005-08-17 10:24:37
3178,102,2,11035,1.99,2005-08-08 13:51:37
3179,44,2,15726,3.99,2005-09-13 01:26:37
3180,402,2,2262,1.99,2005-06-28 16:44:37
3181,494,1,9161,3.99,2005-08-04 04:22:37
3182,202,1,6504,8.99,2005-08-22 13:01:37
3183,275,1,15110,8.99,2005-08-12 04:58:37
3184,318,2,9256,8.99,2005-09-09 00:47:37
3185,386,1,6786,4.99,2005-08-19 02:50:37
3186,270,1,12530,0.99,2005-07-12 23:14:37
3187,260,2,8092,1.99,2005-07-26 21:42:37
3188,212,1,5254,6.99,2005-07-25 05:47:37
3189,342,2,8894,7.99,2005-06-13 01:11:37
3190,493,2,6820,0.99,2005-07-10 15:30:37
3191,214,1,12816,2.99,2005-06-26 04:35:37
3192,589,1,10686,3.99,2005-06-09 13:47:37
3193,157,1,12249,2.99,2005-09-09 13:22:37
3194,74,1,5519,2.99,2005-09-11 13:06:37
3195,355,1,2273,1.99,2005-06-23 16:29:37
3196,24,2,6387,2.99,2005-05-30 16:05:37
3197,552,2,5317,0.99,2005-07-23 21:03:37
3198,532,2,13238,4.99,2005-06-09 14:44:37
3199,560,1,15961,3.99,2005-08-16 22:53:37
3200,596,2,3812,8.99,2005-09-08 18:43:37
3201,340,1,15478,8.99,2005-09-05 18:42:37
3202,203,1,3506,4.99,2005-08-10 13:12:37
3203,251,1,10164,1.99,2005-06-03 05:36:37
3204,45,1,14115,3.99,2005-08-19 16:25:37
3205,219,1,2373,6.99,2005-06-06 19:49:37
3206,178,2,10513,2.99,2005-09-02 12:05:37
3207,265,2,15221,0.99,2005-07-17 04:04:37
3208,125,2,12313,8.99,2005-07-28 13:59:37
3209,577,1,7862,1.99,2005-06-05 18:28:37
3210,551,1,12940,5.99,2005-08-19 20:37:37
3211,274,2,13506,2.99,2005-08-22 00:07:37
3212,376,2,4925,2.99,2005-07-25 19:39:37
3213,294,1,12755,5.99,2005-06-21 06:50:37
3214,465,1,2079,7.99,2005-08-25 02:01:37
3215,423,1,8146,7.99,2005-06-30 22:15:37
3216,375,2,9169,8.99,2005-08-07 07:50:37
3217,93,1,13872,5.99,2005-09-14 06:55:37
3218,414,1,15496,4.99,2005-08-01 06:10:37
3219,488,2,8064,9.99,2005-09-09 14:25:37
3220,473,2,8988,2.99,2005-09-10 21:21:37
3221,273,1,12321,6.99,2005-09-19 11:07:37
3222,589,1,2383,8.99,2005-08-30 13:30:37
3223,79,2,3543,7.99,2005-08-13 13:18:37
3224,128,1,13407,7.99,2005-08-24 20:51:37
3225,230,1,6058,0.99,2005-07-15 00:44:37
3226,473,1,14293,5.99,2005-08-28 13:19:37
3227,268,1,2073,0.99,2005-05-27 09:09:37
3228,155,1,7509,2.99,2005-07-04 12:44:37
3229,93,2,14174,2.99,2005-08-03 18:05:37
3230,576,2,13112,3.99,2005-07-29 05:50:37
3231,207,1,2425,8.99,2005-05-27 11:15:37
3232,429,2,10253,7.99,2005-07-26 03:37:37
3233,579,2,12698,0.99,2005-07-27 11:07:37
3234,160,1,6053,2.99,2005-08-30 16:59:37
3235,350,1,11154,4.99,2005-06-09 19:24:37
3236,6,1,5646,3.99,2005-06-02 22:56:37
3237,136,1,7631,0.99,2005-07-30 23:29:37
3238,516,1,4954,0.99,2005-08-29 04:34:37
3239,194,2,10845,2.99,2005-08-23 17:37:37
3240,237,2,4067,3.99,2005-07-11 17:27:37
3241,356,1,12175,4.99,2005-07-26 15:32:37
3242,457,2,2028,2.99,2005-08-24 23:13:37
3243,172,1,7533,3.99,2005-08-07 08:11:37
3244,326,2,1797,3.99,2005-06-17 19:19:37
3245,181,1,11135,1.99,2005-06-25 11:46:37
3246,352,2,9162,2.99,2005-07-26 12:03:37
3247,523,2,15362,9.99,2005-08-28 20:36:37
3248,334,2,695,7.99,2005-07-09 17:32:37
3249,458,2,1996,3.99,2005-09-09 15:57:37
3250,407,1,1488,5.99,2005-07-18 22:11:37
3251,502,2,1163,0.99,2005-08-29 15:10:37
3252,76,1,5309,4.99,2005-09-11 05:14:37
3253,263,2,6018,8.99,2005-08-26 17:19:37
3254,541,1,15143,6.99,2005-09-02 13:41:37
3255,71,2,7833,3.99,2005-09-17 21:13:37
3256,531,2,11133,5.99,2005-06-11 21:08:37
3257,295,2,14686,9.99,2005-07-23 04:44:37
3258,469,2,9935,6.99,2005-06-23 09:26:37
3259,271,1,7375,9.99,2005-05-28 22:30:37
3260,174,2,1153,9.99,2005-07-02 12:03:37
3261,408,2,4827,6.99,2005-09-03 15:54:37
3262,392,1,10335,3.99,2005-07-10 09:50:37
3263,89,2,10501,7.99,2005-07-29 05:56:37
3264,505,1,9861,1.99,2005-09-12 02:42:37
3265,570,2,727,1.99,2005-08-18 03:36:37
3266,22,1,857,3.99,2005-08-17 00:17:37
3267,60,2,9966,6.99,2005-07-28 03:38:37
3268,584,1,3509,7.99,2005-06-22 14:20:37
3269,268,2,8269,9.99,2005-07-31 17:12:37
3270,111,2,2809,6.99,2005-06-25 16:36:37
3271,330,2,5268,8.99,2005-06-27 03:14:37
3272,251,2,7407,3.99,2005-09-17 13:28:37
3273,256,2,6197,4.99,2005-08-01 18:05:37
3274,379,2,7317,1.99,2005-07-02 14:24:37
3275,130,1,15555,2.99,2005-07-17 11:55:37
3276,489,2,15157,9.99,2005-07-22 13:31:37
3277,415,1,9036,6.99,2005-06-12 05:15:37
3278,463,2,3526,6.99,2005-09-20 00:25:37
3279,38,2,11311,9.99,2005-07-30 06:42:37
3280,328,1,1803,5.99,2005-05-29 01:06:37
3281,561,1,7891,0.99,2005-06-15 01:26:37
3282,291,2,8516,1.99,2005-07-08 14:56:37
3283,394,2,9128,4.99,2005-07-26 00:15:37
3284,11,1,314,9.99,2005-06-27 06:38:37
3285,337,1,1439,1.99,2005-06-14 15:20:37
3286,209,2,9769,8.99,2005-09-19 11:04:37
3287,587,1,12594,1.99,2005-08-15 06:23:37
3288,445,2,686,5.99,2005-05-31 08:25:37
3289,121,1,2236,9.99,2005-08-22 07:25:37
3290,265,1,711,2.99,2005-05-26 01:48:37
3291,14,2,10761,5.99,2005-07-27 15:32:37
3292,40,1,12491,5.99,2005-06-02 18:19:37
3293,544,1,9708,1.99,2005-06-30 09:38:37
3294,154,1,14443,2.99,2005-06-17 03:02:37
3295,440,2,15519,6.99,2005-06-13 01:13:37
3296,350,1,15483,5.99,2005-08-16 08:38:37
3297,143,1,4847,6.99,2005-07-29 14:02:37
3298,237,1,1257,7.99,2005-08-16 15:15:37
3299,294,2,5238,3.99,2005-07-26 23:49:37
3300,296,2,15000,9.99,2005-08-14 13:49:37
3301,405,2,9590,6.99,2005-05-29 11:31:37
3302,66,2,8957,6.99,2005-07-30 11:50:37
3303,181,2,15210,4.99,2005-07-15 09:35:37
3304,361,2,2949,1.99,2005-07-10 07:14:37
3305,330,1,11997,8.99,2005-05-25 17:13:37
3306,479,1,1694,6.99,2005-06-13 04:52:37
3307,104,2,11127,9.99,2005-07-25 10:41:37
3308,553,2,7370,2.99,2005-06-11 16:34:37
3309,1,1,7139,6.99,2005-06-18 18:03:37
3310,139,2,12576,5.99,2005-08-29 02:00:37
3311,245,2,12969,2.99,2005-06-19 04:55:37
3312,522,1,3202,8.99,2005-09-01 01:07:37
3313,228,1,9673,8.99,2005-09-21 03:17:37
3314,40,2,15889,9.99,2005-07-22 07:26:37
3315,574,2,6694,7.99,2005-07-10 04:00:37
3316,87,2,2,9.99,2005-07-27 02:37:37
3317,554,1,12542,3.99,2005-08-21 10:21:37
3318,313,1,11028,8.99,2005-09-20 03:50:37
3319,109,2,4971,7.99,2005-09-09 23:24:37
3320,348,2,2770,4.99,2005-09-06 13:44:37
3321,382,2,14805,4.99,2005-05-26 02:38:37
3322,249,1,8913,7.99,2005-09-09 13:56:37
3323,437,2,14341,4.99,2005-09-21 16:27:37
3324,500,2,3292,6.99,2005-06-12 16:50:37
3325,278,2,15370,8.99,2005-09-02 02:23:37
3326,347,2,5679,9.99,2005-05-29 16:15:37
3327,365,2,15760,9.99,2005-07-12 23:21:37
3328,32,1,586,8.99,2005-09-15 18:18:37
3329,547,2,13259,8.99,2005-07-19 07:27:37
3330,360,2,14251,0.99,2005-07-22 00:39:37
3331,579,2,6877,9.99,2005-09-19 15:43:37
3332,561,1,10196,7.99,2005-08-22 22:54:37
3333,198,2,15832,8.99,2005-07-05 13:09:37
3334,29,2,2024,5.99,2005-07-13 06:30:37
3335,94,1,14838,9.99,2005-09-15 03:35:37
3336,443,2,14890,9.99,2005-06-04 01:28:37
3337,297,1,1382,7.99,2005-07-01 23:46:37
3338,406,2,3120,1.99,2005-07-20 23:25:37
3339,8,1,5738,5.99,2005-07-10 17:16:37
3340,78,2,13450,8.99,2005-08-28 19:05:37
3341,188,1,14608,2.99,2005-07-25 04:03:37
3342,202,1,14164,0.99,2005-06-28 04:58:37
3343,116,2,12632,4.99,2005-06-20 16:13:37
3344,183,2,6303,6.99,2005-07-08 15:51:37
3345,288,1,14314,5.99,2005-06-21 03:51:37
3346,505,1,13938,9.99,2005-08-29 20:10:37
3347,158,1,7769,1.99,2005-07-21 19:26:37
3348,588,1,5763,5.99,2005-06-13 07:30:37
3349,293,2,9141,1.99,2005-07-23 16:21:37
3350,475,2,9177,0.99,2005-06-01 13:50:37
3351,268,2,7780,4.99,2005-08-30 12:32:37
3352,58,2,9418,8.99,2005-09-10 21:59:37
3353,118,2,15149,0.99,2005-08-31 19:51:37
3354,460,1,13442,3.99,2005-06-16 06:58:37
3355,290,2,857,4.99,2005-06-16 02:02:37
3356,80,2,2475,3.99,2005-09-01 10:53:37
3357,365,2,3848,5.99,2005-08-24 20:05:37
3358,275,2,15907,2.99,2005-08-26 11:10:37
3359,372,2,1862,6.99,2005-06-23 01:06:37
3360,597,2,7739,7.99,2005-09-05 10:33:37
3361,395,2,11425,9.99,2005-07-12 10:39:37
3362,190,2,11395,4.99,2005-07-21 07:31:37
3363,171,1,2592,4.99,2005-08-05 08:00:37
3364,137,1,11680,5.99,2005-07-12 06:06:37
3365,269,2,14066,9.99,2005-07-12 00:17:37
3366,502,1,4012,3.99,2005-05-29 23:48:37
3367,30,1,3226,7.99,2005-08-18 02:12:37
3368,283,1,4802,2.99,2005-06-08 00:55:37
3369,451,2,6690,9.99,2005-06-16 01:22:37
3370,504,2,8166,0.99,2005-07-05 16:56:37
3371,469,2,711,5.99,2005-07-04 16:40:37
3372,379,2,13057,6.99,2005-06-18 09:28:37
3373,262,2,10603,2.99,2005-09-20 19:35:37
3374,177,2,6040,8.99,2005-09-20 21:42:37
3375,343,2,11167,3.99,2005-07-07 18:11:37
3376,246,1,11164,7.99,2005-07-05 17:37:37
3377,274,2,4860,9.99,2005-08-11 08:54:37
3378,154,2,12745,3.99,2005-09-06 19:59:37
3379,47,2,11294,3.99,2005-08-27 10:33:37
3380,501,1,5456,8.99,2005-08-09 17:31:37
3381,194,2,7978,6.99,2005-06-08 11:20:37
3382,138,1,13932,3.99,2005-07-31 06:48:37
3383,506,2,15885,4.99,2005-09-11 15:49:37
3384,352,2,6863,5.99,2005-06-28 13:07:37
3385,291,2,2347,0.99,2005-08-05 21:26:37
3386,529,1,11662,7.99,2005-07-12 03:20:37
3387,356,2,315,2.99,2005-06-14 05:29:37
3388,130,1,5473,7.99,2005-06-05 04:14:37
3389,583,1,1107,8.99,2005-09-11 17:14:37
3390,67,2,5209,9.99,2005-07-15 21:27:37
3391,363,1,12052,5.99,2005-07-30 23:29:37
3392,94,1,5468,1.99,2005-07-03 02:46:37
3393,368,2,4469,5.99,2005-08-15 16:24:37
3394,137,2,14708,4.99,2005-07-16 13:59:37
3395,68,2,4549,7.99,2005-07-07 12:06:37
3396,52,2,3525,5.99,2005-06-20 05:19:37
3397,397,2,11385,5.99,2005-08-03 22:59:37
3398,550,1,6879,7.99,2005-06-16 12:52:37
3399,363,2,391,1.99,2005-07-09 23:32:37
3400,428,1,6165,9.99,2005-08-06 03:01:37
3401,129,1,15744,4.99,2005-07-19 14:03:37
3402,557,1,14349,8.99,2005-08-10 10:41:37
3403,389,2,15836,1.99,2005-09-20 16:58:37
3404,453,1,6676,8.99,2005-06-23 06:26:37
3405,402,1,10239,9.99,2005-09-01 11:12:37
3406,592,1,4544,7.99,2005-09-18 07:10:37
3407,376,1,4291,7.99,2005-07-28 07:33:37
3408,122,1,12461,6.99,2005-07-15 12:57:37
3409,518,2,10103,2.99,2005-07-03 01:45:37
3410,529,1,13946,8.99,2005-05-26 23:09:37
3411,244,2,7205,0.99,2005-07-16 06:37:37
3412,40,1,1380,7.99,2005-09-15 08:58:37
3413,556,2,5743,3.99,2005-09-14 16:37:37
3414,529,2,8110,6.99,2005-06-17 22:14:37
3415,524,1,15069,5.99,2005-07-06 21:17:37
3416,416,1,9677,9.99,2005-06-22 19:17:37
3417,250,2,8232,3.99,2005-08-22 06:27:37
3418,237,2,6667,0.99,2005-06-25 00:01:37
3419,31,2,6116,2.99,2005-07-11 20:41:37
3420,450,1,3217,5.99,2005-07-23 03:44:37
3421,320,2,6364,6.99,2005-09-12 18:57:37
3422,66,2,3980,4.99,2005-08-09 06:58:37
3423,532,2,6763,0.99,2005-09-06 18:08:37
3424,230,1,12305,8.99,2005-09-17 02:09:37
3425,238,1,13072,2.99,2005-06-09 05:21:37
3426,454,1,6427,3.99,2005-06-19 13:26:37
3427,570,1,12402,7.99,2005-08-05 05:21:37
3428,374,2,7670,6.99,2005-07-13 01:38:37
3429,320,2,13423,9.99,2005-08-20 07:12:37
3430,408,1,3308,5.99,2005-06-03 01:37:37
3431,303,1,12122,6.99,2005-06-20 03:55:37
3432,54,2,1409,3.99,2005-09-11 07:16:37
3433,320,1,10203,7.99,2005-06-10 04:43:37
3434,234,2,6133,4.99,2005-06-25 16:46:37
3435,420,2,4082,5.99,2005-06-06 04:37:37
3436,455,2,15470,1.99,2005-09-10 04:56:37
3437,381,2,9651,8.99,2005-09-23 09:38:37
3438,58,2,12727,9.99,2005-09-12 08:36:37
3439,274,1,2547,9.99,2005-07-21 14:53:37
3440,256,2,13507,8.99,2005-06-03 03:16:37
3441,368,2,8400,2.99,2005-09-23 06:15:37
3442,489,2,10745,2.99,2005-06-28 15:06:37
3443,597,1,9176,1.99,2005-09-01 11:48:37
3444,210,2,3855,4.99,2005-07-31 12:42:37
3445,549,2,369,9.99,2005-06-28 19:58:37
3446,539,1,11336,9.99,2005-06-09 20:08:37
3447,355,1,11044,1.99,2005-05-30 05:55:37
3448,223,1,9871,2.99,2005-08-11 22:45:37
3449,519,1,13239,4.99,2005-08-21 01:23:37
3450,13,2,5398,0.99,2005-08-24 13:35:37
3451,115,2,4354,6.99,2005-08-11 03:15:37
3452,190,2,3646,5.99,2005-06-27 06:02:37
3453,294,1,10945,6.99,2005-09-10 16:31:37
3454,591,2,7658,4.99,2005-09-01 05:04:37
3455,505,1,2911,2.99,2005-08-13 18:40:37
3456,243,1,8764,0.99,2005-09-01 00:02:37
3457,439,2,14707,4.99,2005-08-25 20:01:37
3458,144,2,6006,8.99,2005-09-11 12:42:37
3459,590,2,4738,8.99,2005-09-12 15:58:37
3460,120,1,3849,6.99,2005-07-17 19:35:37
3461,39,1,9926,0.99,2005-08-18 22:45:37
3462,170,2,15203,0.99,2005-07-10 12:06:37
3463,418,2,6766,7.99,2005-06-27 10:55:37
3464,330,1,3019,8.99,2005-07-03 13:01:37
3465,331,2,13655,3.99,2005-09-22 21:40:37
3466,311,2,12484,1.99,2005-08-04 10:12:37
3467,140,1,12423,5.99,2005-06-12 08:00:37
3468,143,2,13526,1.99,2005-07-11 03:00:37
3469,531,1,2935,3.99,2005-07-14 05:13:37
3470,530,1,11674,3.99,2005-08-04 21:40:37
3471,31,2,9092,6.99,2005-05-29 04:48:37
3472,541,1,5883,1.99,2005-06-18 11:48:37
3473,515,1,2304,6.99,2005-08-28 03:07:37
3474,195,2,12975,1.99,2005-06-22 10:50:37
3475,151,1,2231,5.99,2005-07-17 18:41:37
3476,105,1,7940,3.99,2005-09-16 16:28:37
3477,10,2,3336,2.99,2005-08-17 21:31:37
3478,53,2,12614,8.99,2005-08-26 01:13:37
3479,29,2,8130,7.99,2005-08-24 11:09:37
3480,220,1,10058,7.99,2005-08-18 15:11:37
3481,439,2,3912,8.99,2005-07-21 02:48:37
3482,467,2,15652,5.99,2005-07-30 18:39:37
3483,278,1,11858,6.99,2005-08-27 22:37:37
3484,311,2,9051,1.99,2005-06-21 19:08:37
3485,353,2,7028,9.99,2005-06-29 19:51:37
3486,561,2,15635,3.99,2005-09-10 21:46:37
3487,95,2,4265,1.99,2005-08-10 23:24:37
3488,525,2,1422,9.99,2005-08-14 00:42:37
3489,396,2,10337,2.99,2005-07-03 02:41:37
3490,12,2,8729,2.99,2005-09-21 07:01:37
3491,486,2,5940,8.99,2005-05-31 07:51:37
3492,274,1,15949,5.99,2005-09-04 05:12:37
3493,416,1,951,6.99,2005-08-27 14:46:37
3494,517,1,1158,5.99,2005-08-24 12:38:37
3495,596,2,15069,6.99,2005-08-15 20:33:37
3496,74,2,754,6.99,2005-08-18 07:42:37
3497,229,2,10332,4.99,2005-09-12 22:49:37
3498,113,1,10170,1.99,2005-08-13 18:26:37
3499,261,1,4954,2.99,2005-08-27 16:57:37
3500,346,1,14900,1.99,2005-07-09 03:04:37
3501,378,1,67,0.99,2005-06-29 12:58:37
3502,408,1,1493,8.99,2005-08-06 07:18:37
3503,142,1,7385,0.99,2005-06-09 14:11:37
3504,252,2,5420,9.99,2005-08-10 05:18:37
3505,357,2,5176,5.99,2005-09-03 06:03:37
3506,284,2,1871,3.99,2005-06-15 23:15:37
3507,522,1,7050,1.99,2005-07-14 02:50:37
3508,449,1,2199,2.99,2005-07-29 08:42:37
3509,165,2,2567,6.99,2005-07-05 03:35:37
3510,428,2,4794,7.99,2005-05-31 17:15:37
3511,405,1,10431,9.99,2005-08-12 10:03:37
3512,313,2,11982,2.99,2005-06-03 23:20:37
3513,148,1,4860,2.99,2005-09-07 19:41:37
3514,578,2,11346,8.99,2005-08-29 03:39:37
3515,267,1,6438,3.99,2005-07-14 00:34:37
3516,75,1,4815,8.99,2005-09-17 03:15:37
3517,461,1,7194,2.99,2005-06-19 16:57:37
3518,351,2,7705,1.99,2005-09-12 01:12:37
3519,232,2,1489,8.99,2005-06-26 20:34:37
3520,454,1,13742,6.99,2005-09-10 05:37:37
3521,419,1,6605,9.99,2005-08-16 21:41:37
3522,326,1,9656,5.99,2005-07-17 04:21:37
3523,87,2,2880,5.99,2005-05-26 20:14:37
3524,326,1,366,6.99,2005-06-27 03:30:37
3525,41,2,9236,3.99,2005-07-20 20:23:37
3526,595,1,4024,2.99,2005-06-09 00:20:37
3527,410,1,4515,8.99,2005-08-18 17:06:37
3528,255,2,2652,8.99,2005-07-13 20:39:37
3529,477,1,3953,4.99,2005-08-26 15:58:37
3530,400,1,4130,9.99,2005-07-06 10:39:37
3531,511,2,4689,8.99,2005-09-05 09:21:37
3532,430,2,13602,5.99,2005-07-19 21:08:37
3533,549,1,7066,0.99,2005-09-19 04:41:37
3534,408,1,12764,3.99,2005-07-04 19:31:37
3535,279,1,13968,3.99,2005-06-23 23:04:37
3536,449,2,15897,5.99,2005-07-23 18:34:37
3537,388,1,13739,3.99,2005-08-29 07:15:37
3538,369,2,14549,3.99,2005-06-24 09:40:37
3539,554,1,8721,5.99,2005-07-28 07:45:37
3540,430,2,3326,2.99,2005-09-15 12:39:37
3541,322,1,7885,4.99,2005-07-16 13:31:37
3542,363,2,504,5.99,2005-07-28 18:20:37
3543,124,2,15555,9.99,2005-07-25 21:19:37
3544,226,1,841,9.99,2005-07-19 07:25:37
3545,253,2,1606,8.99,2005-08-26 01:34:37
3546,221,1,14718,8.99,2005-09-03 14:49:37
3547,334,2,15549,9.99,2005-08-02 21:00:37
3548,9,1,3463,4.99,2005-08-14 19:39:37
3549,2,1,8109,9.99,2005-06-29 13:41:37
3550,174,2,11099,7.99,2005-08-16 06:20:37
3551,329,1,3082,6.99,2005-06-26 00:19:37
3552,561,1,15617,8.99,2005-07-15 21:54:37
3553,247,2,6807,0.99,2005-06-24 09:51:37
3554,585,1,13223,5.99,2005-05-29 14:46:37
3555,348,1,3476,8.99,2005-08-10 03:57:37
3556,112,1,12119,4.99,2005-09-03 19:34:37
3557,214,2,1718,8.99,2005-08-16 06:22:37
3558,29,1,10987,4.99,2005-09-05 23:04:37
3559,384,1,2067,2.99,2005-07-09 00:51:37
3560,483,2,15707,7.99,2005-08-24 09:43:37
3561,516,2,10846,4.99,2005-08-02 19:07:37
3562,528,2,10869,3.99,2005-07-07 21:02:37
3563,6,2,7381,7.99,2005-06-18 09:02:37
3564,393,2,3104,4.99,2005-08-29 05:02:37
3565,465,1,1185,9.99,2005-09-03 02:41:37
3566,359,1,502,2.99,2005-06-16 10:15:37
3567,390,1,13855,0.99,2005-06-14 07:17:37
3568,135,2,214,5.99,2005-06-01 03:42:37
3569,26,1,15086,7.99,2005-08-03 12:36:37
3570,353,2,6790,5.99,2005-08-21 19:54:37
3571,314,1,8060,0.99,2005-09-16 05:30:37
3572,105,1,7246,6.99,2005-09-10 06:03:37
3573,365,1,6108,7.99,2005-09-20 11:03:37
3574,316,1,7879,5.99,2005-09-09 02:33:37
3575,508,1,7856,4.99,2005-07-21 21:12:37
3576,55,2,8547,1.99,2005-09-10 16:22:37
3577,92,1,2566,6.99,2005-07-03 01:28:37
3578,326,1,11897,7.99,2005-07-09 08:29:37
3579,203,1,6876,0.99,2005-06-10 09:49:37
3580,533,2,3155,4.99,2005-07-09 08:01:37
3581,330,2,10806,0.99,2005-08-28 03:52:37
3582,361,1,14416,5.99,2005-06-06 12:48:37
3583,239,2,10718,1.99,2005-07-29 04:15:37
3584,300,1,793,7.99,2005-06-25 23:45:37
3585,316,2,4394,9.99,2005-08-18 23:29:37
3586,117,1,10971,5.99,2005-06-15 02:14:37
3587,408,2,7952,0.99,2005-09-06 11:59:37
3588,129,2,4993,8.99,2005-06-12 05:32:37
3589,446,2,4985,5.99,2005-06-12 13:34:37
3590,221,2,9898,3.99,2005-08-08 18:42:37
3591,408,2,8409,3.99,2005-06-03 12:19:37
3592,344,2,11876,3.99,2005-07-27 05:48:37
3593,261,2,1734,5.99,2005-08-18 09:57:37
3594,266,1,945,0.99,2005-07-27 02:48:37
3595,543,2,10105,2.99,2005-08-19 18:02:37
3596,327,2,7630,0.99,2005-08-23 16:40:37
3597,43,2,2067,6.99,2005-07-06 06:25:37
3598,397,2,13405,9.99,2005-07-09 05:44:37
3599,367,1,5575,5.99,2005-07-08 00:10:37
3600,405,1,2507,8.99,2005-07-23 06:23:37
3601,106,2,8008,9.99,2005-08-19 17:52:37
3602,481,2,6165,1.99,2005-09-10 20:44:37
3603,222,2,5027,3.99,2005-07-28 19:25:37
3604,193,1,7921,3.99,2005-08-20 23:53:37
3605,276,2,13264,8.99,2005-09-21 12:59:37
3606,525,1,15746,6.99,2005-07-22 08:18:37
3607,321,2,6332,4.99,2005-06-09 21:48:37
3608,190,2,7401,9.99,2005-07-23 10:21:37
3609,303,1,8877,9.99,2005-08-28 10:50:37
3610,574,2,5103,9.99,2005-07-05 05:59:37
3611,275,1,11081,0.99,2005-07-16 14:17:37
3612,99,1,14938,5.99,2005-06-03 13:38:37
3613,78,1,14583,5.99,2005-06-05 02:52:37
3614,199,1,10634,6.99,2005-09-08 23:04:37
3615,244,1,8796,7.99,2005-08-14 07:21:37
3616,307,2,14164,0.99,2005-09-02 12:50:37
3617,543,2,6360,7.99,2005-09-09 16:19:37
3618,116,1,6583,2.99,2005-06-09 13:37:37
3619,542,1,5976,5.99,2005-08-12 17:15:37
3620,14,1,12872,4.99,2005-06-27 18:07:37
3621,357,1,7310,2.99,2005-08-01 11:55:37
3622,483,1,15849,9.99,2005-06-27 04:42:37
3623,400,1,8695,5.99,2005-08-17 05:06:37
3624,445,2,7962,1.99,2005-09-06 01:23:37
3625,144,2,4757,6.99,2005-09-12 17:05:37
3626,230,2,15990,5.99,2005-06-05 03:35:37
3627,457,1,8901,3.99,2005-07-20 00:51:37
3628,147,1,13857,5.99,2005-07-31 12:21:37
3629,309,2,1290,7.99,2005-07-19 00:03:37
3630,403,2,6184,3.99,2005-07-30 01:47:37
3631,110,2,15798,6.99,2005-05-29 00:28:37
3632,76,2,12542,3.99,2005-05-30 00:29:37
3633,200,1,368,3.99,2005-06-18 05:22:37
3634,597,2,13675,6.99,2005-06-13 23:35:37
3635,416,1,593,9.99,2005-09-14 12:33:37
3636,429,2,15816,5.99,2005-07-25 07:53:37
3637,11,1,4931,4.99,2005-05-27 00:50:37
3638,155,1,15991,3.99,2005-09-07 21:41:37
3639,377,1,15485,8.99,2005-09-21 08:55:37
3640,463,2,7728,1.99,2005-07-20 10:07:37
3641,332,1,13353,6.99,2005-09-07 23:28:37
3642,370,2,3517,1.99,2005-09-19 05:56:37
3643,484,1,9223,0.99,2005-08-13 07:35:37
3644,448,1,10561,5.99,2005-09-21 09:44:37
3645,332,2,5006,5.99,2005-08-11 05:12:37
3646,195,1,10385,9.99,2005-09-15 16:30:37
3647,352,2,11521,0.99,2005-06-12 11:27:37
3648,423,2,759,8.99,2005-06-02 00:18:37
3649,10,1,2765,8.99,2005-07-27 04:33:37
3650,431,2,9557,3.99,2005-05-29 04:58:37
3651,525,2,987,7.99,2005-08-13 12:39:37
3652,165,2,8091,8.99,2005-09-18 18:20:37
3653,551,1,12021,5.99,2005-06-17 08:48:37
3654,594,1,1621,4.99,2005-07-22 10:22:37
3655,503,1,11231,1.99,2005-06-26 23:19:37
3656,587,2,1459,3.99,2005-07-20 03:14:37
3657,141,2,937,5.99,2005-07-18 17:18:37
3658,385,2,11845,8.99,2005-09-02 16:23:37
3659,272,2,4706,1.99,2005-06-09 17:56:37
3660,490,2,11664,6.99,2005-08-29 12:26:37
3661,168,2,2986,7.99,2005-06-25 01:15:37
3662,484,1,13816,0.99,2005-08-21 12:41:37
3663,166,2,4272,4.99,2005-07-02 10:01:37
3664,16,2,3375,3.99,2005-07-07 18:54:37
3665,518,1,13904,6.99,2005-06-18 07:51:37
3666,113,2,1854,5.99,2005-08-06 15:08:37
3667,550,1,2515,3.99,2005-06-21 17:02:37
3668,505,1,4135,4.99,2005-06-03 20:45:37
3669,516,2,6375,8.99,2005-06-25 20:26:37
3670,427,2,6007,5.99,2005-06-20 06:35:37
3671,246,1,13674,7.99,2005-09-01 08:36:37
3672,219,1,15038,1.99,2005-06-03 07:31:37
3673,522,2,2680,1.99,2005-07-18 13:49:37
3674,346,2,11068,3.99,2005-08-29 03:42:37
3675,263,2,13721,0.99,2005-07-13 21:55:37
3676,186,1,12545,2.99,2005-07-28 14:59:37
3677,553,1,12188,1.99,2005-07-21 10:20:37
3678,231,1,6765,7.99,2005-08-21 06:19:37
3679,260,1,5774,0.99,2005-06-16 09:25:37
3680,163,1,1875,6.99,2005-07-15 02:03:37
3681,122,1,13715,9.99,2005-09-19 07:09:37
3682,155,2,2412,3.99,2005-08-27 19:33:37
3683,345,1,4126,6.99,2005-08-17 02:22:37
3684,146,1,3788,3.99,2005-06-24 01:09:37
3685,227,2,8577,0.99,2005-07-04 17:40:37
3686,493,2,13548,7.99,2005-09-14 15:40:37
3687,140,1,11295,3.99,2005-07-29 09:11:37
3688,389,2,15670,7.99,2005-09-22 04:27:37
3689,577,2,8988,7.99,2005-06-26 12:22:37
3690,173,2,4445,4.99,2005-06-05 08:15:37
3691,520,1,14821,7.99,2005-07-15 03:30:37
3692,128,2,15367,7.99,2005-08-17 10:13:37
3693,470,2,5095,3.99,2005-08-05 17:21:37
3694,568,1,665,6.99,2005-06-15 19:26:37
3695,356,1,15242,4.99,2005-05-26 10:16:37
3696,268,1,15459,5.99,2005-09-21 10:15:37
3697,52,2,118,5.99,2005-05-30 15:00:37
3698,35,2,1625,4.99,2005-08-12 09:25:37
3699,77,2,1607,2.99,2005-07-13 13:07:37
3700,64,1,4211,6.99,2005-05-27 09:50:37
3701,303,1,12493,6.99,2005-06-26 14:21:37
3702,409,1,1463,1.99,2005-06-11 22:02:37
3703,280,2,15385,3.99,2005-06-01 07:49:37
3704,103,2,5157,5.99,2005-09-08 15:28:37
3705,357,2,14237,0.99,2005-06-18 16:03:37
3706,363,1,14002,3.99,2005-08-27 12:56:37
3707,509,1,1906,2.99,2005-08-08 13:08:37
3708,96,1,5258,9.99,2005-06-04 11:50:37
3709,294,1,734,3.99,2005-09-21 08:35:37
3710,174,1,1439,9.99,2005-06-27 11:21:37
3711,316,1,15752,2.99,2005-08-31 07:49:37
3712,512,1,4911,2.99,2005-05-30 19:56:37
3713,265,2,1211,1.99,2005-06-12 16:36:37
3714,519,2,15849,8.99,2005-06-15 20:03:37
3715,483,1,5196,3.99,2005-06-07 06:07:37
3716,131,1,11183,2.99,2005-06-11 12:08:37
3717,153,2,2088,9.99,2005-07-29 03:20:37
3718,386,1,13213,1.99,2005-08-26 05:09:37
3719,156,2,7332,6.99,2005-07-26 05:32:37
3720,104,2,14521,9.99,2005-08-02 06:43:37
3721,128,1,13452,0.99,2005-06-19 23:06:37
3722,53,2,14108,6.99,2005-08-19 04:39:37
3723,9,2,3711,3.99,2005-05-29 11:27:37
3724,211,1,10442,6.99,2005-06-25 01:34:37
3725,454,1,15727,9.99,2005-09-05 01:55:37
3726,381,2,1883,5.99,2005-06-26 12:40:37
3727,82,2,15845,8.99,2005-06-01 08:39:37
3728,289,2,9823,5.99,2005-09-02 18:21:37
3729,83,1,5952,9.99,2005-09-09 23:49:37
3730,379,2,10787,8.99,2005-06-05 04:52:37
3731,309,1,12493,7.99,2005-09-14 05:42:37
3732,397,2,13302,1.99,2005-08-18 09:46:37
3733,331,1,6892,0.99,2005-07-08 00:59:37
3734,478,2,9619,3.99,2005-07-28 08:00:37
3735,407,1,15174,9.99,2005-06-14 06:28:37
3736,336,2,12495,9.99,2005-07-23 02:58:37
3737,315,2,12215,1.99,2005-08-06 12:34:37
3738,319,1,13483,7.99,2005-06-14 09:13:37
3739,221,1,6151,4.99,2005-09-17 05:29:37
3740,209,2,3719,5.99,2005-06-11 19:29:37
3741,321,2,1761,8.99,2005-09-13 11:46:37
3742,123,2,2954,9.99,2005-08-28 21:38:37
3743,44,1,3785,9.99,2005-09-10 16:41:37
3744,393,1,8146,5.99,2005-09-14 22:40:37
3745,395,2,10463,4.99,2005-08-23 14:29:37
3746,355,2,13641,2.99,2005-09-06 21:39:37
3747,205,1,7816,1.99,2005-06-30 07:46:37
3748,466,2,8733,2.99,2005-06-02 07:22:37
3749,153,2,5515,9.99,2005-07-28 14:02:37
3750,185,2,7222,0.99,2005-07-04 14:58:37
3751,225,1,12164,0.99,2005-08-30 11:48:37
3752,118,1,6063,6.99,2005-08-13 09:22:37
3753,320,1,3509,6.99,2005-06-29 13:50:37
3754,78,2,3994,3.99,2005-07-07 01:31:37
3755,400,1,1861,9.99,2005-08-16 06:54:37
3756,366,2,3331,2.99,2005-08-27 00:33:37
3757,349,2,5543,8.99,2005-06-18 03:16:37
3758,255,1,5691,0.99,2005-05-29 14:44:37
3759,527,2,11333,4.99,2005-07-13 18:01:37
3760,590,1,11022,9.99,2005-06-06 23:25:37
3761,193,1,6921,5.99,2005-07-30 18:02:37
3762,324,2,7350,1.99,2005-09-17 17:44:37
3763,483,2,14676,6.99,2005-08-11 15:13:37
3764,166,2,12823,3.99,2005-06-29 00:05:37
3765,422,2,14481,0.99,2005-06-17 07:36:37
3766,132,2,8374,4.99,2005-09-07 03:50:37
3767,363,1,4861,4.99,2005-05-27 17:40:37
3768,300,2,5121,4.99,2005-07-02 15:32:37
3769,306,2,2610,2.99,2005-08-24 10:20:37
3770,147,2,1027,7.99,2005-07-13 15:05:37
3771,502,1,2693,7.99,2005-07-19 21:10:37
3772,152,1,14391,2.99,2005-06-23 21:42:37
3773,531,2,10174,8.99,2005-08-12 13:12:37
3774,175,1,3506,1.99,2005-08-23 23:51:37
3775,415,1,11191,6.99,2005-06-12 02:09:37
3776,228,1,10751,8.99,2005-08-29 19:45:37
3777,82,1,54,5.99,2005-07-29 02:51:37
3778,583,1,14369,7.99,2005-06-05 08:02:37
3779,21,2,10685,7.99,2005-09-09 19:03:37
3780,155,1,10341,0.99,2005-09-03 00:00:37
3781,259,2,88,8.99,2005-08-15 21:39:37
3782,57,1,9890,2.99,2005-09-07 12:13:37
3783,485,2,13949,0.99,2005-08-19 13:50:37
3784,121,1,2472,9.99,2005-06-02 04:22:37
3785,40,1,6468,7.99,2005-06-06 08:02:37
3786,280,2,14278,3.99,2005-07-14 21:26:37
3787,440,1,7827,0.99,2005-07-02 07:56:37
3788,239,2,602,1.99,2005-07-15 14:43:37
3789,575,2,15205,6.99,2005-08-24 17:31:37
3790,513,1,8321,7.99,2005-06-12 15:50:37
3791,547,2,10640,2.99,2005-08-20 20:58:37
3792,572,2,14253,7.99,2005-09-05 22:10:37
3793,350,1,9502,6.99,2005-08-16 19:00:37
3794,24,2,12480,6.99,2005-06-08 09:22:37
3795,501,2,3955,1.99,2005-08-12 13:59:37
3796,477,1,13044,7.99,2005-08-25 05:30:37
3797,111,1,13901,9.99,2005-09-04 19:46:37
3798,508,2,1718,4.99,2005-09-08 08:22:37
3799,23,2,10155,6.99,2005-07-24 01:37:37
3800,418,2,9566,1.99,2005-07-03 16:17:37
3801,594,2,15535,9.99,2005-07-31 00:21:37
3802,529,2,12240,2.99,2005-07-31 02:29:37
3803,26,1,11226,7.99,2005-06-27 02:15:37
3804,293,1,1451,2.99,2005-06-15 08:59:37
3805,251,1,11290,5.99,2005-06-15 23:21:37
3806,89,1,8379,3.99,2005-07-04 11:39:37
3807,584,2,5484,9.99,2005-09-21 15:09:37
3808,301,2,6555,0.99,2005-08-02 12:00:37
3809,359,2,10838,3.99,2005-08-07 19:57:37
3810,385,1,11976,3.99,2005-06-08 15:23:37
3811,1,1,7469,9.99,2005-08-05 02:00:37
3812,186,2,5151,1.99,2005-08-25 08:24:37
3813,224,1,7453,6.99,2005-07-18 20:02:37
3814,157,2,15210,7.99,2005-08-13 03:49:37
3815,486,2,9023,8.99,2005-09-23 06:00:37
3816,431,2,2019,9.99,2005-07-16 10:47:37
3817,78,1,3005,8.99,2005-07-29 00:46:37
3818,458,1,12389,6.99,2005-08-27 20:14:37
3819,199,2,3343,9.99,2005-09-12 15:59:37
3820,92,2,5208,7.99,2005-06-03 21:09:37
3821,211,1,10070,0.99,2005-07-08 17:37:37
3822,295,2,13903,1.99,2005-06-10 12:32:37
3823,188,2,3152,2.99,2005-07-14 05:53:37
3824,255,2,645,5.99,2005-08-31 06:28:37
3825,357,2,1557,4.99,2005-06-11 01:54:37
3826,565,1,10249,4.99,2005-06-05 02:20:37
3827,454,1,13061,7.99,2005-06-08 22:20:37
3828,581,1,8658,6.99,2005-08-11 18:25:37
3829,253,2,8291,5.99,2005-07-20 15:23:37
3830,538,2,10716,0.99,2005-07-19 02:52:37
3831,387,2,12987,3.99,2005-06-13 01:10:37
3832,345,1,11801,6.99,2005-07-04 15:07:37
3833,441,2,12696,4.99,2005-07-05 23:01:37
3834,334,1,13595,6.99,2005-07-19 10:21:37
3835,343,1,12418,6.99,2005-08-31 22:49:37
3836,342,2,5502,4.99,2005-08-19 18:20:37
3837,217,2,14069,1.99,2005-05-27 17:39:37
3838,128,2,8285,1.99,2005-06-13 07:35:37
3839,261,2,11246,7.99,2005-08-07 06:30:37
3840,48,2,322,5.99,2005-08-13 18:39:37
3841,496,1,15857,6.99,2005-06-22 03:41:37
3842,205,2,7864,4.99,2005-08-15 03:51:37
3843,162,1,9008,6.99,2005-08-08 16:38:37
3844,461,2,12762,1.99,2005-07-19 07:46:37
3845,492,2,9789,3.99,2005-09-19 10:53:37
3846,257,2,7610,9.99,2005-06-15 08:35:37
3847,595,1,4322,9.99,2005-06-08 03:18:37
3848,422,1,13688,0.99,2005-06-02 11:33:37
3849,484,1,8377,7.99,2005-09-03 09:01:37
3850,69,2,1274,7.99,2005-08-18 11:20:37
3851,438,1,11943,4.99,2005-07-05 12:16:37
3852,259,2,2776,3.99,2005-06-18 22:36:37
3853,239,2,4942,8.99,2005-09-19 19:07:37
3854,201,2,2325,3.99,2005-09-21 01:22:37
3855,199,1,3655,4.99,2005-08-14 11:28:37
3856,223,1,9559,7.99,2005-09-21 17:52:37
3857,400,1,7113,6.99,2005-07-17 21:12:37
3858,74,2,13044,7.99,2005-08-11 16:53:37
3859,81,2,1787,3.99,2005-07-21 08:36:37
3860,202,2,14721,5.99,2005-07-24 14:31:37
3861,389,2,2662,9.99,2005-05-30 17:10:37
3862,362,2,11287,5.99,2005-06-14 14:42:37
3863,251,1,11082,0.99,2005-08-24 00:44:37
3864,306,1,5867,5.99,2005-07-10 17:49:37
3865,242,2,1653,9.99,2005-06-26 03:58:37
3866,36,2,11972,6.99,2005-09-20 05:01:37
3867,538,1,13295,2.99,2005-08-22 09:25:37
3868,318,1,8236,7.99,2005-08-01 05:38:37
3869,137,2,7335,6.99,2005-09-19 19:41:37
3870,106,2,9512,9.99,2005-07-22 04:51:37
3871,460,2,6610,7.99,2005-09-06 04:06:37
3872,46,2,3623,6.99,2005-07-10 21:22:37
3873,180,2,3035,7.99,2005-09-10 20:19:37
3874,508,1,15206,0.99,2005-07-11 19:13:37
3875,484,1,6301,2.99,2005-06-14 01:15:37
3876,170,1,15668,7.99,2005-06-04 23:39:37
3877,158,1,154,5.99,2005-09-13 19:22:37
3878,7,1,3256,5.99,2005-07-13 00:25:37
3879,393,1,12425,4.99,2005-07-09 08:46:37
3880,181,2,6223,2.99,2005-09-05 13:31:37
3881,293,1,15943,8.99,2005-08-31 04:05:37
3882,35,2,6620,4.99,2005-05-26 08:17:37
3883,499,1,10997,7.99,2005-05-29 08:07:37
3884,382,1,3906,7.99,2005-08-11 09:27:37
3885,239,2,5879,0.99,2005-06-21 08:01:37
3886,115,1,12242,5.99,2005-09-04 20:05:37
3887,316,1,7,3.99,2005-05-30 22:58:37
3888,386,2,7383,8.99,2005-06-26 21:21:37
3889,7,2,1588,1.99,2005-08-30 02:09:37
3890,190,1,6348,7.99,2005-09-21 18:08:37
3891,588,2,2790,1.99,2005-07-25 11:36:37
3892,504,1,5604,5.99,2005-07-13 23:15:37
3893,551,2,3895,9.99,2005-07-21 03:40:37
3894,275,2,6715,0.99,2005-08-20 09:42:37
3895,190,2,9184,0.99,2005-06-18 07:09:37
3896,468,1,10353,7.99,2005-07-08 04:40:37
3897,304,2,9246,3.99,2005-06-10 08:53:37
3898,84,1,13577,5.99,2005-08-05 23:01:37
3899,155,2,2082,7.99,2005-06-05 09:01:37
3900,383,2,8585,2.99,2005-08-13 13:38:37
3901,372,2,2917,1.99,2005-09-14 12:27:37
3902,548,2,10643,5.99,2005-05-30 06:40:37
3903,271,2,8722,5.99,2005-07-08 15:01:37
3904,319,2,15647,2.99,2005-09-04 03:22:37
3905,583,1,2829,4.99,2005-08-31 18:01:37
3906,333,2,6521,6.99,2005-07-19 00:50:37
3907,547,1,3246,0.99,2005-06-04 19:41:37
3908,31,2,9883,2.99,2005-09-18 01:35:37
3909,50,1,13452,0.99,2005-07-08 13:26:37
3910,480,1,1964,2.99,2005-08-01 03:23:37
3911,38,1,14824,9.99,2005-08-02 16:07:37
3912,30,2,3433,7.99,2005-06-30 04:25:37
3913,30,2,2695,8.99,2005-08-10 21:58:37
3914,275,2,9284,0.99,2005-07-22 20:36:37
3915,587,1,13386,5.99,2005-08-16 18:29:37
3916,512,2,6060,3.99,2005-07-17 22:31:37
3917,260,2,5519,0.99,2005-07-12 12:15:37
3918,556,2,5803,9.99,2005-06-21 22:06:37
3919,341,1,13394,0.99,2005-08-26 23:34:37
3920,416,1,3435,6.99,2005-07-12 09:41:37
3921,521,2,7704,1.99,2005-09-18 21:31:37
3922,566,1,237,0.99,2005-07-10 19:33:37
3923,76,1,9957,4.99,2005-09-06 20:47:37
3924,208,2,4759,6.99,2005-09-19 11:14:37
3925,147,1,7482,0.99,2005-06-05 00:33:37
3926,99,2,11465,2.99,2005-09-21 01:07:37
3927,67,2,15982,3.99,2005-06-11 12:04:37
3928,544,2,2153,5.99,2005-07-31 09:01:37
3929,149,1,8567,9.99,2005-07-21 18:11:37
3930,63,2,1297,2.99,2005-08-31 11:27:37
3931,355,2,3273,8.99,2005-08-31 02:44:37
3932,433,1,4409,8.99,2005-09-16 15:50:37
3933,322,1,7713,5.99,2005-08-12 00:25:37
3934,419,1,4342,5.99,2005-06-30 09:30:37
3935,163,2,1496,3.99,2005-05-28 01:48:37
3936,412,2,10287,7.99,2005-06-24 18:01:37
3937,529,1,2775,5.99,2005-06-07 20:04:37
3938,130,2,12201,1.99,2005-07-19 13:23:37
3939,435,2,6115,5.99,2005-08-21 16:57:37
3940,231,1,7736,9.99,2005-08-01 12:20:37
3941,241,2,12735,3.99,2005-06-24 21:18:37
3942,552,1,15580,1.99,2005-08-01 21:33:37
3943,189,1,2871,5.99,2005-07-31 22:27:37
3944,598,1,3770,5.99,2005-05-31 12:59:37
3945,47,2,9799,5.99,2005-07-05 05:18:37
3946,456,2,12287,2.99,2005-08-11 13:18:37
3947,501,1,5185,1.99,2005-08-28 20:34:37
3948,509,1,5714,0.99,2005-08-06 08:54:37
3949,348,2,14053,1.99,2005-07-02 19:20:37
3950,244,1,10289,2.99,2005-08-19 17:03:37
3951,220,1,5770,9.99,2005-07-05 14:39:37
3952,510,2,5650,2.99,2005-08-14 21:43:37
3953,233,1,8662,7.99,2005-09-02 20:40:37
3954,245,2,177,3.99,2005-08-26 10:55:37
3955,30,2,15066,0.99,2005-06-12 23:58:37
3956,534,2,1521,2.99,2005-08-21 17:13:37
3957,388,2,14955,6.99,2005-09-10 01:31:37
3958,64,1,7826,8.99,2005-09-02 20:27:37
3959,314,1,9246,5.99,2005-06-18 05:18:37
3960,138,1,3030,5.99,2005-09-13 04:59:37
3961,155,1,7776,1.99,2005-06-13 22:15:37
3962,220,1,11102,8.99,2005-07-05 21:26:37
3963,348,1,3033,3.99,2005-06-11 23:52:37
3964,389,2,10780,5.99,2005-07-26 09:55:37
3965,67,2,1914,9.99,2005-09-08 00:20:37
3966,394,1,12536,6.99,2005-09-13 15:39:37
3967,162,2,11403,8.99,2005-07-04 08:08:37
3968,577,2,3192,7.99,2005-06-20 15:06:37
3969,556,2,9206,6.99,2005-07-27 19:45:37
3970,202,2,14379,4.99,2005-09-09 14:25:37
3971,269,1,10529,2.99,2005-07-03 16:52:37
3972,380,2,10864,1.99,2005-06-03 05:38:37
3973,446,2,3285,6.99,2005-07-11 17:13:37
3974,115,1,233,4.99,2005-09-06 09:26:37
3975,187,2,6054,4.99,2005-08-25 05:00:37
3976,355,2,8866,8.99,2005-09-13 16:47:37
3977,511,2,7425,4.99,2005-08-02 14:05:37
3978,391,2,13291,4.99,2005-09-05 15:45:37
3979,120,2,13130,4.99,2005-07-01 21:49:37
3980,88,1,12119,3.99,2005-05-31 02:39:37
3981,227,2,12093,4.99,2005-05-25 21:50:37
3982,187,2,15268,2.99,2005-08-29 20:09:37
3983,74,2,15043,9.99,2005-07-28 17:53:37
3984,540,2,6733,6.99,2005-08-29 11:12:37
3985,358,2,2174,5.99,2005-07-21 21:46:37
3986,24,1,434,8.99,2005-08-25 10:23:37
3987,54,2,3162,5.99,2005-06-07 02:31:37
3988,450,2,6625,5.99,2005-07-10 05:58:37
3989,550,1,13748,2.99,2005-07-21 03:12:37
3990,506,2,11929,3.99,2005-09-11 20:35:37
3991,285,2,743,7.99,2005-07-05 00:18:37
3992,520,1,1607,6.99,2005-07-02 04:20:37
3993,533,2,355,0.99,2005-08-16 06:37:37
3994,444,1,10229,2.99,2005-06-28 15:44:37
3995,31,1,3036,2.99,2005-06-28 09:46:37
3996,544,1,11838,0.99,2005-06-26 02:33:37
3997,67,2,8504,1.99,2005-09-18 08:27:37
3998,57,2,3717,2.99,2005-08-05 11:14:37
3999,444,1,7766,0.99,2005-07-04 01:19:37
4000,461,2,7801,0.99,2005-08-23 01:28:37
4001,214,1,800,4.99,2005-06-09 13:07:37
4002,248,1,2078,3.99,2005-07-01 18:27:37
4003,439,2,15736,6.99,2005-09-21 00:40:37
4004,574,1,15886,9.99,2005-06-06 16:50:37
4005,507,1,2110,2.99,2005-07-01 11:14:37
4006,262,1,12750,4.99,2005-09-09 13:49:37
4007,181,1,11552,0.99,2005-06-28 07:32:37
4008,572,2,5417,7.99,2005-05-29 06:53:37
4009,19,1,7963,0.99,2005-09-03 18:04:37
4010,39,2,1937,0.99,2005-07-02 16:47:37
4011,465,1,3794,0.99,2005-07-18 08:09:37
4012,539,1,14566,8.99,2005-07-09 19:23:37
4013,323,2,7178,2.99,2005-06-12 19:54:37
4014,74,1,6792,0.99,2005-09-01 05:44:37
4015,214,2,215,9.99,2005-08-11 04:40:37
4016,192,1,10887,5.99,2005-09-21 04:37:37
4017,474,2,3287,4.99,2005-09-21 04:01:37
4018,123,2,11781,1.99,2005-09-09 09:09:37
4019,532,2,490,6.99,2005-06-03 22:02:37
4020,402,2,13982,7.99,2005-08-02 04:43:37
4021,415,2,11010,1.99,2005-08-05 17:49:37
4022,426,1,9503,8.99,2005-06-05 04:39:37
4023,555,1,12724,7.99,2005-09-05 23:55:37
4024,173,2,15499,8.99,2005-07-04 01:37:37
4025,416,1,11691,4.99,2005-09-18 19:00:37
4026,542,1,15741,2.99,2005-08-07 18:40:37
4027,357,1,12588,9.99,2005-08-18 21:14:37
4028,369,1,15629,7.99,2005-06-18 05:54:37
4029,73,2,4593,2.99,2005-08-16 16:30:37
4030,531,2,6731,1.99,2005-07-14 02:31:37
4031,139,2,7664,2.99,2005-06-18 18:11:37
4032,126,1,14409,6.99,2005-06-17 19:34:37
4033,153,2,11329,7.99,2005-07-26 14:17:37
4034,197,2,111,9.99,2005-06-07 15:12:37
4035,345,1,14016,3.99,2005-08-24 04:53:37
4036,160,1,7559,9.99,2005-07-29 05:24:37
4037,323,1,10586,4.99,2005-09-04 10:07:37
4038,66,2,5668,8.99,2005-07-28 17:24:37
4039,71,1,5035,0.99,2005-06-06 11:08:37
4040,490,1,5051,4.99,2005-08-12 04:29:37
4041,155,1,12546,9.99,2005-07-12 08:17:37
4042,184,1,7011,2.99,2005-06-21 12:57:37
4043,391,2,6636,2.99,2005-07-22 22:38:37
4044,16,1,14332,4.99,2005-08-21 18:13:37
4045,218,1,651,1.99,2005-06-24 03:21:37
4046,287,2,14479,1.99,2005-07-08 14:18:37
4047,75,2,13257,8.99,2005-09-11 15:39:37
4048,303,2,3748,1.99,2005-06-20 07:43:37
4049,47,2,8712,6.99,2005-08-05 13:26:37
4050,2,1,1282,9.99,2005-07-18 01:40:37
4051,569,2,1215,1.99,2005-07-08 20:24:37
4052,169,1,9218,8.99,2005-06-07 01:21:37
4053,266,2,374,0.99,2005-08-31 01:54:37
4054,409,1,7571,7.99,2005-05-31 07:37:37
4055,288,2,14216,4.99,2005-08-01 11:03:37
4056,234,1,724,8.99,2005-07-24 19:17:37
4057,493,2,13538,4.99,2005-07-25 14:03:37
4058,354,1,15264,6.99,2005-09-23 05:45:37
4059,91,2,5644,3.99,2005-07-22 06:18:37
4060,193,2,5741,5.99,2005-08-01 18:33:37
4061,389,2,2952,3.99,2005-06-29 02:21:37
4062,235,2,4463,5.99,2005-08-28 01:23:37
4063,414,2,13313,5.99,2005-06-20 17:44:37
4064,332,2,8450,0.99,2005-07-31 11:00:37
4065,168,1,15066,9.99,2005-08-28 00:26:37
4066,47,2,5364,7.99,2005-06-14 21:15:37
4067,585,1,12530,6.99,2005-06-21 09:07:37
4068,452,2,15921,3.99,2005-05-27 06:35:37
4069,171,2,4379,7.99,2005-08-06 19:36:37
4070,86,1,9553,0.99,2005-06-02 10:06:37
4071,101,1,13655,0.99,2005-09-08 23:04:37
4072,372,2,5472,3.99,2005-06-05 08:01:37
4073,574,2,9572,7.99,2005-08-17 08:17:37
4074,66,1,15569,5.99,2005-05-31 03:20:37
4075,440,1,10968,1.99,2005-09-17 12:05:37
4076,20,1,4744,1.99,2005-07-05 00:09:37
4077,547,2,6483,5.99,2005-07-24 01:41:37
4078,236,2,3857,3.99,2005-06-07 06:33:37
4079,261,2,7847,8.99,2005-09-03 05:23:37
4080,336,2,2818,1.99,2005-09-06 10:25:37
4081,483,1,10129,3.99,2005-07-03 14:41:37
4082,78,2,689,5.99,2005-06-02 02:50:37
4083,112,1,12645,8.99,2005-06-19 00:05:37
4084,157,2,4741,5.99,2005-08-27 05:51:37
4085,165,1,6252,6.99,2005-08-11 18:05:37
4086,419,2,299,7.99,2005-08-17 07:48:37
4087,189,1,4499,7.99,2005-06-06 00:52:37
4088,129,1,4427,6.99,2005-07-13 19:02:37
4089,297,1,13491,5.99,2005-07-07 08:21:37
4090,203,2,14740,4.99,2005-07-12 05:59:37
4091,500,2,1234,5.99,2005-08-14 19:26:37
4092,216,1,12000,6.99,2005-06-23 10:33:37
4093,504,1,15847,2.99,2005-09-14 12:42:37
4094,164,1,3525,3.99,2005-05-26 22:28:37
4095,475,1,5494,7.99,2005-08-29 08:52:37
4096,371,1,2236,7.99,2005-05-30 01:38:37
4097,193,1,14126,1.99,2005-09-08 06:59:37
4098,324,2,2972,4.99,2005-08-19 18:03:37
4099,355,2,2713,6.99,2005-09-05 11:04:37
4100,392,1,15582,4.99,2005-06-06 03:43:37
4101,548,2,7943,8.99,2005-07-17 13:27:37
4102,51,1,3701,1.99,2005-08-12 22:45:37
4103,258,1,3964,0.99,2005-08-06 06:31:37
4104,205,2,1303,1.99,2005-08-10 01:10:37
4105,412,2,10635,7.99,2005-06-07 18:07:37
4106,50,2,8972,2.99,2005-06-21 02:00:37
4107,311,2,8270,1.99,2005-07-23 18:43:37
4108,149,2,5979,4.99,2005-09-06 16:04:37
4109,526,1,11387,8.99,2005-07-24 17:53:37
4110,258,2,5907,5.99,2005-06-19 02:50:37
4111,280,2,12949,3.99,2005-06-20 00:19:37
4112,20,2,10,1.99,2005-06-24 21:56:37
4113,111,1,4499,2.99,2005-06-03 12:42:37
4114,166,2,7283,7.99,2005-07-03 13:35:37
4115,222,1,10390,2.99,2005-08-17 08:16:37
4116,22,2,1787,6.99,2005-08-15 05:20:37
4117,508,2,10846,2.99,2005-09-04 09:44:37
4118,167,1,4629,1.99,2005-08-02 14:41:37
4119,503,1,10767,8.99,2005-07-14 05:09:37
4120,251,1,13711,5.99,2005-08-02 02:38:37
4121,435,1,9649,3.99,2005-06-30 19:55:37
4122,85,2,7384,4.99,2005-06-13 07:35:37
4123,36,1,2502,1.99,2005-08-22 01:41:37
4124,128,1,12265,2.99,2005-05-26 15:55:37
4125,214,2,11019,2.99,2005-06-30 14:03:37
4126,551,2,11693,2.99,2005-08-28 06:11:37
4127,345,1,6476,2.99,2005-09-10 00:51:37
4128,596,2,7302,8.99,2005-06-03 10:00:37
4129,437,2,2115,2.99,2005-06-15 11:17:37
4130,573,2,3415,8.99,2005-08-23 23:38:37
4131,403,1,13426,9.99,2005-09-02 23:08:37
4132,138,1,157,1.99,2005-08-07 12:51:37
4133,74,1,6927,2.99,2005-06-11 11:41:37
4134,510,2,15786,6.99,2005-08-26 09:07:37
4135,262,1,6527,1.99,2005-05-28 16:49:37
4136,163,2,14318,2.99,2005-07-19 08:59:37
4137,286,1,2703,5.99,2005-09-14 22:20:37
4138,325,2,9929,6.99,2005-07-25 10:19:37
4139,498,2,5367,0.99,2005-08-03 12:17:37
4140,102,2,15660,5.99,2005-09-05 12:21:37
4141,368,2,15931,6.99,2005-06-15 03:52:37
4142,285,2,887,8.99,2005-07-24 06:23:37
4143,246,2,8704,5.99,2005-06-26 23:56:37
4144,459,2,2815,8.99,2005-09-06 03:48:37
4145,311,1,15528,0.99,2005-07-11 11:25:37
4146,145,2,14584,3.99,2005-06-25 21:51:37
4147,23,1,3670,0.99,2005-06-23 09:15:37
4148,489,1,966,5.99,2005-07-29 21:20:37
4149,588,2,13292,3.99,2005-09-21 13:27:37
4150,374,1,12186,1.99,2005-08-31 10:40:37
4151,98,2,3118,0.99,2005-05-31 14:13:37
4152,167,2,12367,6.99,2005-09-01 01:12:37
4153,455,2,7880,8.99,2005-08-02 12:45:37
4154,485,1,416,2.99,2005-07-09 20:54:37
4155,115,1,15799,4.99,2005-09-15 02:09:37
4156,480,2,9265,4.99,2005-07-03 14:12:37
4157,522,1,10985,1.99,2005-07-27 18:21:37
4158,108,1,4292,2.99,2005-09-10 08:51:37
4159,332,1,11731,6.99,2005-08-16 18:35:37
4160,287,2,3100,8.99,2005-09-17 13:27:37
4161,26,2,5696,2.99,2005-09-19 01:26:37
4162,14,1,1655,8.99,2005-06-12 00:30:37
4163,121,2,3208,0.99,2005-08-15 18:44:37
4164,418,2,13064,6.99,2005-08-31 01:53:37
4165,163,1,4680,5.99,2005-06-19 08:38:37
4166,213,2,15763,9.99,2005-07-06 21:01:37
4167,496,2,13085,5.99,2005-08-25 12:46:37
4168,42,2,13466,2.99,2005-08-24 04:50:37
4169,41,2,9797,1.99,2005-09-16 01:15:37
4170,510,2,4629,9.99,2005-08-12 08:20:37
4171,482,1,1854,3.99,2005-09-09 05:22:37
4172,131,2,1580,0.99,2005-07-29 13:42:37
4173,299,1,4819,4.99,2005-06-18 06:47:37
4174,223,1,12402,4.99,2005-09-08 06:28:37
4175,490,2,9499,1.99,2005-06-18 21:45:37
4176,465,2,14980,8.99,2005-09-22 23:20:37
4177,325,2,1773,4.99,2005-07-16 00:51:37
4178,216,2,7997,4.99,2005-06-04 00:55:37
4179,507,1,14872,0.99,2005-09-16 08:54:37
4180,283,2,14835,3.99,2005-08-16 10:13:37
4181,437,1,9307,1.99,2005-07-02 22:19:37
4182,515,2,114,4.99,2005-06-22 02:57:37
4183,323,1,10714,1.99,2005-09-08 07:25:37
4184,229,1,13743,0.99,2005-08-03 21:34:37
4185,4,1,976,7.99,2005-08-07 03:07:37
4186,373,2,4036,7.99,2005-06-09 02:29:37
4187,408,2,9127,7.99,2005-06-27 10:25:37
4188,248,1,3527,8.99,2005-06-07 06:50:37
4189,216,2,2297,7.99,2005-09-22 06:21:37
4190,286,2,11245,6.99,2005-09-23 07:25:37
4191,106,1,5763,7.99,2005-06-22 10:12:37
4192,53,1,5578,3.99,2005-07-24 15:05:37
4193,557,2,14896,5.99,2005-09-03 17:45:37
4194,117,1,374,1.99,2005-09-04 14:42:37
4195,584,2,1430,2.99,2005-06-08 11:44:37
4196,504,2,1003,8.99,2005-09-05 02:46:37
4197,261,2,6797,4.99,2005-08-08 18:02:37
4198,64,2,1859,1.99,2005-07-30 03:28:37
4199,185,1,9977,3.99,2005-08-31 22:36:37
4200,252,1,701,3.99,2005-06-08 19:35:37
4201,588,2,10025,9.99,2005-08-11 11:15:37
4202,188,2,10301,2.99,2005-09-08 03:22:37
4203,58,2,1784,5.99,2005-07-07 18:01:37
4204,315,1,7932,0.99,2005-06-12 14:30:37
4205,322,1,1626,4.99,2005-09-11 22:37:37
4206,543,1,2733,9.99,2005-08-13 17:29:37
4207,442,2,2607,9.99,2005-09-03 16:49:37
4208,171,2,13052,7.99,2005-06-06 00:57:37
4209,255,1,15297,4.99,2005-09-03 05:16:37
4210,132,2,11585,9.99,2005-06-18 04:41:37
4211,289,2,10670,6.99,2005-05-30 00:17:37
4212,277,1,1516,3.99,2005-09-13 03:45:37
4213,269,1,11833,8.99,2005-09-12 03:58:37
4214,216,1,6744,8.99,2005-07-21 17:00:37
4215,264,1,15654,6.99,2005-07-24 15:18:37
4216,595,1,1123,0.99,2005-05-28 04:27:37
4217,479,2,2887,9.99,2005-06-01 00:16:37
4218,152,2,2543,2.99,2005-06-03 03:37:37
4219,434,1,13703,5.99,2005-07-02 17:31:37
4220,534,1,10636,4.99,2005-07-31 21:57:37
4221,84,2,11946,8.99,2005-05-26 00:03:37
4222,215,1,14820,4.99,2005-08-18 04:41:37
4223,274,2,5644,4.99,2005-07-16 03:46:37
4224,542,1,8098,6.99,2005-07-12 10:24:37
4225,444,2,8056,4.99,2005-06-03 18:36:37
4226,190,1,6523,0.99,2005-06-18 00:51:37
4227,3,2,2109,6.99,2005-07-28 07:56:37
4228,181,1,15800,1.99,2005-08-25 15:44:37
4229,271,1,3016,6.99,2005-08-03 03:07:37
4230,434,1,14943,6.99,2005-07-15 12:38:37
4231,242,2,5709,2.99,2005-06-09 09:23:37
4232,172,1,1188,8.99,2005-06-07 22:56:37
4233,124,2,5869,3.99,2005-06-10 09:21:37
4234,105,1,7460,6.99,2005-09-12 04:46:37
4235,305,1,92,0.99,2005-08-25 19:23:37
4236,220,2,14336,6.99,2005-06-28 19:39:37
4237,520,1,11864,4.99,2005-06-16 16:01:37
4238,542,2,4968,2.99,2005-06-17 17:43:37
4239,436,2,9914,2.99,2005-06-13 02:16:37
4240,104,1,12320,3.99,2005-06-16 00:20:37
4241,533,1,10657,8.99,2005-07-30 03:48:37
4242,63,2,2436,7.99,2005-08-02 06:06:37
4243,381,2,12840,5.99,2005-05-28 04:08:37
4244,443,1,6864,1.99,2005-08-19 21:11:37
4245,28,2,1942,0.99,2005-08-11 03:30:37
4246,56,2,7339,6.99,2005-08-03 10:07:37
4247,100,1,7946,5.99,2005-09-05 16:02:37
4248,223,2,12471,1.99,2005-09-07 15:39:37
4249,118,1,11376,8.99,2005-07-02 01:33:37
4250,452,1,11457,9.99,2005-06-05 02:02:37
4251,31,1,14675,4.99,2005-08-23 12:04:37
4252,485,2,8810,8.99,2005-06-20 15:10:37
4253,3,1,13725,7.99,2005-07-22 08:23:37
4254,245,2,13296,2.99,2005-07-02 00:54:37
4255,261,2,10481,7.99,2005-08-04 10:49:37
4256,375,2,11295,1.99,2005-06-17 00:53:37
4257,183,1,15441,0.99,2005-07-19 21:14:37
4258,412,2,2623,6.99,2005-08-21 03:08:37
4259,357,1,2947,4.99,2005-07-19 14:52:37
4260,91,2,1477,6.99,2005-06-13 19:52:37
4261,289,1,10322,2.99,2005-06-28 23:36:37
4262,353,2,2766,8.99,2005-06-16 03:14:37
4263,553,1,2596,8.99,2005-07-07 03:31:37
4264,466,2,10979,7.99,2005-07-14 11:39:37
4265,159,2,7356,3.99,2005-05-29 19:42:37
4266,424,2,5036,4.99,2005-06-10 23:30:37
4267,132,1,9485,2.99,2005-07-25 02:43:37
4268,244,2,12411,8.99,2005-08-14 20:12:37
4269,379,2,9082,8.99,2005-07-25 09:49:37
4270,597,2,8772,1.99,2005-06-30 00:42:37
4271,581,2,6829,2.99,2005-06-11 12:03:37
4272,305,1,7232,9.99,2005-07-11 10:21:37
4273,564,2,7979,3.99,2005-05-27 23:34:37
4274,337,2,9027,6.99,2005-08-04 03:43:37
4275,179,1,2152,2.99,2005-06-04 11:56:37
4276,50,1,9414,5.99,2005-07-03 14:37:37
4277,519,1,15340,1.99,2005-05-28 22:33:37
4278,18,1,12549,2.99,2005-05-29 14:54:37
4279,60,2,9292,5.99,2005-07-05 18:42:37
4280,30,1,11342,3.99,2005-09-12 22:21:37
4281,202,2,13347,6.99,2005-07-07 10:11:37
4282,379,2,8491,5.99,2005-06-19 15:46:37
4283,597,1,15083,0.99,2005-09-07 12:28:37
4284,291,1,15574,9.99,2005-09-01 09:19:37
4285,479,1,12930,1.99,2005-05-30 16:11:37
4286,84,2,9181,6.99,2005-06-17 04:58:37
4287,154,1,54,1.99,2005-06-15 09:33:37
4288,578,2,4187,0.99,2005-07-12 09:21:37
4289,541,2,11474,5.99,2005-05-31 09:20:37
4290,215,2,7018,1.99,2005-09-20 01:21:37
4291,241,1,5706,6.99,2005-07-02 23:43:37
4292,574,2,13694,6.99,2005-09-20 06:20:37
4293,289,2,1300,6.99,2005-07-04 07:44:37
4294,54,2,2361,1.99,2005-09-04 03:23:37
4295,196,2,15387,1.99,2005-07-08 16:03:37
4296,240,2,5608,0.99,2005-07-08 02:26:37
4297,536,2,14300,0.99,2005-06-08 11:22:37
4298,107,1,8299,6.99,2005-08-23 01:48:37
4299,306,1,8740,4.99,2005-09-08 19:07:37
4300,241,2,7263,6.99,2005-08-01 17:34:37
4301,384,2,9194,9.99,2005-06-20 17:41:37
4302,597,1,1083,7.99,2005-08-09 11:38:37
4303,126,1,8809,6.99,2005-08-02 18:23:37
4304,418,2,9635,4.99,2005-06-29 18:59:37
4305,580,1,7613,5.99,2005-08-22 07:02:37
4306,375,2,10990,5.99,2005-07-03 14:00:37
4307,571,1,12134,2.99,2005-06-30 22:41:37
4308,272,2,15575,9.99,2005-05-27 16:26:37
4309,556,2,7738,9.99,2005-09-21 03:31:37
4310,490,2,2813,9.99,2005-06-23 02:05:37
4311,299,2,1773,2.99,2005-06-10 20:14:37
4312,197,2,3734,9.99,2005-09-02 19:00:37
4313,321,2,8933,7.99,2005-08-06 02:11:37
4314,583,1,9581,3.99,2005-07-14 22:38:37
4315,530,2,5478,0.99,2005-09-08 02:27:37
4316,24,2,11934,8.99,2005-09-01 16:05:37
4317,77,1,14983,1.99,2005-07-12 23:46:37
4318,54,2,3178,6.99,2005-05-27 09:01:37
4319,397,2,14316,7.99,2005-09-10 01:56:37
4320,158,2,14696,9.99,2005-08-17 00:59:37
4321,386,2,13146,7.99,2005-07-12 14:20:37
4322,571,2,3362,0.99,2005-09-20 08:17:37
4323,577,1,7014,8.99,2005-08-20 21:52:37
4324,208,2,2728,9.99,2005-08-04 15:21:37
4325,215,1,3002,7.99,2005-09-18 05:56:37
4326,483,1,13814,6.99,2005-08-29 04:12:37
4327,510,2,11324,9.99,2005-08-25 02:48:37
4328,449,1,1550,9.99,2005-06-09 13:47:37
4329,576,2,13455,8.99,2005-09-17 11:05:37
4330,387,1,4866,0.99,2005-06-01 19:39:37
4331,458,2,3952,9.99,2005-08-24 03:59:37
4332,102,1,376,8.99,2005-07-26 01:06:37
4333,323,1,11823,8.99,2005-08-14 15:20:37
4334,437,1,12931,8.99,2005-08-18 13:42:37
4335,396,1,14347,6.99,2005-06-30 15:29:37
4336,541,2,617,3.99,2005-07-19 07:17:37
4337,111,2,15651,4.99,2005-07-15 10:36:37
4338,559,2,3105,3.99,2005-06-18 18:32:37
4339,332,1,1444,0.99,2005-07-31 19:00:37
4340,37,1,2303,2.99,2005-07-15 03:08:37
4341,144,2,7097,2.99,2005-07-06 13:02:37
4342,125,2,6545,2.99,2005-06-09 14:13:37
4343,501,2,4712,0.99,2005-09-03 09:50:37
4344,246,2,5451,8.99,2005-07-25 17:37:37
4345,411,2,3653,9.99,2005-07-07 23:11:37
4346,520,2,2779,8.99,2005-06-25 22:50:37
4347,366,2,12083,4.99,2005-06-18 05:43:37
4348,257,2,1752,5.99,2005-08-15 18:19:37
4349,450,1,5342,8.99,2005-08-25 22:01:37
4350,599,1,4748,7.99,2005-08-09 12:28:37
4351,569,1,3988,5.99,2005-07-19 12:18:37
4352,160,2,7405,3.99,2005-07-25 08:45:37
4353,589,1,6505,6.99,2005-06-17 07:37:37
4354,389,2,138,4.99,2005-06-03 07:06:37
4355,301,1,10558,5.99,2005-08-23 17:58:37
4356,437,2,290,2.99,2005-06-28 11:59:37
4357,310,2,8477,2.99,2005-07-27 17:30:37
4358,38,2,1462,4.99,2005-06-16 07:48:37
4359,168,1,1235,3.99,2005-06-15 16:15:37
4360,78,2,12012,7.99,2005-08-11 05:45:37
4361,155,1,7352,8.99,2005-09-03 02:37:37
4362,581,1,3690,5.99,2005-08-01 01:56:37
4363,340,2,1896,5.99,2005-07-13 15:56:37
4364,372,2,13378,1.99,2005-09-04 04:53:37
4365,41,2,8080,8.99,2005-07-23 06:18:37
4366,302,2,8835,3.99,2005-06-20 15:48:37
4367,456,2,13482,6.99,2005-08-04 19:03:37
4368,142,2,3065,2.99,2005-08-06 07:08:37
4369,268,2,12631,9.99,2005-09-13 05:24:37
4370,420,2,10665,0.99,2005-09-03 02:33:37
4371,560,2,3624,1.99,2005-05-26 15:21:37
4372,57,2,7931,2.99,2005-07-12 07:19:37
4373,90,1,10413,8.99,2005-09-18 15:33:37
4374,6,2,5662,3.99,2005-07-15 20:33:37
4375,73,1,8628,7.99,2005-08-16 22:48:37
4376,38,2,673,5.99,2005-08-14 05:51:37
4377,378,1,11920,5.99,2005-09-13 13:03:37
4378,248,1,3091,8.99,2005-07-20 12:25:37
4379,482,2,14303,5.99,2005-08-21 07:28:37
4380,490,2,7780,7.99,2005-07-03 23:35:37
4381,209,2,4711,2.99,2005-07-12 03:52:37
4382,282,2,12488,4.99,2005-07-06 00:12:37
4383,96,1,14295,2.99,2005-07-23 20:45:37
4384,56,1,45,9.99,2005-09-19 21:18:37
4385,202,1,13102,5.99,2005-07-29 22:33:37
4386,245,2,9269,0.99,2005-07-01 00:50:37
4387,158,1,1422,3.99,2005-06-29 18:09:37
4388,367,2,7788,8.99,2005-06-13 06:45:37
4389,274,1,5696,4.99,2005-07-04 00:38:37
4390,211,2,14465,7.99,2005-05-31 03:15:37
4391,268,1,2264,1.99,2005-09-03 10:19:37
4392,23,2,8866,6.99,2005-06-07 15:13:37
4393,398,1,12278,3.99,2005-08-11 07:27:37
4394,365,1,10630,9.99,2005-09-20 16:24:37
4395,91,1,9408,2.99,2005-08-09 08:39:37
4396,169,1,10312,3.99,2005-09-11 21:55:37
4397,226,2,11808,2.99,2005-07-13 21:11:37
4398,378,1,6582,4.99,2005-09-03 07:20:37
4399,55,1,3429,8.99,2005-08-21 10:23:37
4400,436,2,6873,4.99,2005-06-25 00:53:37
4401,592,1,1091,7.99,2005-07-10 23:43:37
4402,252,2,12227,5.99,2005-08-28 17:01:37
4403,31,1,13595,7.99,2005-06-07 18:41:37
4404,519,1,7626,1.99,2005-07-26 00:08:37
4405,501,1,11690,1.99,2005-09-04 19:08:37
4406,9,1,10723,4.99,2005-06-27 02:10:37
4407,331,1,4382,9.99,2005-08-17 20:10:37
4408,474,2,11045,1.99,2005-06-22 15:37:37
4409,416,2,8989,8.99,2005-09-23 01:05:37
4410,371,1,6610,9.99,2005-09-14 08:32:37
4411,500,1,5665,8.99,2005-08-20 23:48:37
4412,586,1,3859,8.99,2005-06-15 10:32:37
4413,436,1,334,6.99,2005-06-07 23:49:37
4414,450,1,9098,2.99,2005-05-27 14:25:37
4415,251,2,15947,7.99,2005-07-24 03:27:37
4416,241,1,4805,5.99,2005-08-15 07:12:37
4417,234,1,1022,8.99,2005-08-07 00:23:37
4418,596,1,5218,8.99,2005-07-07 04:35:37
4419,43,2,9219,6.99,2005-07-16 21:03:37
4420,205,1,606,6.99,2005-07-04 13:49:37
4421,423,2,1675,4.99,2005-08-20 01:51:37
4422,473,2,6977,4.99,2005-07-30 11:55:37
4423,282,2,15526,1.99,2005-09-14 07:49:37
4424,330,2,13082,2.99,2005-07-15 14:32:37
4425,44,1,2442,2.99,2005-07-19 00:47:37
4426,402,1,5938,6.99,2005-06-08 04:46:37
4427,170,1,4518,8.99,2005-07-05 15:22:37
4428,347,1,8760,4.99,2005-06-21 10:39:37
4429,597,1,3189,2.99,2005-07-18 19:12:37
4430,286,1,2236,0.99,2005-07-21 15:18:37
4431,269,2,7927,8.99,2005-06-11 12:45:37
4432,351,2,5664,0.99,2005-05-27 15:59:37
4433,573,2,13876,2.99,2005-08-02 15:10:37
4434,559,1,5644,6.99,2005-07-15 01:18:37
4435,514,1,12614,8.99,2005-09-22 12:37:37
4436,283,1,9640,0.99,2005-09-17 08:54:37
4437,453,2,3217,4.99,2005-06-09 17:01:37
4438,406,1,13961,8.99,2005-05-25 15:00:37
4439,256,1,2324,7.99,2005-07-22 23:13:37
4440,235,2,3541,0.99,2005-06-07 19:59:37
4441,332,1,2538,6.99,2005-06-23 17:40:37
4442,196,1,3848,2.99,2005-07-06 17:40:37
4443,520,2,15536,9.99,2005-09-17 01:32:37
4444,545,1,5470,4.99,2005-07-16 03:51:37
4445,168,2,6448,0.99,2005-09-05 11:37:37
4446,7,2,4307,7.99,2005-09-06 19:36:37
4447,594,2,7152,1.99,2005-06-16 01:01:37
4448,390,1,453,1.99,2005-08-23 22:08:37
4449,484,2,2680,8.99,2005-08-04 06:32:37
4450,103,2,4207,4.99,2005-06-23 13:21:37
4451,123,2,3789,0.99,2005-06-28 10:25:37
4452,331,2,5273,2.99,2005-06-11 08:07:37
4453,436,1,13774,1.99,2005-08-05 22:42:37
4454,536,1,15130,2.99,2005-07-27 13:19:37
4455,41,1,10302,9.99,2005-07-24 02:56:37
4456,331,2,1372,4.99,2005-07-24 04:45:37
4457,553,2,9080,4.99,2005-09-19 21:56:37
4458,279,1,6234,6.99,2005-08-04 02:48:37
4459,359,1,12719,7.99,2005-09-09 13:59:37
4460,427,2,5113,6.99,2005-06-15 15:40:37
4461,349,2,10066,1.99,2005-08-25 10:28:37
4462,158,1,13525,5.99,2005-08-09 21:06:37
4463,468,1,4598,9.99,2005-05-26 15:27:37
4464,299,1,11685,6.99,2005-08-09 05:42:37
4465,91,1,12779,7.99,2005-06-22 18:22:37
4466,378,2,8606,8.99,2005-08-18 19:50:37
4467,549,2,3121,2.99,2005-08-21 09:25:37
4468,260,1,11843,1.99,2005-05-30 16:34:37
4469,288,2,8155,1.99,2005-06-15 05:36:37
4470,78,1,12105,3.99,2005-06-07 04:38:37
4471,295,2,1283,3.99,2005-08-30 02:04:37
4472,206,2,5529,9.99,2005-09-09 18:13:37
4473,129,1,10221,1.99,2005-05-31 06:39:37
4474,517,1,11275,5.99,2005-08-02 17:17:37
4475,542,1,13752,6.99,2005-06-14 06:26:37
4476,169,2,13802,2.99,2005-08-05 23:38:37
4477,219,1,3593,2.99,2005-07-22 21:24:37
4478,592,1,3311,0.99,2005-09-14 11:07:37
4479,433,1,12272,2.99,2005-07-12 06:56:37
4480,57,1,4551,7.99,2005-07-24 06:25:37
4481,240,2,15219,4.99,2005-06-30 11:59:37
4482,518,1,4123,0.99,2005-09-03 08:24:37
4483,194,2,8998,2.99,2005-08-27 19:03:37
4484,169,1,283,2.99,2005-08-19 03:46:37
4485,406,2,8805,9.99,2005-08-08 11:05:37
4486,205,1,9806,6.99,2005-09-21 15:21:37
4487,539,2,2178,5.99,2005-09-14 00:16:37
4488,502,2,7884,7.99,2005-07-20 19:37:37
4489,409,2,3832,5.99,2005-07-02 16:41:37
4490,323,2,1643,2.99,2005-09-09 19:28:37
4491,236,2,9934,7.99,2005-06-16 03:52:37
4492,352,2,10348,7.99,2005-06-15 00:20:37
4493,131,1,4441,1.99,2005-08-06 23:09:37
4494,196,1,399,6.99,2005-09-12 03:51:37
4495,480,1,5526,0.99,2005-06-18 05:56:37
4496,464,2,14635,2.99,2005-08-15 04:35:37
4497,30,2,13114,1.99,2005-08-20 19:49:37
4498,390,2,1170,2.99,2005-09-05 18:33:37
4499,346,2,2088,2.99,2005-05-28 12:17:37
4500,509,1,11939,9.99,2005-08-19 20:56:37
4501,111,1,13696,9.99,2005-08-22 00:46:37
4502,467,1,8437,1.99,2005-07-02 11:38:37
4503,125,1,12070,3.99,2005-07-20 20:41:37
4504,167,2,376,6.99,2005-08-19 18:42:37
4505,176,1,2696,0.99,2005-09-18 08:57:37
4506,277,1,5546,1.99,2005-08-25 06:17:37
4507,232,2,1365,7.99,2005-09-22 03:08:37
4508,18,2,10201,2.99,2005-05-27 17:24:37
4509,349,2,4790,0.99,2005-06-25 12:59:37
4510,81,1,2722,3.99,2005-06-14 04:14:37
4511,32,1,3432,7.99,2005-08-04 21:23:37
4512,107,2,14848,7.99,2005-08-14 00:45:37
4513,49,2,12331,9.99,2005-08-10 01:22:37
4514,234,1,1712,4.99,2005-08-19 18:45:37
4515,148,2,5547,8.99,2005-09-18 09:28:37
4516,351,1,8615,4.99,2005-09-05 11:54:37
4517,535,1,4639,5.99,2005-07-26 16:33:37
4518,495,1,6927,5.99,2005-06-10 08:09:37
4519,216,1,3352,8.99,2005-06-05 03:25:37
4520,14,2,14562,7.99,2005-08-13 17:59:37
4521,67,1,8131,7.99,2005-07-29 22:59:37
4522,404,2,14580,1.99,2005-06-05 15:55:37
4523,309,2,4631,8.99,2005-05-28 18:43:37
4524,189,1,8827,7.99,2005-07-09 23:22:37
4525,476,1,14079,8.99,2005-09-15 01:12:37
4526,102,2,12137,5.99,2005-07-11 15:11:37
4527,174,1,10987,9.99,2005-07-18 00:00:37
4528,399,2,14183,6.99,2005-09-19 18:17:37
4529,542,2,144,1.99,2005-05-26 03:22:37
4530,262,1,5491,1.99,2005-08-11 03:50:37
4531,593,2,3933,6.99,2005-06-11 23:31:37
4532,17,2,12476,9.99,2005-09-18 19:37:37
4533,457,2,3387,9.99,2005-06-29 09:45:37
4534,581,2,6748,3.99,2005-07-30 07:21:37
4535,162,1,13337,7.99,2005-08-30 15:10:37
4536,52,2,150,8.99,2005-08-22 06:22:37
4537,55,1,3595,0.99,2005-06-27 06:10:37
4538,23,1,3200,3.99,2005-08-28 12:31:37
4539,471,2,3799,6.99,2005-08-21 16:15:37
4540,314,2,2310,1.99,2005-06-17 22:10:37
4541,213,1,2155,5.99,2005-06-12 21:22:37
4542,310,1,5727,2.99,2005-05-31 15:43:37
4543,127,2,7042,0.99,2005-06-05 02:48:37
4544,488,2,3452,9.99,2005-08-05 14:04:37
4545,171,1,14103,0.99,2005-07-01 11:10:37
4546,557,1,12845,6.99,2005-08-16 14:46:37
4547,377,2,5475,6.99,2005-09-21 23:48:37
4548,189,2,2246,1.99,2005-08-29 20:02:37
4549,258,2,9004,5.99,2005-06-27 18:43:37
4550,70,1,3169,7.99,2005-06-17 00:46:37
4551,340,2,6110,3.99,2005-07-25 11:41:37
4552,535,2,5000,6.99,2005-08-04 18:28:37
4553,225,2,15411,5.99,2005-08-08 15:00:37
4554,88,1,1412,4.99,2005-09-03 12:00:37
4555,241,1,14971,8.99,2005-09-20 12:14:37
4556,41,2,11469,2.99,2005-07-05 20:02:37
4557,28,1,15107,6.99,2005-05-31 18:14:37
4558,443,1,3910,5.99,2005-07-14 05:55:37
4559,239,1,15741,6.99,2005-09-23 03:59:37
4560,438,1,12822,6.99,2005-06-21 16:48:37
4561,587,1,3586,2.99,2005-08-29 10:36:37
4562,593,1,11735,7.99,2005-08-27 06:09:37
4563,544,2,4016,5.99,2005-06-23 19:10:37
4564,280,2,9723,3.99,2005-08-15 12:48:37
4565,522,1,1183,8.99,2005-05-29 22:15:37
4566,594,1,4405,6.99,2005-08-31 18:54:37
4567,88,1,14332,2.99,2005-09-12 07:19:37
4568,413,2,588,9.99,2005-09-11 03:00:37
4569,307,2,15085,1.99,2005-09-14 05:37:37
4570,3,2,15405,7.99,2005-07-05 09:24:37
4571,401,2,15349,4.99,2005-05-25 17:49:37
4572,290,2,1995,7.99,2005-06-20 22:40:37
4573,356,1,13538,1.99,2005-08-28 16:58:37
4574,242,1,8145,8.99,2005-07-28 17:38:37
4575,355,2,7712,5.99,2005-09-14 08:31:37
4576,344,1,8821,8.99,2005-07-10 15:31:37
4577,542,2,5368,6.99,2005-06-30 09:54:37
4578,372,1,9572,5.99,2005-08-12 21:45:37
4579,385,1,8512,4.99,2005-09-19 16:23:37
4580,468,2,3322,2.99,2005-08-03 14:31:37
4581,574,1,4068,4.99,2005-05-31 21:59:37
4582,311,1,3203,2.99,2005-07-07 05:28:37
4583,490,2,384,2.99,2005-07-22 06:25:37
4584,378,1,6683,4.99,2005-05-26 14:37:37
4585,104,1,6503,7.99,2005-08-26 21:09:37
4586,493,1,2124,6.99,2005-09-22 05:37:37
4587,166,1,3715,6.99,2005-07-18 10:27:37
4588,455,1,480,1.99,2005-07-13 13:49:37
4589,165,2,16021,0.99,2005-07-02 19:50:37
4590,28,2,8512,5.99,2005-07-05 19:29:37
4591,325,2,10557,4.99,2005-09-22 06:51:37
4592,413,1,12798,5.99,2005-06-20 14:54:37
4593,566,1,9604,3.99,2005-06-30 20:02:37
4594,304,1,9165,6.99,2005-07-12 05:43:37
4595,322,2,594,1.99,2005-08-08 10:43:37
4596,175,1,10017,4.99,2005-06-28 11:05:37
4597,391,1,7459,1.99,2005-06-20 09:36:37
4598,251,2,3397,0.99,2005-09-19 21:32:37
4599,454,1,13130,5.99,2005-05-28 13:39:37
4600,290,2,7497,6.99,2005-06-17 16:09:37
4601,3,2,15127,0.99,2005-07-09 11:21:37
4602,559,1,9120,1.99,2005-09-04 14:37:37
4603,461,2,1008,6.99,2005-07-27 16:02:37
4604,171,2,13390,2.99,2005-09-04 21:40:37
4605,264,2,7996,0.99,2005-08-22 21:54:37
4606,574,1,314,6.99,2005-07-22 16:19:37
4607,588,1,6489,1.99,2005-09-22 12:12:37
4608,561,1,15405,6.99,2005-05-26 14:13:37
4609,101,1,12395,5.99,2005-07-28 03:59:37
4610,66,1,2684,1.99,2005-08-16 04:18:37
4611,334,1,598,0.99,2005-05-26 04:48:37
4612,334,1,974,8.99,2005-07-12 22:00:37
4613,356,2,5557,7.99,2005-07-04 04:17:37
4614,97,1,1374,9.99,2005-07-23 19:22:37
4615,108,1,1334,3.99,2005-07-05 08:52:37
4616,217,2,10172,0.99,2005-07-13 21:06:37
4617,407,2,10721,1.99,2005-06-23 11:00:37
4618,319,2,6044,3.99,2005-05-25 11:53:37
4619,477,2,1274,5.99,2005-07-09 21:52:37
4620,116,2,8602,0.99,2005-07-30 14:43:37
4621,369,2,11547,9.99,2005-06-28 15:58:37
4622,321,1,13330,2.99,2005-07-05 20:08:37
4623,250,2,15463,3.99,2005-09-09 11:03:37
4624,582,2,8038,0.99,2005-09-20 16:59:37
4625,440,1,945,6.99,2005-09-06 18:24:37
4626,66,2,6922,7.99,2005-09-05 08:45:37
4627,320,1,3933,0.99,2005-06-04 05:16:37
4628,163,2,11892,6.99,2005-06-12 04:08:37
4629,95,1,14235,3.99,2005-09-16 11:18:37
4630,171,2,9299,4.99,2005-06-03 04:48:37
4631,30,2,9718,0.99,2005-06-02 18:56:37
4632,184,1,16037,9.99,2005-07-26 03:57:37
4633,336,1,230,7.99,2005-08-07 18:27:37
4634,263,2,6706,9.99,2005-09-12 22:44:37
4635,286,2,8838,0.99,2005-09-22 22:43:37
4636,24,1,10139,0.99,2005-07-07 16:21:37
4637,577,2,6416,4.99,2005-06-28 20:13:37
4638,273,2,12247,4.99,2005-07-19 20:06:37
4639,592,1,2130,1.99,2005-09-04 16:19:37
4640,354,1,14433,5.99,2005-06-22 17:01:37
4641,110,1,10357,2.99,2005-06-01 13:58:37
4642,394,1,7554,6.99,2005-06-08 23:31:37
4643,61,2,8787,5.99,2005-06-08 01:33:37
4644,568,1,14764,5.99,2005-05-27 11:52:37
4645,263,2,14791,0.99,2005-06-05 15:46:37
4646,110,1,3258,3.99,2005-06-25 14:49:37
4647,102,2,8438,7.99,2005-08-14 06:59:37
4648,397,1,15613,1.99,2005-08-09 22:44:37
4649,529,2,11774,0.99,2005-06-03 13:43:37
4650,311,2,9263,0.99,2005-07-03 06:25:37
4651,402,1,2329,8.99,2005-07-22 05:16:37
4652,502,1,12808,3.99,2005-06-21 09:16:37
4653,89,2,14826,4.99,2005-08-22 11:47:37
4654,236,1,5548,1.99,2005-05-29 14:09:37
4655,68,2,11151,3.99,2005-06-01 01:29:37
4656,5,2,4337,1.99,2005-08-23 21:32:37
4657,199,2,11127,8.99,2005-06-20 21:52:37
4658,360,2,9000,5.99,2005-08-20 01:46:37
4659,525,2,10837,4.99,2005-08-06 15:13:37
4660,267,1,102,1.99,2005-07-02 05:38:37
4661,73,2,4958,9.99,2005-08-03 17:33:37
4662,320,2,5110,8.99,2005-08-14 18:00:37
4663,177,1,12316,3.99,2005-09-18 04:37:37
4664,18,2,11467,1.99,2005-07-03 19:23:37
4665,499,2,11289,9.99,2005-08-12 16:58:37
4666,599,1,9466,1.99,2005-07-07 16:50:37
4667,89,1,10088,9.99,2005-09-04 16:39:37
4668,581,1,13048,3.99,2005-06-02 11:35:37
4669,36,2,13599,2.99,2005-09-14 16:12:37
4670,579,2,14482,0.99,2005-05-31 11:47:37
4671,529,1,3445,5.99,2005-07-25 06:22:37
4672,143,1,3388,4.99,2005-06-08 05:21:37
4673,269,2,8912,5.99,2005-06-20 21:26:37
4674,394,2,14090,4.99,2005-05-30 02:40:37
4675,445,2,14591,7.99,2005-06-16 07:35:37
4676,37,2,12248,5.99,2005-06-20 17:19:37
4677,305,2,12289,8.99,2005-07-18 08:00:37
4678,434,1,7076,8.99,2005-08-11 19:43:37
4679,261,1,2570,4.99,2005-06-13 03:59:37
4680,216,1,11181,9.99,2005-09-09 05:53:37
4681,175,2,110,9.99,2005-06-15 13:38:37
4682,64,1,9776,5.99,2005-08-31 02:31:37
4683,227,1,15300,5.99,2005-07-25 08:07:37
4684,157,2,1844,0.99,2005-07-25 18:38:37
4685,201,1,14263,5.99,2005-06-01 14:55:37
4686,333,1,13414,4.99,2005-06-22 12:49:37
4687,135,2,13809,3.99,2005-05-29 23:28:37
4688,500,2,6462,3.99,2005-09-13 05:31:37
4689,114,2,14920,6.99,2005-08-29 12:16:37
4690,26,2,608,7.99,2005-07-29 02:19:37
4691,21,1,945,2.99,2005-08-28 18:32:37
4692,32,1,11588,4.99,2005-09-04 16:00:37
4693,196,1,2867,1.99,2005-07-08 20:51:37
4694,325,2,12954,4.99,2005-06-03 00:40:37
4695,498,2,9742,4.99,2005-09-10 15:17:37
4696,375,1,1911,1.99,2005-07-21 10:38:37
4697,382,1,2987,9.99,2005-09-02 18:13:37
4698,141,2,9494,1.99,2005-06-16 21:59:37
4699,127,1,13167,7.99,2005-08-23 07:43:37
4700,259,1,15725,9.99,2005-05-27 04:12:37
4701,86,1,357,9.99,2005-07-13 17:24:37
4702,419,2,7952,2.99,2005-06-28 23:05:37
4703,578,1,5284,7.99,2005-08-17 18:54:37
4704,56,1,6627,7.99,2005-06-11 08:42:37
4705,56,1,15914,8.99,2005-08-01 11:35:37
4706,479,2,4261,7.99,2005-06-22 02:00:37
4707,378,1,7582,4.99,2005-07-12 02:58:37
4708,60,2,3919,3.99,2005-07-11 17:32:37
4709,456,2,2833,2.99,2005-07-03 04:06:37
4710,249,2,6700,7.99,2005-07-18 23:39:37
4711,268,1,15058,4.99,2005-08-21 08:57:37
4712,584,2,4428,7.99,2005-06-29 05:29:37
4713,333,2,8221,1.99,2005-08-21 12:32:37
4714,576,1,7974,9.99,2005-09-10 08:42:37
4715,492,1,11708,9.99,2005-06-08 19:09:37
4716,352,1,13458,6.99,2005-07-11 02:17:37
4717,401,2,8541,0.99,2005-09-19 02:21:37
4718,453,2,8797,7.99,2005-07-19 14:59:37
4719,584,1,8977,8.99,2005-09-22 16:39:37
4720,531,2,12773,1.99,2005-07-16 20:28:37
4721,265,2,7975,3.99,2005-07-18 17:47:37
4722,113,2,14222,9.99,2005-06-29 19:33:37
4723,90,1,3719,6.99,2005-06-15 16:06:37
4724,518,1,13550,3.99,2005-07-06 03:16:37
4725,213,2,13767,5.99,2005-06-28 08:48:37
4726,139,1,5898,0.99,2005-09-07 16:17:37
4727,286,2,14468,6.99,2005-09-09 14:14:37
4728,219,2,8175,2.99,2005-06-14 20:04:37
4729,237,2,15355,1.99,2005-08-08 00:20:37
4730,137,1,6481,0.99,2005-07-21 06:25:37
4731,78,2,10429,3.99,2005-09-20 06:53:37
4732,364,2,11077,4.99,2005-07-30 13:29:37
4733,103,1,4310,1.99,2005-07-29 05:20:37
4734,239,1,14366,2.99,2005-08-17 09:44:37
4735,387,1,10886,4.99,2005-07-05 06:44:37
4736,420,2,15296,1.99,2005-07-28 16:17:37
4737,426,1,10655,0.99,2005-07-20 07:33:37
4738,408,1,14764,9.99,2005-05-26 13:13:37
4739,272,2,692,2.99,2005-09-07 15:27:37
4740,267,1,330,2.99,2005-06-22 05:58:37
4741,293,1,14479,0.99,2005-07-30 13:11:37
4742,87,1,3119,2.99,2005-06-06 16:27:37
4743,218,2,8040,3.99,2005-08-22 23:44:37
4744,63,2,14628,6.99,2005-06-01 06:45:37
4745,153,2,13677,2.99,2005-06-05 01:41:37
4746,492,1,14779,4.99,2005-05-28 12:48:37
4747,314,2,984,7.99,2005-09-17 10:34:37
4748,152,2,14315,4.99,2005-06-24 16:53:37
4749,243,2,5628,4.99,2005-06-20 22:23:37
4750,353,1,15968,0.99,2005-08-07 06:02:37
4751,444,2,13682,7.99,2005-07-20 10:04:37
4752,37,2,14255,1.99,2005-09-02 15:30:37
4753,75,2,11821,8.99,2005-07-08 06:54:37
4754,17,2,15623,8.99,2005-08-07 22:26:37
4755,304,1,12036,3.99,2005-06-21 00:00:37
4756,563,1,12661,7.99,2005-06-29 06:50:37
4757,85,1,6263,3.99,2005-06-24 08:57:37
4758,229,1,2854,2.99,2005-09-19 15:12:37
4759,6,2,14357,8.99,2005-07-27 03:03:37
4760,470,1,12264,6.99,2005-08-10 22:41:37
4761,552,2,785,0.99,2005-05-25 13:23:37
4762,65,2,6703,3.99,2005-07-28 22:37:37
4763,484,2,1484,2.99,2005-07-14 07:25:37
4764,97,2,15195,7.99,2005-06-13 05:51:37
4765,195,2,12581,5.99,2005-07-12 17:57:37
4766,187,1,2837,9.99,2005-06-01 07:24:37
4767,178,1,7492,9.99,2005-06-15 22:28:37
4768,339,2,5657,2.99,2005-08-16 18:15:37
4769,32,1,4787,8.99,2005-06-29 00:17:37
4770,574,2,12465,1.99,2005-06-18 02:59:37
4771,266,2,4694,3.99,2005-09-19 12:21:37
4772,250,1,12652,9.99,2005-07-07 21:15:37
4773,572,1,5917,7.99,2005-05-28 03:45:37
4774,17,2,1838,7.99,2005-06-29 13:50:37
4775,506,2,13671,9.99,2005-08-25 22:37:37
4776,454,1,14031,7.99,2005-06-22 09:08:37
4777,373,2,13897,9.99,2005-06-12 11:30:37
4778,122,1,6730,1.99,2005-09-18 16:54:37
4779,23,1,9344,6.99,2005-09-13 00:04:37
4780,474,2,18,5.99,2005-09-11 02:41:37
4781,223,1,16007,7.99,2005-08-31 01:54:37
4782,221,1,13640,1.99,2005-06-05 20:08:37
4783,169,1,13021,8.99,2005-06-24 04:13:37
4784,529,1,597,3.99,2005-07-08 13:19:37
4785,344,2,5285,2.99,2005-07-12 07:19:37
4786,548,1,5978,1.99,2005-08-07 12:10:37
4787,557,2,8562,8.99,2005-06-18 10:00:37
4788,302,1,12721,6.99,2005-09-14 22:59:37
4789,122,2,7705,4.99,2005-08-01 01:17:37
4790,230,2,14301,7.99,2005-07-29 06:52:37
4791,7,1,10303,6.99,2005-08-17 13:27:37
4792,336,2,7993,1.99,2005-06-09 18:34:37
4793,405,2,9535,4.99,2005-07-03 20:12:37
4794,277,2,11604,0.99,2005-07-17 08:02:37
4795,127,2,1873,6.99,2005-06-08 14:59:37
4796,450,1,568,2.99,2005-07-16 00:08:37
4797,274,2,4151,4.99,2005-06-25 05:12:37
4798,590,1,3867,2.99,2005-07-21 03:02:37
4799,328,2,9058,2.99,2005-06-15 20:50:37
4800,516,1,8255,0.99,2005-06-17 01:25:37
4801,232,2,3633,8.99,2005-08-30 12:30:37
4802,546,1,10082,1.99,2005-06-12 07:43:37
4803,207,2,7391,6.99,2005-07-23 09:42:37
4804,139,1,15673,2.99,2005-06-09 19:05:37
4805,360,2,6785,0.99,2005-06-13 06:05:37
4806,443,1,4857,6.99,2005-08-05 01:08:37
4807,273,2,1124,0.99,2005-08-01 14:00:37
4808,303,1,5686,6.99,2005-08-10 04:39:37
4809,53,1,10421,6.99,2005-08-26 20:48:37
4810,432,1,1944,9.99,2005-06-01 03:06:37
4811,516,1,15842,8.99,2005-07-13 01:16:37
4812,321,2,3507,5.99,2005-06-14 12:35:37
4813,414,1,5881,5.99,2005-06-01 22:08:37
4814,459,2,15925,8.99,2005-06-10 19:14:37
4815,438,2,552,5.99,2005-07-24 09:08:37
4816,537,1,12885,2.99,2005-06-12 21:03:37
4817,206,1,1747,6.99,2005-07-03 16:31:37
4818,83,2,7696,9.99,2005-06-17 09:35:37
4819,303,2,1378,2.99,2005-06-23 13:18:37
4820,574,1,850,6.99,2005-06-14 22:17:37
4821,421,2,4543,9.99,2005-06-02 13:55:37
4822,134,2,3332,8.99,2005-06-08 04:05:37
4823,117,2,8285,3.99,2005-09-18 00:53:37
4824,223,2,15588,9.99,2005-07-05 04:53:37
4825,148,1,14814,1.99,2005-08-25 16:56:37
4826,115,1,1395,1.99,2005-09-07 03:46:37
4827,67,2,7313,1.99,2005-07-05 17:15:37
4828,378,2,5971,2.99,2005-09-11 20:49:37
4829,507,1,15965,7.99,2005-07-05 12:28:37
4830,496,1,10404,3.99,2005-07-20 14:30:37
4831,215,1,3069,0.99,2005-09-07 13:45:37
4832,503,2,12570,9.99,2005-07-30 02:07:37
4833,312,2,15062,8.99,2005-09-02 13:50:37
4834,531,1,6126,5.99,2005-08-10 18:47:37
4835,356,2,12554,8.99,2005-06-01 05:46:37
4836,65,1,2077,0.99,2005-06-29 12:30:37
4837,477,1,11902,8.99,2005-07-14 19:48:37
4838,440,2,7760,6.99,2005-06-01 02:58:37
4839,203,2,9239,2.99,2005-08-31 10:44:37
4840,425,1,1946,4.99,2005-09-06 19:54:37
4841,222,2,13417,5.99,2005-05-29 19:35:37
4842,528,2,11344,2.99,2005-09-17 11:21:37
4843,59,1,3793,9.99,2005-06-07 07:16:37
4844,223,2,12653,4.99,2005-06-05 05:35:37
4845,127,2,5135,5.99,2005-05-27 08:51:37
4846,540,2,1558,0.99,2005-07-02 20:57:37
4847,102,2,293,8.99,2005-05-25 21:06:37
4848,421,2,7822,7.99,2005-07-31 03:29:37
4849,154,1,739,9.99,2005-08-02 12:10:37
4850,12,1,10660,9.99,2005-06-03 22:41:37
4851,391,1,15807,7.99,2005-07-14 18:42:37
4852,411,2,10249,0.99,2005-07-09 23:00:37
4853,441,2,12794,4.99,2005-06-24 20:08:37
4854,360,1,1088,7.99,2005-07-11 05:39:37
4855,289,1,14719,9.99,2005-09-09 20:33:37
4856,447,2,15670,1.99,2005-07-04 07:04:37
4857,167,1,13779,1.99,2005-07-27 14:47:37
4858,333,2,7566,8.99,2005-06-11 00:33:37
4859,53,2,586,0.99,2005-07-27 12:42:37
4860,250,2,2633,4.99,2005-06-01 22:29:37
4861,198,2,5306,9.99,2005-08-01 12:49:37
4862,386,1,8781,8.99,2005-08-09 08:25:37
4863,292,1,1584,7.99,2005-09-07 11:09:37
4864,351,2,1643,8.99,2005-08-23 20:21:37
4865,411,2,11349,4.99,2005-08-18 18:43:37
4866,28,1,14472,5.99,2005-07-22 04:56:37
4867,425,1,2790,8.99,2005-06-16 18:25:37
4868,166,1,11827,2.99,2005-07-19 19:14:37
4869,528,1,1891,8.99,2005-08-18 23:27:37
4870,309,2,6358,9.99,2005-08-03 03:56:37
4871,183,1,3003,3.99,2005-06-26 17:22:37
4872,271,2,14550,5.99,2005-06-06 09:54:37
4873,377,2,4147,2.99,2005-09-18 22:39:37
4874,547,2,11938,7.99,2005-06-26 22:41:37
4875,389,2,15658,6.99,2005-08-02 23:28:37
4876,521,2,13180,1.99,2005-06-09 07:55:37
4877,180,1,4221,6.99,2005-07-29 01:23:37
4878,521,1,10870,6.99,2005-06-21 17:53:37
4879,248,1,9761,0.99,2005-08-21 04:18:37
4880,91,2,15177,5.99,2005-07-17 22:15:37
4881,252,1,910,8.99,2005-08-07 05:06:37
4882,344,1,2553,7.99,2005-09-15 19:16:37
4883,384,1,30,3.99,2005-06-20 00:57:37
4884,65,1,2985,3.99,2005-06-17 02:38:37
4885,168,1,1524,0.99,2005-06-07 13:56:37
4886,420,2,12361,6.99,2005-07-30 06:20:37
4887,577,1,4263,7.99,2005-07-09 12:00:37
4888,379,2,2736,2.99,2005-09-06 18:48:37
4889,135,2,7175,4.99,2005-06-07 22:47:37
4890,99,1,10399,8.99,2005-06-16 19:26:37
4891,406,1,11781,6.99,2005-08-30 01:38:37
4892,458,2,9737,8.99,2005-08-07 03:08:37
4893,224,2,13817,2.99,2005-09-01 14:58:37
4894,450,1,3063,4.99,2005-07-03 01:17:37
4895,231,2,15333,1.99,2005-08-17 01:27:37
4896,427,1,8853,0.99,2005-08-16 15:57:37
4897,570,2,9794,5.99,2005-09-02 03:17:37
4898,84,2,9389,3.99,2005-06-17 23:25:37
4899,545,2,3941,4.99,2005-06-02 19:52:37
4900,182,2,10012,9.99,2005-06-02 04:09:37
4901,293,1,2941,1.99,2005-09-19 12:17:37
4902,290,2,14880,4.99,2005-09-10 11:44:37
4903,498,1,13226,4.99,2005-06-07 12:18:37
4904,535,1,9304,6.99,2005-09-01 13:08:37
4905,114,2,9456,7.99,2005-09-17 15:09:37
4906,287,1,3739,2.99,2005-07-17 14:55:37
4907,577,1,15944,1.99,2005-07-05 14:58:37
4908,169,2,6654,9.99,2005-08-14 08:05:37
4909,2,2,8241,1.99,2005-09-15 14:47:37
4910,356,1,11694,9.99,2005-09-09 01:51:37
4911,581,2,4379,6.99,2005-09-10 21:25:37
4912,592,2,7198,4.99,2005-09-16 16:24:37
4913,112,1,12907,2.99,2005-06-27 12:58:37
4914,479,2,1283,5.99,2005-09-20 14:52:37
4915,588,1,3558,4.99,2005-07-29 13:48:37
4916,125,1,4679,7.99,2005-07-22 02:30:37
4917,11,1,10635,9.99,2005-09-20 20:54:37
4918,98,2,10589,6.99,2005-07-30 08:40:37
4919,523,1,2483,9.99,2005-06-24 00:30:37
4920,193,1,339,4.99,2005-06-01 02:28:37
4921,20,2,8378,7.99,2005-07-11 23:16:37
4922,393,1,8373,9.99,2005-08-24 11:18:37
4923,204,2,13783,0.99,2005-06-23 14:50:37
4924,569,1,13497,2.99,2005-06-06 12:11:37
4925,503,2,9297,9.99,2005-08-28 21:37:37
4926,247,1,12929,1.99,2005-07-14 20:43:37
4927,465,2,14857,5.99,2005-08-05 16:28:37
4928,399,1,6527,8.99,2005-07-19 02:35:37
4929,226,2,9097,2.99,2005-07-18 14:18:37
4930,465,2,1246,9.99,2005-07-29 04:25:37
4931,254,1,13707,8.99,2005-08-24 13:40:37
4932,302,2,11705,5.99,2005-09-01 04:40:37
4933,288,1,1677,3.99,2005-08-28 12:32:37
4934,274,1,13818,9.99,2005-06-30 20:30:37
4935,414,2,8706,0.99,2005-07-25 12:44:37
4936,66,2,15983,7.99,2005-07-28 09:22:37
4937,459,2,12529,6.99,2005-07-09 02:47:37
4938,462,2,10008,7.99,2005-08-11 09:28:37
4939,488,2,13659,4.99,2005-08-19 16:18:37
4940,41,1,7043,3.99,2005-08-14 09:52:37
4941,372,1,10153,2.99,2005-06-10 15:11:37
4942,241,1,5352,9.99,2005-08-25 04:25:37
4943,525,2,5137,8.99,2005-06-13 17:47:37
4944,336,1,4043,8.99,2005-08-22 13:11:37
4945,390,1,5199,7.99,2005-08-20 09:38:37
4946,519,2,7733,5.99,2005-08-21 17:54:37
4947,547,2,8272,9.99,2005-07-21 08:41:37
4948,161,1,7149,5.99,2005-08-12 12:33:37
4949,578,1,7372,3.99,2005-06-07 11:15:37
4950,443,1,3655,0.99,2005-08-28 05:30:37
4951,556,2,5802,4.99,2005-09-23 09:08:37
4952,376,2,13545,2.99,2005-06-14 23:52:37
4953,134,2,3223,0.99,2005-09-04 14:24:37
4954,366,1,1716,6.99,2005-06-29 02:40:37
4955,305,1,14672,6.99,2005-06-08 15:50:37
4956,169,1,1231,6.99,2005-06-17 20:50:37
4957,386,2,2034,9.99,2005-07-22 20:00:37
4958,79,1,15919,9.99,2005-08-15 13:49:37
4959,489,1,12892,7.99,2005-06-20 22:37:37
4960,269,2,9336,0.99,2005-07-03 13:26:37
4961,476,1,6320,6.99,2005-08-15 01:27:37
4962,244,2,11014,7.99,2005-06-30 02:52:37
4963,157,2,12156,4.99,2005-06-02 11:57:37
4964,497,1,15176,9.99,2005-09-15 16:41:37
4965,411,2,14337,1.99,2005-07-04 00:50:37
4966,541,2,4447,0.99,2005-07-29 19:54:37
4967,165,1,14685,9.99,2005-09-01 04:41:37
4968,5,2,9729,2.99,2005-05-27 23:27:37
4969,510,1,10874,7.99,2005-07-07 06:13:37
4970,261,2,10267,9.99,2005-06-04 11:51:37
4971,195,1,6915,5.99,2005-08-14 13:03:37
4972,94,1,815,1.99,2005-07-21 12:10:37
4973,432,1,14516,3.99,2005-06-05 19:33:37
4974,91,2,4400,1.99,2005-08-04 04:20:37
4975,195,1,15361,7.99,2005-08-18 07:11:37
4976,206,1,11653,3.99,2005-07-14 21:11:37
4977,251,2,9718,8.99,2005-08-25 13:12:37
4978,303,2,10616,9.99,2005-08-13 18:40:37
4979,528,1,5318,0.99,2005-07-09 05:19:37
4980,453,1,6419,7.99,2005-06-16 10:52:37
4981,67,1,15347,6.99,2005-09-18 20:13:37
4982,583,2,5201,8.99,2005-08-10 14:19:37
4983,324,1,11822,0.99,2005-07-27 23:57:37
4984,12,1,4190,0.99,2005-08-18 08:09:37
4985,320,1,1578,5.99,2005-05-30 19:53:37
4986,334,2,5090,7.99,2005-09-16 22:24:37
4987,293,1,4314,7.99,2005-08-04 11:42:37
4988,478,2,11901,6.99,2005-07-23 08:35:37
4989,470,2,9973,2.99,2005-07-23 12:56:37
4990,278,1,3780,5.99,2005-08-28 22:29:37
4991,354,1,5195,5.99,2005-06-03 01:01:37
4992,233,2,5230,1.99,2005-09-04 22:14:37
4993,325,1,14906,5.99,2005-07-15 19:16:37
4994,6,2,7104,4.99,2005-07-08 22:31:37
4995,469,1,2118,8.99,2005-08-04 16:42:37
4996,147,1,1306,4.99,2005-07-08 00:53:37
4997,422,1,2596,6.99,2005-08-09 04:25:37
4998,521,1,481,3.99,2005-06-08 17:04:37
4999,434,2,1896,6.99,2005-06-05 00:06:37
5000,575,1,4804,2.99,2005-06-20 23:47:37
5001,563,2,2380,0.99,2005-08-22 20:48:37
5002,240,1,13011,7.99,2005-08-25 14:24:37
5003,436,1,7090,4.99,2005-05-28 03:01:37
5004,322,2,11509,2.99,2005-06-01 06:14:37
5005,61,2,6162,4.99,2005-06-16 02:25:37
5006,275,2,4794,3.99,2005-09-02 17:49:37
5007,360,1,15268,3.99,2005-07-13 03:43:37
5008,56,2,12762,1.99,2005-09-12 05:54:37
5009,530,1,12644,6.99,2005-08-04 00:47:37
5010,251,1,5450,5.99,2005-07-23 10:46:37
5011,133,1,1276,1.99,2005-07-06 16:26:37
5012,393,2,15384,6.99,2005-06-05 23:30:37
5013,3,2,3406,2.99,2005-09-05 00:04:37
5014,270,2,11313,2.99,2005-08-19 11:40:37
5015,528,2,11609,9.99,2005-08-20 11:22:37
5016,428,2,129,5.99,2005-08-03 22:43:37
5017,399,2,374,4.99,2005-05-31 17:54:37
5018,503,1,5173,6.99,2005-07-19 04:16:37
5019,379,1,15082,6.99,2005-06-15 06:16:37
5020,93,1,11870,3.99,2005-07-30 14:47:37
5021,523,1,11556,2.99,2005-06-01 20:17:37
5022,409,2,12145,6.99,2005-08-23 05:32:37
5023,291,1,4459,2.99,2005-06-26 13:34:37
5024,205,1,14614,4.99,2005-08-18 22:00:37
5025,356,1,1701,5.99,2005-06-12 14:27:37
5026,553,2,6079,3.99,2005-07-07 11:27:37
5027,415,1,15692,4.99,2005-09-22 05:10:37
5028,500,1,1992,2.99,2005-05-29 17:01:37
5029,82,2,13624,3.99,2005-09-10 17:35:37
5030,239,2,2567,5.99,2005-08-10 13:03:37
5031,479,2,13994,9.99,2005-06-08 15:08:37
5032,531,2,15680,7.99,2005-08-21 08:15:37
5033,493,2,3598,1.99,2005-09-12 22:17:37
5034,475,2,526,4.99,2005-08-20 07:47:37
5035,319,2,13610,3.99,2005-08-12 13:32:37
5036,338,1,5702,9.99,2005-06-04 08:45:37
5037,526,2,10163,1.99,2005-07-16 19:04:37
5038,401,2,7577,7.99,2005-08-11 05:30:37
5039,222,2,7493,4.99,2005-06-26 19:51:37
5040,69,1,6071,0.99,2005-08-22 04:45:37
5041,438,2,3117,8.99,2005-07-31 00:24:37
5042,395,1,4532,2.99,2005-07-29 05:21:37
5043,529,1,9848,0.99,2005-07-04 11:41:37
5044,248,2,8243,8.99,2005-07-28 09:15:37
5045,445,1,1766,6.99,2005-08-05 19:26:37
5046,41,1,14312,0.99,2005-06-22 14:12:37
5047,264,1,2020,7.99,2005-08-10 22:43:37
5048,452,2,778,4.99,2005-08-17 12:49:37
5049,588,2,450,0.99,2005-08-10 15:24:37
5050,87,1,9361,9.99,2005-07-13 10:18:37
5051,59,2,14825,0.99,2005-09-15 23:28:37
5052,422,1,1235,8.99,2005-07-14 00:29:37
5053,294,1,4742,9.99,2005-06-25 01:35:37
5054,358,2,1067,6.99,2005-09-16 06:47:37
5055,8,2,12840,2.99,2005-08-01 22:09:37
5056,26,1,4917,7.99,2005-08-03 19:46:37
5057,176,2,2137,2.99,2005-08-09 10:09:37
5058,67,1,407,1.99,2005-07-01 05:00:37
5059,514,2,7908,0.99,2005-08-17 04:11:37
5060,507,1,10480,8.99,2005-06-07 19:56:37
5061,562,2,2391,6.99,2005-06-28 06:48:37
5062,547,2,5989,3.99,2005-09-08 03:24:37
5063,153,2,1469,2.99,2005-08-16 14:41:37
5064,160,2,12130,8.99,2005-08-14 01:56:37
5065,404,1,6197,5.99,2005-08-04 15:40:37
5066,180,2,7628,0.99,2005-09-13 16:26:37
5067,554,1,11075,8.99,2005-05-30 06:05:37
5068,301,2,9270,4.99,2005-06-15 18:10:37
5069,106,1,12424,6.99,2005-06-22 07:44:37
5070,272,2,12831,2.99,2005-07-17 05:27:37
5071,539,2,3848,7.99,2005-09-17 16:50:37
5072,416,1,1306,6.99,2005-08-30 07:40:37
5073,551,2,1402,4.99,2005-09-16 23:37:37
5074,290,2,6675,6.99,2005-07-05 03:58:37
5075,80,2,8569,5.99,2005-06-02 03:06:37
5076,567,1,10524,2.99,2005-05-27 18:58:37
5077,197,2,15642,4.99,2005-05-25 13:02:37
5078,107,2,13986,4.99,2005-06-22 06:54:37
5079,549,2,1194,6.99,2005-07-29 08:03:37
5080,105,2,560,7.99,2005-06-21 01:28:37
5081,282,1,2995,9.99,2005-06-16 02:39:37
5082,5,1,4234,3.99,2005-08-11 10:27:37
5083,107,2,1711,8.99,2005-08-30 15:31:37
5084,308,2,9675,4.99,2005-07-20 09:39:37
5085,88,2,11220,7.99,2005-07-25 01:12:37
5086,169,2,9166,0.99,2005-06-17 18:24:37
5087,230,2,4527,8.99,2005-09-16 02:29:37
5088,531,2,14308,4.99,2005-07-11 10:27:37
5089,510,2,6932,7.99,2005-08-20 12:21:37
5090,301,2,8945,1.99,2005-07-09 17:23:37
5091,586,2,12705,6.99,2005-09-14 13:37:37
5092,462,1,9559,5.99,2005-07-01 14:45:37
5093,8,2,5807,1.99,2005-08-09 05:55:37
5094,61,1,5251,4.99,2005-06-24 13:22:37
5095,148,2,12015,5.99,2005-07-07 14:24:37
5096,236,1,12923,4.99,2005-09-02 06:34:37
5097,158,2,3211,4.99,2005-09-05 01:59:37
5098,454,1,482,7.99,2005-07-23 23:22:37
5099,238,1,2309,6.99,2005-06-03 17:01:37
5100,358,2,15376,9.99,2005-05-31 20:07:37
5101,424,2,10602,8.99,2005-09-14 20:20:37
5102,182,1,962,4.99,2005-07-17 20:59:37
5103,317,2,12968,8.99,2005-08-09 12:29:37
5104,381,2,12520,7.99,2005-08-03 01:09:37
5105,593,1,7335,7.99,2005-06-25 07:32:37
5106,383,1,15276,5.99,2005-06-07 11:35:37
5107,203,1,4287,6.99,2005-09-05 11:34:37
5108,77,1,1361,4.99,2005-07-03 01:34:37
5109,537,2,992,3.99,2005-08-29 15:48:37
5110,531,2,9815,1.99,2005-07-27 22:23:37
5111,210,2,4803,5.99,2005-09-23 08:47:37
5112,346,2,1665,7.99,2005-07-27 02:21:37
5113,55,1,5990,9.99,2005-06-25 11:14:37
5114,293,2,3463,3.99,2005-09-07 05:57:37
5115,289,2,7087,3.99,2005-08-05 16:16:37
5116,177,2,14456,3.99,2005-08-20 05:49:37
5117,221,2,10174,2.99,2005-08-02 22:17:37
5118,139,1,4276,2.99,2005-07-19 15:21:37
5119,579,1,3287,1.99,2005-06-10 07:35:37
5120,514,2,6131,9.99,2005-07-15 13:17:37
5121,352,1,9650,5.99,2005-06-18 21:37:37
5122,559,2,542,2.99,2005-07-04 02:45:37
5123,250,1,994,1.99,2005-05-29 09:49:37
5124,421,2,3159,5.99,2005-09-14 17:00:37
5125,178,1,5799,1.99,2005-07-09 11:08:37
5126,459,2,11931,2.99,2005-08-21 04:32:37
5127,301,1,13422,7.99,2005-06-17 07:56:37
5128,292,1,12592,3.99,2005-06-13 23:23:37
5129,465,1,15017,2.99,2005-06-19 02:08:37
5130,198,2,2290,9.99,2005-08-14 02:09:37
5131,306,1,14056,3.99,2005-06-15 18:42:37
5132,315,1,12780,7.99,2005-07-09 13:18:37
5133,559,2,12179,2.99,2005-07-28 06:29:37
5134,157,2,15802,5.99,2005-06-09 20:40:37
5135,299,2,13485,5.99,2005-06-23 06:28:37
5136,2,2,1267,9.99,2005-06-16 03:45:37
5137,27,1,8556,8.99,2005-07-30 06:53:37
5138,58,1,12072,1.99,2005-09-05 02:44:37
5139,306,2,12817,0.99,2005-09-10 11:31:37
5140,400,2,3465,1.99,2005-06-28 07:25:37
5141,401,2,3491,3.99,2005-06-03 04:42:37
5142,401,1,10948,5.99,2005-08-03 05:54:37
5143,186,1,6233,3.99,2005-06-10 04:59:37
5144,11,1,15028,2.99,2005-08-12 16:52:37
5145,110,1,11147,2.99,2005-09-22 22:55:37
5146,422,2,12613,7.99,2005-09-13 12:20:37
5147,264,1,7470,3.99,2005-06-25 01:51:37
5148,520,2,11962,1.99,2005-06-06 22:09:37
5149,240,1,1152,4.99,2005-07-27 07:59:37
5150,81,2,5156,5.99,2005-07-02 11:06:37
5151,332,2,9886,2.99,2005-08-17 03:04:37
5152,99,1,15281,4.99,2005-08-05 11:48:37
5153,294,2,1812,8.99,2005-05-29 05:48:37
5154,153,2,5733,4.99,2005-06-17 19:48:37
5155,78,1,12034,9.99,2005-08-12 04:48:37
5156,135,1,15148,4.99,2005-08-28 12:44:37
5157,486,1,220,9.99,2005-08-31 16:08:37
5158,23,1,11033,2.99,2005-06-17 18:47:37
5159,532,1,12811,4.99,2005-06-29 17:32:37
5160,196,1,7328,9.99,2005-06-26 11:45:37
5161,492,1,7642,2.99,2005-08-18 12:56:37
5162,357,1,7950,3.99,2005-06-17 02:35:37
5163,561,1,10728,4.99,2005-07-18 11:50:37
5164,522,1,14667,4.99,2005-08-29 15:58:37
5165,550,2,15388,5.99,2005-06-14 20:43:37
5166,24,1,632,4.99,2005-06-23 07:47:37
5167,549,1,1923,1.99,2005-08-08 09:53:37
5168,84,2,8074,8.99,2005-09-22 10:26:37
5169,14,2,11873,9.99,2005-09-07 11:10:37
5170,472,2,13375,0.99,2005-06-29 08:23:37
5171,510,2,15368,2.99,2005-06-13 13:27:37
5172,505,2,6343,1.99,2005-06-25 14:16:37
5173,461,1,11536,1.99,2005-07-18 17:30:37
5174,389,1,9411,3.99,2005-09-11 01:37:37
5175,460,1,1347,3.99,2005-06-02 22:47:37
5176,96,2,9874,8.99,2005-09-09 10:40:37
5177,460,1,11530,6.99,2005-09-08 08:31:37
5178,49,1,13424,8.99,2005-08-06 08:42:37
5179,198,1,13478,2.99,2005-07-16 06:34:37
5180,305,1,13740,1.99,2005-08-05 23:06:37
5181,546,1,5721,5.99,2005-06-28 08:22:37
5182,572,2,12223,0.99,2005-08-19 14:11:37
5183,103,1,8054,4.99,2005-08-07 14:19:37
5184,105,2,9001,4.99,2005-06-14 13:45:37
5185,20,2,6799,2.99,2005-07-13 20:40:37
5186,7,1,4180,3.99,2005-05-30 18:52:37
5187,302,1,3853,7.99,2005-08-19 20:50:37
5188,39,1,11467,9.99,2005-07-13 06:14:37
5189,197,2,1830,1.99,2005-08-22 02:25:37
5190,4,1,12071,3.99,2005-08-18 23:39:37
5191,460,1,2296,5.99,2005-08-25 22:10:37
5192,418,1,11865,4.99,2005-08-20 10:28:37
5193,305,2,4683,0.99,2005-08-08 22:10:37
5194,411,1,3504,3.99,2005-08-17 21:59:37
5195,444,1,6641,0.99,2005-09-07 15:47:37
5196,68,2,6557,6.99,2005-07-03 13:07:37
5197,285,1,10551,0.99,2005-08-18 09:59:37
5198,377,1,4643,0.99,2005-06-03 22:34:37
5199,57,2,4178,0.99,2005-09-22 16:27:37
5200,499,1,7028,8.99,2005-08-24 03:53:37
5201,83,2,6052,2.99,2005-07-08 12:42:37
5202,463,2,4730,0.99,2005-07-24 11:36:37
5203,17,1,15016,7.99,2005-08-17 16:31:37
5204,388,1,9096,3.99,2005-09-11 04:08:37
5205,30,1,2828,9.99,2005-06-27 13:59:37
5206,346,2,12493,7.99,2005-07-16 07:49:37
5207,218,2,1079,4.99,2005-06-15 08:18:37
5208,121,2,796,0.99,2005-07-19 20:59:37
5209,441,2,15565,4.99,2005-07-10 01:13:37
5210,205,1,797,2.99,2005-09-11 01:57:37
5211,128,1,1229,2.99,2005-07-06 03:46:37
5212,110,1,13319,7.99,2005-09-03 08:20:37
5213,430,1,14454,8.99,2005-08-20 12:20:37
5214,62,2,3843,0.99,2005-07-01 01:31:37
5215,508,1,4442,2.99,2005-06-21 20:29:37
5216,207,2,12498,1.99,2005-08-15 16:03:37
5217,187,1,12119,5.99,2005-08-22 09:07:37
5218,595,1,6397,1.99,2005-08-08 01:36:37
5219,209,2,3555,0.99,2005-06-05 17:50:37
5220,289,2,7126,6.99,2005-07-23 07:52:37
5221,93,1,11337,0.99,2005-08-29 18:17:37
5222,401,1,8033,5.99,2005-08-20 21:21:37
5223,521,2,1676,6.99,2005-08-24 09:29:37
5224,82,2,1268,5.99,2005-09-16 17:19:37
5225,352,1,15186,2.99,2005-05-26 18:20:37
5226,17,2,2040,8.99,2005-07-02 19:10:37
5227,212,2,7451,3.99,2005-09-06 23:06:37
5228,405,1,15957,7.99,2005-09-20 20:31:37
5229,339,2,7342,8.99,2005-06-03 10:34:37
5230,104,2,5150,7.99,2005-06-11 12:20:37
5231,112,2,12561,4.99,2005-07-31 19:16:37
5232,502,2,3470,0.99,2005-08-22 17:24:37
5233,582,2,8329,0.99,2005-09-08 06:57:37
5234,39,2,15697,2.99,2005-07-08 01:40:37
5235,100,1,10611,7.99,2005-07-21 05:59:37
5236,218,1,4850,4.99,2005-06-01 17:13:37
5237,8,1,12203,3.99,2005-08-23 15:42:37
5238,361,2,10817,2.99,2005-06-17 20:37:37
5239,185,2,2989,2.99,2005-08-20 02:10:37
5240,283,2,5979,2.99,2005-07-17 22:06:37
5241,444,1,9838,8.99,2005-08-04 04:33:37
5242,257,1,14546,6.99,2005-07-16 11:03:37
5243,205,2,7055,2.99,2005-07-11 19:33:37
5244,244,1,3506,3.99,2005-08-09 13:02:37
5245,412,1,1043,3.99,2005-08-24 02:21:37
5246,351,1,7382,6.99,2005-08-11 13:22:37
5247,352,1,9545,2.99,2005-08-08 13:37:37
5248,341,2,86,0.99,2005-06-01 00:49:37
5249,61,1,7537,9.99,2005-08-15 00:14:37
5250,498,2,4892,6.99,2005-07-11 04:15:37
5251,555,2,10530,7.99,2005-06-29 16:19:37
5252,501,2,883,0.99,2005-09-17 20:37:37
5253,273,1,4017,6.99,2005-05-29 23:59:37
5254,400,2,10542,9.99,2005-07-31 15:15:37
5255,263,1,9754,2.99,2005-07-12 20:08:37
5256,572,1,4939,7.99,2005-07-09 23:45:37
5257,462,1,15188,7.99,2005-06-06 01:52:37
5258,469,1,15858,3.99,2005-06-14 17:45:37
5259,593,2,12439,7.99,2005-05-29 12:53:37
5260,200,1,12332,5.99,2005-05-29 23:00:37
5261,426,2,14997,6.99,2005-05-26 17:23:37
5262,345,2,3966,4.99,2005-07-26 21:09:37
5263,142,2,14286,2.99,2005-06-06 21:27:37
5264,210,2,331,3.99,2005-07-19 07:56:37
5265,580,1,2775,0.99,2005-06-12 07:34:37
5266,68,1,11070,1.99,2005-05-31 19:54:37
5267,174,2,4405,5.99,2005-08-16 04:35:37
5268,496,2,5141,9.99,2005-06-05 23:51:37
5269,246,2,5065,5.99,2005-07-06 22:06:37
5270,319,1,6481,3.99,2005-07-26 01:37:37
5271,339,1,1164,0.99,2005-05-28 00:33:37
5272,3,2,13162,7.99,2005-06-09 19:38:37
5273,180,2,1933,0.99,2005-07-05 05:12:37
5274,84,1,9458,6.99,2005-09-12 07:15:37
5275,272,2,2458,1.99,2005-06-13 10:45:37
5276,406,1,14283,0.99,2005-09-21 18:54:37
5277,101,1,12845,2.99,2005-06-08 22:43:37
5278,133,1,5115,1.99,2005-09-07 21:55:37
5279,495,1,5592,1.99,2005-08-23 19:03:37
5280,525,2,9525,9.99,2005-07-09 09:07:37
5281,363,1,15593,3.99,2005-07-13 19:28:37
5282,527,2,7554,7.99,2005-07-04 23:43:37
5283,352,2,12,2.99,2005-07-31 08:21:37
5284,459,2,15534,2.99,2005-09-23 07:47:37
5285,497,1,4191,7.99,2005-08-05 02:07:37
5286,32,1,13217,4.99,2005-06-09 22:26:37
5287,416,2,5155,4.99,2005-08-27 18:47:37
5288,499,2,10998,8.99,2005-05-31 06:20:37
5289,413,1,1714,4.99,2005-07-18 03:33:37
5290,349,1,581,7.99,2005-09-13 02:02:37
5291,293,1,13119,4.99,2005-07-11 08:34:37
5292,398,2,13400,2.99,2005-07-28 12:29:37
5293,368,2,15084,5.99,2005-09-04 05:51:37
5294,206,2,796,6.99,2005-08-27 08:36:37
5295,401,1,10559,8.99,2005-08-19 05:50:37
5296,250,2,6180,6.99,2005-09-07 05:31:37
5297,214,1,3212,9.99,2005-08-14 13:28:37
5298,380,1,3257,0.99,2005-09-03 15:38:37
5299,276,2,11931,6.99,2005-05-26 11:29:37
5300,217,1,5574,8.99,2005-06-25 02:41:37
5301,425,2,14175,9.99,2005-05-26 20:29:37
5302,267,2,12491,1.99,2005-09-03 14:32:37
5303,114,1,12738,8.99,2005-08-03 16:27:37
5304,60,2,915,8.99,2005-08-31 12:29:37
5305,57,2,1171,4.99,2005-07-14 06:25:37
5306,325,1,1598,8.99,2005-09-02 14:30:37
5307,551,2,8108,1.99,2005-09-01 10:40:37
5308,433,2,15495,6.99,2005-07-18 17:06:37
5309,548,2,1861,1.99,2005-07-02 10:51:37
5310,598,2,10814,4.99,2005-07-09 14:08:37
5311,82,2,607,7.99,2005-05-31 09:40:37
5312,406,2,11076,9.99,2005-06-03 06:52:37
5313,180,1,12236,9.99,2005-07-27 19:07:37
5314,296,2,10123,5.99,2005-06-15 03:25:37
5315,156,2,11753,4.99,2005-09-06 00:05:37
5316,515,2,14546,4.99,2005-06-30 21:44:37
5317,165,1,3231,2.99,2005-06-15 11:11:37
5318,359,2,7678,8.99,2005-08-28 12:08:37
5319,426,1,3841,8.99,2005-06-27 17:55:37
5320,432,2,8934,2.99,2005-06-30 05:56:37
5321,108,2,8838,2.99,2005-09-09 20:43:37
5322,335,1,4388,9.99,2005-08-16 17:09:37
5323,552,1,9516,0.99,2005-07-26 09:38:37
5324,313,2,8481,0.99,2005-06-15 07:03:37
5325,281,2,483,8.99,2005-06-17 17:55:37
5326,34,2,9943,8.99,2005-08-09 21:39:37
5327,586,2,14131,5.99,2005-05-30 06:18:37
5328,422,2,2430,7.99,2005-09-03 18:09:37
5329,114,1,3255,7.99,2005-08-03 02:35:37
5330,471,1,1984,4.99,2005-09-19 17:21:37
5331,196,2,2610,8.99,2005-07-27 11:02:37
5332,421,2,6955,1.99,2005-06-02 06:15:37
5333,408,2,1294,3.99,2005-09-19 06:21:37
5334,543,1,2844,0.99,2005-08-25 12:41:37
5335,433,2,1533,0.99,2005-07-27 09:52:37
5336,594,2,14708,3.99,2005-06-29 13:59:37
5337,225,2,9457,5.99,2005-09-12 18:36:37
5338,219,1,2350,0.99,2005-07-23 10:55:37
5339,334,2,13109,7.99,2005-09-14 20:28:37
5340,534,1,1057,5.99,2005-09-01 21:11:37
5341,534,1,403,6.99,2005-08-11 21:01:37
5342,388,2,8848,8.99,2005-08-22 13:51:37
5343,428,2,1061,0.99,2005-09-16 09:56:37
5344,3,1,9061,3.99,2005-08-25 23:59:37
5345,259,2,15352,0.99,2005-09-15 20:58:37
5346,527,1,5314,8.99,2005-08-08 09:24:37
5347,239,1,14563,1.99,2005-06-26 01:40:37
5348,233,2,8304,8.99,2005-07-16 18:23:37
5349,39,1,4936,8.99,2005-09-07 12:42:37
5350,39,2,12191,7.99,2005-08-15 09:20:37
5351,496,2,3168,3.99,2005-06-03 00:06:37
5352,500,2,2660,5.99,2005-09-09 18:32:37
5353,314,1,3382,5.99,2005-06-13 02:18:37
5354,396,1,15283,7.99,2005-09-04 03:49:37
5355,402,1,6416,5.99,2005-08-22 20:03:37
5356,159,1,9008,3.99,2005-08-21 17:43:37
5357,482,1,6130,9.99,2005-08-22 16:02:37
5358,93,2,4609,5.99,2005-06-29 11:40:37
5359,427,1,9159,2.99,2005-09-02 17:39:37
5360,305,2,14640,1.99,2005-09-18 22:45:37
5361,72,2,2347,4.99,2005-07-02 02:21:37
5362,529,2,12277,1.99,2005-07-27 07:00:37
5363,359,1,1127,4.99,2005-07-02 21:03:37
5364,46,2,2240,9.99,2005-05-25 12:47:37
5365,226,1,13377,7.99,2005-08-16 17:32:37
5366,539,1,1494,9.99,2005-07-16 19:19:37
5367,404,2,1948,3.99,2005-07-23 03:24:37
5368,392,2,11320,6.99,2005-06-05 03:32:37
5369,395,1,8419,2.99,2005-07-27 01:00:37
5370,61,2,5255,8.99,2005-07-25 23:11:37
5371,583,2,7331,8.99,2005-06-05 04:54:37
5372,111,1,9433,5.99,2005-07-14 21:13:37
5373,376,1,2110,6.99,2005-08-03 10:44:37
5374,81,2,11029,9.99,2005-08-23 19:04:37
5375,524,2,7781,9.99,2005-06-14 17:10:37
5376,519,1,12142,0.99,2005-09-21 02:58:37
5377,593,2,12372,0.99,2005-06-16 05:58:37
5378,482,1,3564,9.99,2005-07-23 22:20:37
5379,245,2,15557,3.99,2005-07-13 06:48:37
5380,135,1,8977,2.99,2005-06-14 12:15:37
5381,527,1,9688,5.99,2005-07-07 05:38:37
5382,379,2,13136,5.99,2005-07-29 13:34:37
5383,359,1,545,6.99,2005-08-25 07:57:37
5384,287,2,10614,5.99,2005-08-31 15:15:37
5385,500,1,13577,0.99,2005-08-23 05:25:37
5386,492,2,5462,1.99,2005-08-17 04:16:37
5387,512,1,12422,8.99,2005-08-21 17:07:37
5388,504,2,9187,4.99,2005-06-17 18:54:37
5389,352,2,205,5.99,2005-08-06 21:17:37
5390,423,2,8962,7.99,2005-07-11 15:16:37
5391,387,2,8670,0.99,2005-06-13 04:07:37
5392,382,2,11596,0.99,2005-09-13 15:29:37
5393,411,1,9428,5.99,2005-07-13 23:44:37
5394,405,1,9726,0.99,2005-07-02 10:38:37
5395,107,1,961,3.99,2005-06-06 07:41:37
5396,499,1,5739,0.99,2005-08-09 06:27:37
5397,33,1,7136,6.99,2005-06-24 06:31:37
5398,419,2,4081,9.99,2005-08-09 01:28:37
5399,220,2,15640,8.99,2005-08-17 22:57:37
5400,403,2,12026,8.99,2005-06-29 07:21:37
5401,145,1,8034,7.99,2005-08-23 18:07:37
5402,23,1,6519,0.99,2005-06-15 14:58:37
5403,147,2,5699,4.99,2005-07-01 16:57:37
5404,59,1,3224,9.99,2005-06-29 22:53:37
5405,376,2,13640,9.99,2005-05-25 14:57:37
5406,444,2,3293,8.99,2005-06-25 19:49:37
5407,463,2,12479,5.99,2005-07-07 10:55:37
5408,514,1,5814,9.99,2005-08-02 20:38:37
5409,508,1,13656,4.99,2005-08-28 16:54:37
5410,280,2,1745,1.99,2005-09-18 12:00:37
5411,32,1,9511,0.99,2005-09-08 14:49:37
5412,488,1,6467,9.99,2005-07-27 10:16:37
5413,181,1,15667,4.99,2005-08-27 19:23:37
5414,272,1,6807,4.99,2005-06-08 09:48:37
5415,8,2,5684,3.99,2005-09-18 10:18:37
5416,147,2,14972,6.99,2005-06-25 06:31:37
5417,526,1,8046,2.99,2005-06-29 02:39:37
5418,41,1,11801,1.99,2005-08-19 02:05:37
5419,477,1,9237,7.99,2005-06-20 12:18:37
5420,452,1,9111,5.99,2005-05-29 10:33:37
5421,431,1,11913,5.99,2005-07-24 08:04:37
5422,543,2,3170,8.99,2005-06-27 15:26:37
5423,322,2,3109,2.99,2005-07-02 15:56:37
5424,361,1,14799,0.99,2005-08-29 16:37:37
5425,240,2,11472,2.99,2005-08-14 13:51:37
5426,54,2,10600,2.99,2005-08-23 12:23:37
5427,148,1,15098,9.99,2005-09-09 07:43:37
5428,258,1,4982,7.99,2005-08-25 01:37:37
5429,411,2,8009,6.99,2005-08-09 22:00:37
5430,593,1,9305,5.99,2005-05-29 01:56:37
5431,375,2,581,5.99,2005-06-17 00:51:37
5432,587,2,1349,9.99,2005-07-10 09:28:37
5433,336,1,8501,9.99,2005-07-24 16:54:37
5434,104,1,8275,1.99,2005-08-01 20:45:37
5435,537,1,5531,8.99,2005-06-27 06:18:37
5436,504,1,2448,5.99,2005-06-01 06:12:37
5437,503,1,12430,2.99,2005-07-30 23:55:37
5438,47,1,10908,5.99,2005-07-07 12:57:37
5439,223,2,7210,6.99,2005-06-15 13:35:37
5440,372,2,1220,1.99,2005-06-10 15:13:37
5441,78,1,5606,4.99,2005-07-22 03:50:37
5442,448,2,13767,0.99,2005-09-05 07:19:37
5443,187,2,5049,9.99,2005-08-20 19:58:37
5444,452,2,15249,8.99,2005-08-14 01:43:37
5445,405,2,2423,4.99,2005-07-10 05:26:37
5446,404,1,1281,8.99,2005-07-06 14:07:37
5447,467,2,9675,3.99,2005-06-26 17:48:37
5448,45,2,3268,4.99,2005-08-31 16:52:37
5449,404,1,9250,8.99,2005-06-02 13:34:37
5450,26,2,9690,4.99,2005-06-08 08:08:37
5451,201,1,242,3.99,2005-06-23 08:28:37
5452,68,1,8757,3.99,2005-07-08 09:06:37
5453,562,2,20,5.99,2005-07-20 01:29:37
5454,559,2,1291,2.99,2005-05-26 01:14:37
5455,530,2,13722,1.99,2005-07-12 04:14:37
5456,316,1,586,5.99,2005-07-12 21:03:37
5457,31,1,6704,7.99,2005-06-19 22:36:37
5458,456,2,14680,6.99,2005-07-01 02:54:37
5459,439,2,1603,2.99,2005-06-29 16:43:37
5460,209,2,3757,9.99,2005-06-23 07:54:37
5461,455,2,15695,0.99,2005-06-14 22:22:37
5462,284,2,8973,7.99,2005-06-05 02:37:37
5463,238,2,8080,0.99,2005-05-28 20:17:37
5464,153,2,5617,1.99,2005-06-13 20:12:37
5465,204,1,12125,9.99,2005-08-07 03:30:37
5466,383,2,9551,1.99,2005-06-18 23:45:37
5467,163,2,6981,2.99,2005-08-06 14:27:37
5468,450,2,13831,2.99,2005-07-28 02:00:37
5469,17,2,15130,0.99,2005-06-06 15:37:37
5470,287,2,13251,4.99,2005-09-15 14:15:37
5471,3,2,15573,8.99,2005-09-01 00:28:37
5472,238,2,14603,5.99,2005-06-22 06:05:37
5473,272,2,12256,0.99,2005-06-03 23:06:37
5474,185,2,1958,1.99,2005-07-05 15:17:37
5475,442,2,11675,6.99,2005-09-20 16:14:37
5476,493,2,6046,7.99,2005-06-04 00:07:37
5477,428,1,7177,8.99,2005-07-16 00:31:37
5478,546,1,6302,8.99,2005-08-08 15:11:37
5479,154,2,11676,4.99,2005-07-13 16:09:37
5480,184,1,14299,2.99,2005-08-01 08:07:37
5481,2,1,6015,9.99,2005-09-20 11:05:37
5482,372,2,3702,9.99,2005-08-04 06:19:37
5483,328,1,12947,3.99,2005-05-30 13:03:37
5484,26,2,3863,6.99,2005-07-05 10:54:37
5485,510,2,9927,8.99,2005-08-17 21:24:37
5486,405,1,13856,6.99,2005-06-14 14:08:37
5487,105,1,8798,8.99,2005-07-16 07:15:37
5488,508,1,14430,5.99,2005-08-28 13:27:37
5489,443,1,5211,6.99,2005-05-25 16:16:37
5490,72,2,838,8.99,2005-07-10 10:22:37
5491,190,2,11209,8.99,2005-09-18 10:22:37
5492,92,2,13611,9.99,2005-06-12 02:30:37
5493,283,2,5703,9.99,2005-07-04 10:26:37
5494,530,2,227,1.99,2005-09-13 07:33:37
5495,531,1,15047,0.99,2005-09-13 09:01:37
5496,85,1,10244,8.99,2005-06-10 14:05:37
5497,265,1,11675,8.99,2005-07-30 06:08:37
5498,535,2,15708,0.99,2005-09-20 09:55:37
5499,243,2,11349,0.99,2005-06-02 06:46:37
5500,118,2,13837,2.99,2005-08-25 22:49:37
5501,311,2,1072,1.99,2005-09-05 19:56:37
5502,38,1,4884,3.99,2005-06-06 21:29:37
5503,479,2,119,9.99,2005-09-17 14:14:37
5504,310,2,12843,0.99,2005-06-27 18:44:37
5505,339,2,10151,7.99,2005-06-29 18:52:37
5506,587,2,13599,1.99,2005-08-04 10:50:37
5507,239,1,10696,9.99,2005-07-13 17:53:37
5508,571,2,4631,8.99,2005-07-10 01:30:37
5509,471,1,1941,5.99,2005-05-28 15:59:37
5510,253,2,9571,8.99,2005-06-06 02:19:37
5511,28,1,13290,3.99,2005-06-06 20:37:37
5512,317,1,1816,8.99,2005-05-31 08:06:37
5513,7,1,15493,9.99,2005-08-20 19:41:37
5514,387,2,8521,5.99,2005-08-30 08:28:37
5515,439,1,2464,3.99,2005-08-13 01:24:37
5516,417,1,7111,2.99,2005-06-19 08:45:37
5517,80,1,11398,9.99,2005-07-07 08:54:37
5518,197,2,14237,3.99,2005-06-24 02:54:37
5519,260,1,13103,3.99,2005-07-30 15:17:37
5520,39,2,8961,3.99,2005-06-27 04:48:37
5521,530,2,10451,5.99,2005-07-23 10:00:37
5522,431,2,9028,4.99,2005-09-19 00:54:37
5523,264,1,15114,4.99,2005-09-17 23:45:37
5524,98,2,15346,6.99,2005-08-22 22:34:37
5525,29,1,9636,0.99,2005-06-14 13:56:37
5526,65,1,13620,7.99,2005-08-17 09:12:37
5527,286,1,13885,5.99,2005-08-02 21:07:37
5528,416,2,15700,3.99,2005-06-18 13:13:37
5529,537,2,13974,7.99,2005-07-21 22:10:37
5530,401,2,5930,7.99,2005-07-21 10:49:37
5531,19,1,10431,2.99,2005-08-08 01:11:37
5532,224,1,1047,1.99,2005-06-02 21:51:37
5533,321,2,12149,9.99,2005-05-31 04:42:37
5534,325,2,231,2.99,2005-07-17 13:18:37
5535,175,1,12769,1.99,2005-07-16 19:09:37
5536,314,1,924,5.99,2005-07-25 12:01:37
5537,362,2,9269,4.99,2005-09-22 18:38:37
5538,204,2,13173,4.99,2005-06-22 13:59:37
5539,69,2,764,1.99,2005-07-25 08:34:37
5540,357,1,992,6.99,2005-06-13 03:30:37
5541,176,2,6121,5.99,2005-08-17 04:26:37
5542,104,1,12950,4.99,2005-08-22 04:27:37
5543,530,2,10876,1.99,2005-06-15 15:54:37
5544,415,1,6630,0.99,2005-06-12 21:30:37
5545,322,2,12404,8.99,2005-08-08 13:32:37
5546,547,1,14290,5.99,2005-07-16 01:26:37
5547,120,1,11729,7.99,2005-06-18 15:12:37
5548,177,1,7016,9.99,2005-07-27 02:06:37
5549,414,2,8585,5.99,2005-06-24 10:08:37
5550,552,1,9537,1.99,2005-07-31 09:28:37
5551,321,2,10420,7.99,2005-08-08 22:59:37
5552,461,2,3624,9.99,2005-07-01 18:44:37
5553,79,1,14003,1.99,2005-07-26 21:43:37
5554,283,1,231,1.99,2005-08-08 18:46:37
5555,124,1,10791,6.99,2005-06-22 05:15:37
5556,358,2,3700,8.99,2005-06-10 14:25:37
5557,172,1,9335,9.99,2005-08-09 21:17:37
5558,419,2,15997,0.99,2005-07-20 04:33:37
5559,259,2,9020,9.99,2005-06-13 17:03:37
5560,327,2,4819,0.99,2005-07-31 23:02:37
5561,329,2,3378,3.99,2005-07-04 18:41:37
5562,28,1,4028,9.99,2005-09-12 23:00:37
5563,249,2,9878,7.99,2005-09-23 03:39:37
5564,92,2,14405,9.99,2005-09-09 20:14:37
5565,453,1,13506,0.99,2005-09-12 17:39:37
5566,48,2,10531,1.99,2005-07-18 08:53:37
5567,122,1,98,2.99,2005-08-20 12:37:37
5568,526,2,5246,5.99,2005-08-28 19:53:37
5569,584,1,6401,4.99,2005-09-16 21:47:37
5570,91,1,14705,0.99,2005-06-22 19:50:37
5571,533,2,10296,5.99,2005-09-01 06:27:37
5572,214,2,11793,1.99,2005-07-01 02:22:37
5573,358,2,8231,1.99,2005-09-09 05:36:37
5574,284,1,10845,4.99,2005-07-16 13:33:37
5575,541,1,3907,4.99,2005-08-18 07:29:37
5576,435,2,228,9.99,2005-08-04 22:06:37
5577,253,2,4486,6.99,2005-09-02 21:03:37
5578,536,1,14085,3.99,2005-08-05 16:54:37
5579,421,2,787,3.99,2005-08-16 08:57:37
5580,481,1,10847,6.99,2005-09-01 09:22:37
5581,497,1,2446,2.99,2005-07-01 22:33:37
5582,356,1,13739,6.99,2005-08-15 22:30:37
5583,411,1,2223,0.99,2005-08-02 00:31:37
5584,431,2,9466,9.99,2005-07-30 15:07:37
5585,104,2,599,0.99,2005-07-28 03:33:37
5586,542,2,930,2.99,2005-08-22 19:36:37
5587,342,1,12536,0.99,2005-07-12 21:36:37
5588,76,2,8216,2.99,2005-07-03 07:36:37
5589,320,2,6238,7.99,2005-07-03 21:55:37
5590,475,2,9317,1.99,2005-09-01 10:16:37
5591,384,1,12849,8.99,2005-06-20 08:39:37
5592,463,2,14479,1.99,2005-08-19 23:32:37
5593,40,2,12347,2.99,2005-09-03 09:52:37
5594,98,2,8486,4.99,2005-09-15 04:16:37
5595,224,1,13527,5.99,2005-07-25 19:59:37
5596,274,2,6829,1.99,2005-09-15 11:15:37
5597,452,1,9942,6.99,2005-09-14 20:13:37
5598,176,2,15276,9.99,2005-09-21 20:58:37
5599,247,1,6601,2.99,2005-06-21 19:53:37
5600,365,1,8937,2.99,2005-06-15 01:06:37
5601,488,1,1656,9.99,2005-09-23 01:54:37
5602,110,2,12810,9.99,2005-07-01 12:34:37
5603,234,2,9751,5.99,2005-09-13 11:32:37
5604,264,1,13167,7.99,2005-08-03 19:38:37
5605,256,1,6523,7.99,2005-08-31 13:58:37
5606,280,2,1251,9.99,2005-08-29 12:43:37
5607,218,2,4611,9.99,2005-07-03 18:43:37
5608,101,2,11079,2.99,2005-07-31 00:52:37
5609,198,1,3156,4.99,2005-06-23 18:15:37
5610,508,1,3718,4.99,2005-09-15 02:25:37
5611,26,2,8415,1.99,2005-09-16 06:34:37
5612,241,2,12662,2.99,2005-05-31 09:45:37
5613,68,2,8376,2.99,2005-07-31 13:38:37
5614,340,2,9382,5.99,2005-08-30 23:00:37
5615,133,1,6708,3.99,2005-08-19 18:37:37
5616,252,1,1885,6.99,2005-08-23 19:25:37
5617,449,1,2335,2.99,2005-07-04 23:13:37
5618,405,2,3775,3.99,2005-07-24 05:58:37
5619,389,2,9187,1.99,2005-07-06 00:40:37
5620,287,1,13973,3.99,2005-08-09 15:11:37
5621,330,1,10453,8.99,2005-08-30 17:19:37
5622,284,1,5589,4.99,2005-09-20 06:02:37
5623,208,1,232,2.99,2005-07-26 03:16:37
5624,136,2,7617,4.99,2005-08-23 04:46:37
5625,22,1,14102,7.99,2005-07-08 11:37:37
5626,183,2,9136,6.99,2005-08-03 02:40:37
5627,300,1,10716,3.99,2005-08-28 02:37:37
5628,113,2,1633,1.99,2005-07-23 09:49:37
5629,515,1,6518,0.99,2005-07-20 00:56:37
5630,99,1,12254,6.99,2005-08-23 21:32:37
5631,359,1,8581,9.99,2005-09-23 02:13:37
5632,193,2,520,9.99,2005-06-07 15:20:37
5633,251,2,9383,8.99,2005-06-09 06:56:37
5634,244,1,9941,1.99,2005-06-08 04:50:37
5635,453,2,12190,0.99,2005-06-20 14:05:37
5636,247,2,2959,4.99,2005-07-04 02:02:37
5637,222,1,1740,3.99,2005-07-14 02:14:37
5638,415,1,11642,6.99,2005-08-08 01:41:37
5639,169,2,13161,8.99,2005-09-05 21:03:37
5640,541,1,14873,8.99,2005-05-30 17:30:37
5641,126,1,6334,7.99,2005-06-19 08:32:37
5642,473,2,12330,7.99,2005-06-12 01:33:37
5643,435,1,6508,5.99,2005-07-23 20:37:37
5644,391,1,9797,4.99,2005-06-20 10:58:37
5645,61,1,7196,3.99,2005-07-05 04:58:37
5646,467,1,13461,4.99,2005-08-16 14:59:37
5647,243,1,2733,7.99,2005-08-29 23:40:37
5648,143,2,4812,5.99,2005-09-07 09:03:37
5649,22,2,5144,9.99,2005-09-15 01:11:37
5650,198,1,5661,8.99,2005-09-05 01:26:37
5651,422,2,2985,8.99,2005-06-24 02:44:37
5652,188,1,12153,4.99,2005-07-20 18:21:37
5653,396,1,12853,4.99,2005-09-07 10:14:37
5654,328,2,6664,7.99,2005-08-04 06:34:37
5655,439,2,14341,9.99,2005-09-13 17:02:37
5656,572,1,12016,6.99,2005-06-23 19:13:37
5657,206,2,9474,4.99,2005-06-28 07:10:37
5658,103,2,5583,9.99,2005-08-12 15:39:37
5659,29,2,784,6.99,2005-09-02 16:04:37
5660,374,2,7295,5.99,2005-06-01 19:12:37
5661,21,1,13627,6.99,2005-08-07 11:42:37
5662,573,2,4723,3.99,2005-09-20 21:03:37
5663,160,2,15494,2.99,2005-05-28 21:24:37
5664,206,2,15458,4.99,2005-06-10 15:13:37
5665,420,1,14674,2.99,2005-07-25 10:38:37
5666,300,1,5830,0.99,2005-06-17 09:35:37
5667,567,2,5630,8.99,2005-08-26 11:51:37
5668,191,1,4529,0.99,2005-09-17 07:11:37
5669,211,2,3449,4.99,2005-09-07 22:45:37
5670,413,1,1356,4.99,2005-07-17 22:15:37
5671,29,2,3554,8.99,2005-07-16 06:53:37
5672,567,2,8906,3.99,2005-06-08 19:52:37
5673,388,2,3020,5.99,2005-06-14 21:38:37
5674,368,1,9120,3.99,2005-07-22 07:45:37
5675,225,1,5953,3.99,2005-08-06 01:46:37
5676,532,1,3099,5.99,2005-09-21 18:54:37
5677,164,2,1719,7.99,2005-06-09 07:32:37
5678,448,2,14972,2.99,2005-09-21 01:56:37
5679,272,2,8471,9.99,2005-09-20 15:04:37
5680,208,1,642,5.99,2005-08-26 14:15:37
5681,343,2,394,1.99,2005-06-13 04:50:37
5682,293,1,8992,3.99,2005-09-18 17:07:37
5683,222,1,867,6.99,2005-09-20 07:55:37
5684,245,2,9163,0.99,2005-06-13 08:25:37
5685,286,1,3603,3.99,2005-08-25 17:40:37
5686,540,2,1504,8.99,2005-09-08 14:27:37
5687,115,2,9611,0.99,2005-09-15 10:28:37
5688,447,2,14581,8.99,2005-06-27 18:39:37
5689,198,1,2768,9.99,2005-09-11 20:30:37
5690,237,1,150,2.99,2005-09-14 21:58:37
5691,318,2,12683,0.99,2005-08-22 22:42:37
5692,418,2,15958,2.99,2005-09-10 10:13:37
5693,49,1,8722,4.99,2005-09-17 12:04:37
5694,273,2,13327,9.99,2005-08-16 10:17:37
5695,379,2,13051,9.99,2005-07-23 23:43:37
5696,16,1,11336,5.99,2005-09-07 10:07:37
5697,289,1,12335,0.99,2005-07-19 17:48:37
5698,13,1,11435,9.99,2005-07-18 08:34:37
5699,24,2,1970,0.99,2005-07-26 21:33:37
5700,230,1,3771,3.99,2005-07-17 23:33:37
5701,119,2,15290,0.99,2005-06-02 10:28:37
5702,446,1,15362,2.99,2005-08-14 23:06:37
5703,75,1,241,0.99,2005-08-06 15:29:37
5704,95,2,7649,3.99,2005-07-29 00:35:37
5705,598,2,9878,0.99,2005-08-26 18:19:37
5706,377,2,14182,3.99,2005-09-18 13:47:37
5707,538,1,13411,8.99,2005-09-14 21:45:37
5708,49,1,5532,8.99,2005-07-08 12:32:37
5709,152,1,12008,5.99,2005-07-10 08:14:37
5710,317,1,3286,8.99,2005-06-22 05:59:37
5711,205,1,10903,6.99,2005-05-31 03:45:37
5712,251,2,8041,5.99,2005-06-08 08:24:37
5713,188,1,2934,4.99,2005-06-17 05:52:37
5714,170,1,13468,5.99,2005-06-22 00:52:37
5715,494,2,15163,7.99,2005-08-14 06:14:37
5716,54,2,2944,3.99,2005-07-10 06:20:37
5717,501,1,15066,2.99,2005-05-30 06:42:37
5718,43,1,8011,0.99,2005-05-25 13:33:37
5719,597,2,1038,8.99,2005-06-12 09:05:37
5720,6,2,14270,4.99,2005-06-03 15:43:37
5721,363,2,1175,8.99,2005-05-25 23:56:37
5722,533,2,5227,1.99,2005-08-19 15:15:37
5723,365,1,10725,6.99,2005-08-11 03:35:37
5724,495,1,8180,2.99,2005-09-09 17:19:37
5725,415,1,13059,9.99,2005-08-13 10:57:37
5726,14,1,3644,9.99,2005-08-04 01:36:37
5727,563,2,10049,4.99,2005-08-22 07:54:37
5728,67,1,12613,4.99,2005-07-23 15:16:37
5729,528,2,9224,1.99,2005-07-01 01:41:37
5730,510,2,3761,0.99,2005-06-14 18:05:37
5731,12,1,10601,0.99,2005-06-03 11:23:37
5732,228,2,13046,1.99,2005-07-12 22:04:37
5733,497,1,8372,1.99,2005-09-06 03:38:37
5734,517,2,14157,2.99,2005-09-22 08:35:37
5735,137,1,5746,5.99,2005-08-01 06:35:37
5736,467,1,5968,4.99,2005-06-12 09:00:37
5737,408,2,15469,9.99,2005-06-18 01:31:37
5738,290,2,14536,3.99,2005-08-05 21:39:37
5739,473,2,12569,0.99,2005-06-04 06:39:37
5740,295,1,9389,8.99,2005-08-06 22:32:37
5741,541,1,11819,7.99,2005-08-29 02:40:37
5742,534,2,6050,7.99,2005-06-29 13:14:37
5743,407,1,4160,9.99,2005-07-09 10:29:37
5744,208,2,5405,0.99,2005-06-05 19:41:37
5745,184,1,953,5.99,2005-06-10 11:04:37
5746,338,1,9572,8.99,2005-08-31 11:23:37
5747,516,1,4749,7.99,2005-08-21 21:18:37
5748,2,1,14298,2.99,2005-07-31 13:03:37
5749,337,1,10309,6.99,2005-06-30 11:05:37
5750,323,1,3257,1.99,2005-06-05 14:36:37
5751,170,2,2224,5.99,2005-09-18 13:59:37
5752,110,1,4622,3.99,2005-09-15 20:48:37
5753,32,1,5531,5.99,2005-09-12 11:30:37
5754,461,2,1970,5.99,2005-09-20 18:49:37
5755,54,1,9840,6.99,2005-06-25 04:13:37
5756,398,2,10845,5.99,2005-09-19 12:52:37
5757,216,1,5156,3.99,2005-08-07 17:59:37
5758,90,2,9617,1.99,2005-06-10 14:00:37
5759,425,1,900,9.99,2005-08-26 14:35:37
5760,568,2,11770,6.99,2005-08-16 01:53:37
5761,249,2,15583,9.99,2005-09-18 01:54:37
5762,360,2,2478,3.99,2005-05-30 08:26:37
5763,141,1,7315,1.99,2005-08-03 16:27:37
5764,442,2,9923,1.99,2005-09-11 17:54:37
5765,408,2,10674,9.99,2005-08-17 14:14:37
5766,114,2,3733,1.99,2005-07-23 13:36:37
5767,129,2,9915,7.99,2005-07-04 15:12:37
5768,396,1,9268,0.99,2005-07-09 22:10:37
5769,30,1,12136,0.99,2005-07-05 11:25:37
5770,128,1,6784,3.99,2005-08-22 15:32:37
5771,232,1,14993,0.99,2005-06-07 08:01:37
5772,431,1,7217,5.99,2005-06-10 03:31:37
5773,186,1,13468,3.99,2005-08-12 12:38:37
5774,165,1,1977,1.99,2005-06-06 15:30:37
5775,248,1,6432,5.99,2005-09-17 03:46:37
5776,33,2,168,2.99,2005-08-04 14:49:37
5777,211,1,7753,2.99,2005-07-01 09:24:37
5778,241,2,352,0.99,2005-06-13 08:36:37
5779,448,2,14978,0.99,2005-08-12 23:48:37
5780,483,1,15710,1.99,2005-05-29 04:45:37
5781,267,2,713,0.99,2005-09-11 07:25:37
5782,102,2,15221,8.99,2005-06-28 13:30:37
5783,367,1,8263,7.99,2005-08-25 14:48:37
5784,499,1,4384,9.99,2005-08-09 12:02:37
5785,155,2,396,2.99,2005-06-14 03:27:37
5786,452,2,100,2.99,2005-06-05 16:04:37
5787,103,2,3187,3.99,2005-07-15 18:41:37
5788,402,1,6149,2.99,2005-08-04 10:06:37
5789,451,2,2216,2.99,2005-08-27 21:24:37
5790,82,2,8510,1.99,2005-07-18 13:21:37
5791,241,2,8765,6.99,2005-09-21 05:09:37
5792,56,1,9064,2.99,2005-08-21 20:05:37
5793,24,2,75,5.99,2005-08-17 19:30:37
5794,124,2,15866,3.99,2005-09-01 02:32:37
5795,37,2,3814,9.99,2005-06-23 19:46:37
5796,573,2,9597,6.99,2005-06-21 10:09:37
5797,418,2,847,0.99,2005-05-27 18:35:37
5798,170,2,8857,7.99,2005-08-19 07:41:37
5799,384,2,5762,1.99,2005-06-02 02:31:37
5800,244,1,3778,4.99,2005-05-27 18:35:37
5801,482,1,15685,4.99,2005-07-11 20:00:37
5802,177,2,4081,7.99,2005-07-06 10:16:37
5803,86,2,3615,5.99,2005-07-22 12:48:37
5804,168,1,6966,1.99,2005-07-04 02:47:37
5805,148,2,9092,0.99,2005-05-25 11:58:37
5806,72,2,4314,3.99,2005-07-26 03:50:37
5807,373,1,6086,7.99,2005-08-16 17:45:37
5808,385,1,15340,5.99,2005-06-24 06:01:37
5809,101,2,5241,0.99,2005-08-19 16:32:37
5810,72,2,12531,3.99,2005-09-14 18:31:37
5811,67,2,3479,9.99,2005-07-11 11:09:37
5812,81,1,6932,6.99,2005-07-09 12:06:37
5813,484,2,7567,7.99,2005-06-24 10:27:37
5814,19,2,3992,7.99,2005-07-20 19:00:37
5815,250,2,6174,7.99,2005-09-17 17:01:37
5816,33,2,9077,8.99,2005-08-30 07:32:37
5817,293,2,6846,3.99,2005-06-17 21:48:37
5818,47,1,9304,6.99,2005-07-05 12:34:37
5819,9,2,2738,9.99,2005-08-14 15:13:37
5820,274,1,14150,4.99,2005-08-28 13:15:37
5821,522,2,14416,4.99,2005-06-05 10:02:37
5822,29,2,7393,2.99,2005-09-05 15:50:37
5823,174,2,1162,6.99,2005-06-14 21:32:37
5824,462,1,15050,1.99,2005-08-19 18:31:37
5825,508,2,14677,4.99,2005-07-09 00:42:37
5826,242,2,3921,2.99,2005-06-13 00:27:37
5827,88,2,10395,8.99,2005-09-18 20:40:37
5828,146,2,13115,6.99,2005-08-09 04:36:37
5829,306,2,5033,3.99,2005-08-05 23:42:37
5830,167,2,13899,4.99,2005-08-09 15:23:37
5831,74,2,5537,0.99,2005-09-12 13:07:37
5832,411,1,4932,7.99,2005-09-16 08:06:37
5833,441,1,12669,7.99,2005-09-04 14:23:37
5834,432,2,14201,5.99,2005-05-29 06:22:37
5835,99,2,5431,3.99,2005-06-23 17:37:37
5836,588,1,9666,7.99,2005-08-10 23:19:37
5837,402,1,10101,6.99,2005-08-12 02:02:37
5838,269,1,11813,7.99,2005-05-29 10:54:37
5839,538,1,7430,8.99,2005-07-02 06:01:37
5840,305,2,6633,6.99,2005-08-03 23:15:37
5841,375,1,539,2.99,2005-08-09 12:33:37
5842,554,1,14273,3.99,2005-06-14 19:12:37
5843,423,2,8743,2.99,2005-06-30 04:35:37
5844,8,1,13272,3.99,2005-08-19 18:39:37
5845,23,1,15488,0.99,2005-06-08 06:19:37
5846,533,2,9363,3.99,2005-09-13 20:28:37
5847,123,2,8090,1.99,2005-07-17 07:18:37
5848,220,2,7751,2.99,2005-08-27 04:06:37
5849,29,1,13968,9.99,2005-08-26 09:23:37
5850,24,2,5076,0.99,2005-07-30 09:18:37
5851,539,2,13097,3.99,2005-07-08 14:18:37
5852,339,1,3164,2.99,2005-07-24 20:10:37
5853,209,1,12391,3.99,2005-06-08 17:20:37
5854,298,2,7776,1.99,2005-07-20 13:39:37
5855,389,1,1210,8.99,2005-09-13 10:58:37
5856,544,2,14888,4.99,2005-08-01 06:58:37
5857,530,2,10031,2.99,2005-07-28 17:11:37
5858,265,2,11569,4.99,2005-08-16 10:54:37
5859,149,1,3242,9.99,2005-05-29 03:24:37
5860,81,1,6357,5.99,2005-07-08 15:56:37
5861,489,2,14998,5.99,2005-07-13 20:06:37
5862,24,2,14390,9.99,2005-09-07 22:42:37
5863,386,1,7569,2.99,2005-05-26 13:09:37
5864,201,2,8087,5.99,2005-06-14 01:14:37
5865,331,1,10943,1.99,2005-05-26 18:07:37
5866,420,2,13801,2.99,2005-08-08 05:42:37
5867,283,1,15539,1.99,2005-06-15 04:59:37
5868,460,2,5613,3.99,2005-06-11 05:58:37
5869,71,1,421,2.99,2005-08-30 07:59:37
5870,378,1,12393,8.99,2005-06-21 01:26:37
5871,341,2,15377,4.99,2005-06-27 22:21:37
5872,252,2,6070,9.99,2005-09-05 18:17:37
5873,183,1,12906,8.99,2005-07-20 15:04:37
5874,213,2,501,8.99,2005-09-14 05:20:37
5875,55,1,4786,9.99,2005-06-10 00:41:37
5876,188,1,15336,8.99,2005-07-05 02:11:37
5877,537,2,4037,9.99,2005-08-07 03:49:37
5878,529,2,15783,7.99,2005-07-16 19:42:37
5879,466,2,9302,3.99,2005-08-21 11:49:37
5880,204,1,717,7.99,2005-08-19 02:29:37
5881,564,2,123,1.99,2005-07-28 08:57:37
5882,112,2,14162,3.99,2005-05-27 23:42:37
5883,137,1,3130,6.99,2005-06-17 11:02:37
5884,279,1,8301,6.99,2005-08-05 20:03:37
5885,341,1,3361,8.99,2005-06-08 20:26:37
5886,72,2,9870,9.99,2005-07-22 06:05:37
5887,89,2,495,7.99,2005-07-25 13:36:37
5888,459,2,557,5.99,2005-08-05 21:58:37
5889,283,1,8575,9.99,2005-07-27 09:07:37
5890,343,2,6721,8.99,2005-06-15 17:36:37
5891,203,2,12632,7.99,2005-06-23 09:48:37
5892,407,1,14300,0.99,2005-06-23 22:18:37
5893,215,1,5999,5.99,2005-09-08 23:08:37
5894,291,1,15619,9.99,2005-09-05 11:04:37
5895,15,2,13047,3.99,2005-09-05 11:55:37
5896,162,1,13145,3.99,2005-07-25 15:17:37
5897,3,2,13510,2.99,2005-07-20 06:42:37
5898,299,1,6072,3.99,2005-08-29 23:21:37
5899,299,2,11907,3.99,2005-09-20 05:09:37
5900,524,1,12297,3.99,2005-07-17 20:35:37
5901,556,2,2500,3.99,2005-07-01 07:58:37
5902,263,1,11109,3.99,2005-06-13 20:01:37
5903,340,1,337,0.99,2005-07-30 01:16:37
5904,260,1,15698,5.99,2005-07-14 14:37:37
5905,339,1,14155,0.99,2005-07-17 15:04:37
5906,294,1,15038,4.99,2005-08-06 19:33:37
5907,409,1,16011,8.99,2005-07-10 14:48:37
5908,386,2,5348,9.99,2005-08-30 18:59:37
5909,286,1,13222,8.99,2005-08-19 20:22:37
5910,34,2,5930,7.99,2005-06-23 09:34:37
5911,128,1,8974,9.99,2005-06-19 05:15:37
5912,17,2,11702,0.99,2005-05-27 07:25:37
5913,198,2,1900,6.99,2005-08-31 12:30:37
5914,28,1,9787,8.99,2005-05-27 16:07:37
5915,144,2,1514,1.99,2005-06-15 16:55:37
5916,397,2,15510,5.99,2005-08-07 04:56:37
5917,118,1,13618,7.99,2005-07-29 10:13:37
5918,157,1,1288,4.99,2005-09-08 12:40:37
5919,582,2,653,1.99,2005-07-26 14:17:37
5920,211,2,14248,8.99,2005-08-04 23:10:37
5921,465,1,627,2.99,2005-07-05 01:20:37
5922,11,2,2996,4.99,2005-06-23 09:28:37
5923,226,1,11674,2.99,2005-06-14 18:11:37
5924,495,2,6646,0.99,2005-08-08 03:20:37
5925,276,2,13989,9.99,2005-07-19 12:59:37
5926,60,1,3517,5.99,2005-07-24 19:27:37
5927,113,2,11194,2.99,2005-06-22 07:28:37
5928,372,1,8614,4.99,2005-06-22 11:27:37
5929,136,2,1835,7.99,2005-09-11 12:03:37
5930,480,1,8760,7.99,2005-09-04 22:46:37
5931,583,2,12097,6.99,2005-09-17 05:08:37
5932,44,2,12939,3.99,2005-09-06 08:20:37
5933,480,1,8318,2.99,2005-06-04 00:22:37
5934,250,1,13275,5.99,2005-07-02 20:53:37
5935,323,1,8088,3.99,2005-07-03 04:08:37
5936,391,2,12119,2.99,2005-06-22 18:39:37
5937,545,1,5155,0.99,2005-06-11 04:30:37
5938,587,1,8710,7.99,2005-09-17 21:03:37
5939,242,2,1093,6.99,2005-07-05 17:01:37
5940,339,1,234,5.99,2005-06-14 15:38:37
5941,331,2,15328,8.99,2005-06-21 05:00:37
5942,478,2,8827,1.99,2005-08-14 21:03:37
5943,75,2,9896,3.99,2005-06-29 13:44:37
5944,513,2,10392,8.99,2005-06-02 01:50:37
5945,4,1,8259,9.99,2005-07-28 07:55:37
5946,159,2,14782,7.99,2005-08-15 13:06:37
5947,252,2,7248,6.99,2005-09-07 10:56:37
5948,205,1,2758,8.99,2005-06-07 09:11:37
5949,46,1,15227,1.99,2005-06-06 15:17:37
5950,120,1,3490,1.99,2005-07-28 15:21:37
5951,224,2,10105,6.99,2005-05-31 02:56:37
5952,102,1,3559,2.99,2005-08-12 09:09:37
5953,545,1,1361,4.99,2005-09-18 04:41:37
5954,168,2,9207,5.99,2005-09-09 06:43:37
5955,290,1,8430,3.99,2005-09-04 01:28:37
5956,421,2,4288,0.99,2005-06-25 18:24:37
5957,67,2,15348,4.99,2005-06-25 14:47:37
5958,415,1,11505,5.99,2005-07-13 03:35:37
5959,434,1,432,1.99,2005-09-02 17:11:37
5960,577,2,14045,8.99,2005-07-03 03:42:37
5961,480,2,5962,6.99,2005-07-21 17:40:37
5962,147,2,2101,6.99,2005-08-17 10:17:37
5963,61,2,11938,4.99,2005-09-13 08:28:37
5964,292,1,14414,4.99,2005-05-30 16:38:37
5965,19,1,10400,9.99,2005-07-16 14:23:37
5966,189,1,14248,9.99,2005-07-12 09:58:37
5967,263,2,8605,1.99,2005-06-29 09:21:37
5968,532,1,5808,4.99,2005-09-01 16:48:37
5969,346,1,4238,4.99,2005-06-01 11:42:37
5970,322,1,10954,2.99,2005-09-05 09:17:37
5971,278,2,8264,5.99,2005-09-16 23:32:37
5972,207,1,4678,7.99,2005-07-03 17:38:37
5973,570,1,8463,6.99,2005-09-06 01:14:37
5974,523,2,8039,3.99,2005-09-11 18:24:37
5975,248,2,14139,4.99,2005-09-22 12:55:37
5976,165,2,14307,8.99,2005-08-20 17:43:37
5977,67,2,10670,7.99,2005-08-21 13:05:37
5978,118,1,10454,9.99,2005-07-02 13:05:37
5979,140,1,3099,0.99,2005-06-22 15:25:37
5980,305,1,5214,3.99,2005-06-21 05:10:37
5981,264,2,11720,1.99,2005-07-02 00:15:37
5982,391,2,9449,1.99,2005-06-17 18:43:37
5983,419,1,7149,6.99,2005-05-29 07:32:37
5984,499,2,13408,4.99,2005-06-08 19:06:37
5985,337,1,6634,5.99,2005-07-07 09:15:37
5986,312,2,13826,0.99,2005-07-30 07:04:37
5987,107,2,13815,0.99,2005-09-03 05:18:37
5988,109,2,10393,1.99,2005-09-09 03:06:37
5989,562,2,10261,1.99,2005-06-18 14:35:37
5990,298,1,10701,8.99,2005-07-12 22:40:37
5991,185,2,10686,4.99,2005-05-25 23:09:37
5992,57,2,7155,2.99,2005-08-05 06:52:37
5993,276,2,5156,4.99,2005-06-27 15:04:37
5994,16,1,13213,3.99,2005-08-14 23:10:37
5995,257,1,3287,4.99,2005-06-25 03:22:37
5996,178,2,11378,8.99,2005-06-15 10:20:37
5997,552,1,14341,6.99,2005-07-09 03:32:37
5998,246,1,5907,1.99,2005-07-02 01:46:37
5999,217,2,2267,3.99,2005-09-20 11:09:37
6000,468,1,13964,3.99,2005-06-13 23:39:37
6001,470,2,9527,1.99,2005-06-19 04:36:37
6002,18,2,11632,3.99,2005-08-28 02:31:37
6003,509,2,4791,9.99,2005-05-30 02:26:37
6004,84,2,8706,1.99,2005-09-20 15:38:37
6005,571,1,4538,2.99,2005-06-18 08:07:37
6006,440,2,224,1.99,2005-09-05 15:49:37
6007,547,1,472,1.99,2005-07-04 03:25:37
6008,243,2,6194,1.99,2005-09-13 17:08:37
6009,27,1,14646,2.99,2005-08-02 10:34:37
6010,543,1,1618,5.99,2005-08-26 20:36:37
6011,38,1,13447,1.99,2005-07-15 01:43:37
6012,91,2,185,6.99,2005-07-28 16:02:37
6013,271,2,1251,2.99,2005-08-11 11:11:37
6014,434,1,14230,2.99,2005-06-19 17:30:37
6015,584,2,9630,5.99,2005-06-25 06:50:37
6016,172,2,15220,5.99,2005-08-09 22:23:37
6017,323,2,9144,0.99,2005-08-24 23:57:37
6018,327,1,4954,1.99,2005-07-13 21:50:37
6019,110,2,14165,2.99,2005-07-05 16:40:37
6020,351,1,1627,2.99,2005-07-11 15:39:37
6021,209,1,12371,0.99,2005-08-02 06:41:37
6022,120,1,4235,4.99,2005-08-22 00:55:37
6023,543,1,6634,8.99,2005-07-11 11:36:37
6024,358,1,4866,2.99,2005-06-19 05:27:37
6025,294,1,12081,3.99,2005-07-03 17:41:37
6026,536,2,2046,8.99,2005-08-09 15:29:37
6027,380,2,12068,6.99,2005-08-14 05:10:37
6028,72,2,7020,9.99,2005-06-18 13:15:37
6029,39,1,11614,3.99,2005-06-03 17:12:37
6030,509,2,1339,4.99,2005-06-25 16:30:37
6031,452,1,15897,7.99,2005-09-04 14:27:37
6032,268,2,10742,5.99,2005-09-19 17:52:37
6033,468,1,5904,1.99,2005-06-21 22:19:37
6034,42,1,7790,5.99,2005-09-13 18:17:37
6035,65,2,3369,4.99,2005-07-27 03:51:37
6036,241,1,3828,3.99,2005-09-16 06:07:37
6037,550,1,13371,1.99,2005-09-17 19:34:37
6038,118,2,4599,0.99,2005-08-28 16:11:37
6039,529,2,3411,9.99,2005-09-04 15:50:37
6040,529,1,2015,4.99,2005-08-06 11:52:37
6041,521,1,12281,2.99,2005-08-12 16:39:37
6042,210,2,6978,9.99,2005-09-16 05:24:37
6043,571,2,5959,7.99,2005-07-23 04:01:37
6044,564,1,6853,0.99,2005-08-07 17:32:37
6045,357,2,10636,3.99,2005-07-05 03:49:37
6046,352,2,11986,1.99,2005-09-20 00:01:37
6047,512,2,15443,9.99,2005-07-19 22:25:37
6048,322,2,11597,1.99,2005-07-03 08:25:37
6049,62,1,3058,0.99,2005-09-15 14:15:37
6050,566,2,9856,5.99,2005-05-29 01:52:37
6051,241,2,9549,5.99,2005-06-13 10:35:37
6052,149,1,2975,1.99,2005-09-05 13:33:37
6053,572,2,3652,0.99,2005-09-02 20:58:37
6054,110,2,1460,0.99,2005-07-14 06:24:37
6055,4,1,5006,4.99,2005-09-04 00:38:37
6056,78,1,9728,1.99,2005-09-08 08:21:37
6057,524,1,14247,0.99,2005-05-27 04:29:37
6058,499,1,9381,1.99,2005-06-17 08:43:37
6059,41,2,7754,7.99,2005-06-19 15:44:37
6060,70,2,11616,0.99,2005-07-30 10:19:37
6061,487,2,13555,9.99,2005-08-01 02:48:37
6062,331,1,15225,3.99,2005-06-04 09:40:37
6063,576,2,3722,6.99,2005-08-15 08:33:37
6064,374,1,6871,6.99,2005-08-13 02:15:37
6065,79,1,1176,4.99,2005-08-26 15:31:37
6066,459,2,3847,6.99,2005-06-26 09:00:37
6067,181,2,5529,1.99,2005-06-25 12:39:37
6068,88,1,5720,8.99,2005-05-27 05:41:37
6069,299,1,4729,9.99,2005-05-27 00:55:37
6070,24,2,14843,3.99,2005-08-23 14:41:37
6071,592,2,457,4.99,2005-05-26 00:49:37
6072,353,1,8628,3.99,2005-07-30 02:29:37
6073,403,2,9724,7.99,2005-07-14 06:46:37
6074,194,2,11635,2.99,2005-07-07 13:45:37
6075,395,1,13081,5.99,2005-09-13 10:39:37
6076,300,1,7140,0.99,2005-06-21 08:24:37
6077,200,2,8063,4.99,2005-09-16 21:52:37
6078,96,1,8798,3.99,2005-07-04 10:09:37
6079,29,1,2868,6.99,2005-07-18 13:25:37
6080,398,2,14245,6.99,2005-08-11 06:40:37
6081,233,1,12159,1.99,2005-09-18 20:29:37
6082,113,1,12355,4.99,2005-08-14 08:59:37
6083,61,1,2646,5.99,2005-05-28 22:57:37
6084,15,1,5742,7.99,2005-08-31 11:10:37
6085,21,2,13519,3.99,2005-08-06 16:16:37
6086,95,2,2505,3.99,2005-08-03 04:21:37
6087,49,1,3810,7.99,2005-06-14 22:03:37
6088,273,2,617,6.99,2005-07-05 04:51:37
6089,537,1,6770,1.99,2005-07-09 18:39:37
6090,365,2,1670,0.99,2005-08-18 05:26:37
6091,286,1,3705,4.99,2005-09-02 02:26:37
6092,514,1,15753,6.99,2005-07-30 14:04:37
6093,535,2,11087,2.99,2005-07-21 20:45:37
6094,234,2,3237,1.99,2005-07-07 03:58:37
6095,289,1,11707,4.99,2005-08-18 02:28:37
6096,428,2,2488,5.99,2005-06-09 21:32:37
6097,168,1,8301,8.99,2005-06-21 01:12:37
6098,74,1,12540,2.99,2005-07-04 03:35:37
6099,165,1,4282,4.99,2005-09-09 22:52:37
6100,592,1,2806,8.99,2005-07-23 01:40:37
6101,597,2,12230,3.99,2005-09-21 16:36:37
6102,177,2,5816,1.99,2005-06-10 05:51:37
6103,432,2,3878,3.99,2005-09-17 08:56:37
6104,467,2,710,2.99,2005-09-17 02:47:37
6105,113,1,15742,7.99,2005-09-19 23:37:37
6106,526,1,14030,3.99,2005-07-19 11:28:37
6107,207,2,5324,7.99,2005-08-19 11:46:37
6108,183,2,7570,5.99,2005-08-19 04:43:37
6109,389,2,1783,0.99,2005-08-02 06:36:37
6110,205,1,6471,1.99,2005-06-20 17:20:37
6111,557,1,628,4.99,2005-09-13 22:56:37
6112,590,2,7742,2.99,2005-08-10 12:23:37
6113,246,2,3071,2.99,2005-08-30 08:43:37
6114,181,2,4815,8.99,2005-06-13 07:30:37
6115,314,2,9606,4.99,2005-08-28 21:52:37
6116,339,1,845,7.99,2005-06-28 06:09:37
6117,4,2,12897,9.99,2005-08-28 17:25:37
6118,523,1,14281,4.99,2005-07-04 02:07:37
6119,362,2,9632,7.99,2005-08-03 21:57:37
6120,470,2,11824,8.99,2005-08-06 00:20:37
6121,46,1,7677,5.99,2005-06-09 00:47:37
6122,81,1,15507,3.99,2005-08-11 13:09:37
6123,430,2,1269,4.99,2005-08-31 05:27:37
6124,416,1,433,6.99,2005-07-06 15:43:37
6125,447,1,1062,1.99,2005-08-19 14:17:37
6126,44,1,14384,1.99,2005-05-30 18:58:37
6127,146,2,6393,9.99,2005-07-08 06:34:37
6128,105,2,6291,7.99,2005-08-25 08:52:37
6129,412,1,13262,7.99,2005-07-07 12:53:37
6130,258,2,2765,9.99,2005-09-21 08:08:37
6131,178,1,4240,7.99,2005-07-14 22:57:37
6132,491,2,12222,9.99,2005-07-11 15:04:37
6133,245,2,6402,9.99,2005-06-19 20:53:37
6134,576,1,6902,6.99,2005-06-25 13:18:37
6135,440,1,15968,3.99,2005-09-17 22:22:37
6136,285,1,497,3.99,2005-07-12 10:22:37
6137,493,1,12447,9.99,2005-09-14 06:31:37
6138,136,2,15782,7.99,2005-07-17 17:50:37
6139,68,2,1197,1.99,2005-07-15 02:35:37
6140,242,2,9852,4.99,2005-08-22 04:26:37
6141,328,1,9790,8.99,2005-07-22 23:38:37
6142,4,2,11522,3.99,2005-06-26 07:00:37
6143,272,1,9732,5.99,2005-06-14 23:51:37
6144,176,2,2969,9.99,2005-06-30 05:55:37
6145,179,1,8485,1.99,2005-06-09 14:10:37
6146,243,1,15305,9.99,2005-08-22 15:36:37
6147,108,1,13170,1.99,2005-09-05 01:26:37
6148,453,1,14913,5.99,2005-06-13 00:45:37
6149,247,1,13540,1.99,2005-08-23 05:12:37
6150,296,1,2393,1.99,2005-08-19 06:32:37
6151,383,2,8762,4.99,2005-07-05 17:36:37
6152,360,1,13165,4.99,2005-06-18 23:02:37
6153,93,2,10028,9.99,2005-07-26 22:29:37
6154,569,1,12507,0.99,2005-07-22 21:11:37
6155,101,2,402,1.99,2005-08-24 08:37:37
6156,213,1,2170,8.99,2005-07-02 15:18:37
6157,37,1,11773,5.99,2005-06-23 14:50:37
6158,354,2,2424,1.99,2005-07-12 13:11:37
6159,326,2,6840,8.99,2005-09-05 21:55:37
6160,415,2,5018,4.99,2005-08-01 22:17:37
6161,130,1,2718,2.99,2005-06-28 16:23:37
6162,52,1,7569,2.99,2005-06-22 20:04:37
6163,89,2,15206,3.99,2005-09-04 22:18:37
6164,370,2,15275,4.99,2005-08-19 20:52:37
6165,137,1,1224,6.99,2005-08-22 23:52:37
6166,21,2,15887,1.99,2005-09-08 06:57:37
6167,432,2,9928,6.99,2005-06-04 08:02:37
6168,553,1,1659,7.99,2005-09-23 11:05:37
6169,468,1,11856,5.99,2005-08-31 00:21:37
6170,375,1,9026,5.99,2005-08-30 15:36:37
6171,535,2,3860,9.99,2005-08-08 20:23:37
6172,452,1,13539,6.99,2005-07-28 06:48:37
6173,34,2,15324,7.99,2005-07-31 05:45:37
6174,458,1,8543,0.99,2005-06-29 01:35:37
6175,335,1,1883,2.99,2005-08-11 21:31:37
6176,245,2,11948,3.99,2005-08-10 03:31:37
6177,530,2,15175,2.99,2005-08-18 01:04:37
6178,254,2,12229,2.99,2005-07-16 07:37:37
6179,424,2,14560,3.99,2005-08-25 06:41:37
6180,166,2,5815,8.99,2005-07-11 18:08:37
6181,66,1,5829,9.99,2005-06-02 17:22:37
6182,214,2,12660,5.99,2005-05-30 23:38:37
6183,269,1,210,2.99,2005-08-03 09:12:37
6184,93,2,538,8.99,2005-09-12 07:06:37
6185,102,2,6561,3.99,2005-06-28 09:48:37
6186,238,1,5379,3.99,2005-08-09 16:51:37
6187,73,1,12069,7.99,2005-06-26 13:19:37
6188,223,1,10377,8.99,2005-07-10 10:27:37
6189,224,1,802,1.99,2005-07-11 17:41:37
6190,2,1,4593,7.99,2005-08-07 06:33:37
6191,573,2,13914,9.99,2005-08-12 19:31:37
6192,431,1,2524,6.99,2005-08-27 06:17:37
6193,141,2,7735,8.99,2005-09-19 19:31:37
6194,42,1,3030,2.99,2005-09-19 14:37:37
6195,443,1,15160,6.99,2005-06-23 05:54:37
6196,403,2,14137,7.99,2005-08-06 10:09:37
6197,30,2,8616,6.99,2005-07-23 21:16:37
6198,371,2,13957,6.99,2005-07-20 12:23:37
6199,236,2,11279,6.99,2005-06-17 09:28:37
6200,489,1,15498,5.99,2005-05-25 21:03:37
6201,589,2,2841,3.99,2005-07-16 19:31:37
6202,236,2,9823,4.99,2005-08-26 19:37:37
6203,397,1,493,7.99,2005-08-23 23:46:37
6204,61,1,704,4.99,2005-05-26 03:43:37
6205,408,2,1398,4.99,2005-05-25 16:08:37
6206,122,2,4137,0.99,2005-08-13 08:29:37
6207,16,1,3182,4.99,2005-08-02 07:39:37
6208,83,2,12338,2.99,2005-09-05 18:22:37
6209,254,1,15546,4.99,2005-08-18 06:12:37
6210,49,2,15855,7.99,2005-06-11 22:57:37
6211,229,2,11805,0.99,2005-08-13 17:34:37
6212,53,2,15907,4.99,2005-08-31 13:02:37
6213,381,1,3834,1.99,2005-09-14 06:16:37
6214,336,1,9708,9.99,2005-06-03 18:26:37
6215,339,1,10460,4.99,2005-07-10 04:15:37
6216,98,1,2608,1.99,2005-05-26 06:50:37
6217,173,2,15813,8.99,2005-08-18 15:56:37
6218,125,2,9795,2.99,2005-08-22 04:19:37
6219,290,1,2058,5.99,2005-09-21 15:01:37
6220,381,1,295,4.99,2005-07-11 05:58:37
6221,171,1,15420,9.99,2005-09-16 21:46:37
6222,187,2,1291,3.99,2005-06-08 23:51:37
6223,277,1,3269,6.99,2005-05-28 10:10:37
6224,541,1,9790,0.99,2005-08-16 07:09:37
6225,383,2,7115,3.99,2005-07-11 11:25:37
6226,404,2,4833,7.99,2005-06-23 00:40:37
6227,307,1,3398,8.99,2005-08-08 14:40:37
6228,179,2,12749,3.99,2005-09-06 06:52:37
6229,26,1,14528,2.99,2005-08-10 02:10:37
6230,391,2,758,7.99,2005-07-28 22:17:37
6231,235,2,13793,7.99,2005-07-10 23:53:37
6232,591,1,2227,0.99,2005-08-11 22:50:37
6233,92,2,15336,5.99,2005-06-16 00:07:37
6234,179,1,8271,6.99,2005-09-14 23:21:37
6235,247,1,2228,0.99,2005-08-20 21:24:37
6236,547,2,9376,4.99,2005-06-30 10:33:37
6237,571,2,3511,9.99,2005-06-11 18:59:37
6238,592,1,3326,3.99,2005-09-10 14:35:37
6239,304,1,2904,4.99,2005-05-26 00:04:37
6240,141,2,15263,9.99,2005-06-05 21:44:37
6241,428,1,903,8.99,2005-07-31 00:50:37
6242,377,1,9980,7.99,2005-06-14 19:55:37
6243,44,2,11963,8.99,2005-06-22 06:54:37
6244,354,1,316,2.99,2005-07-19 23:13:37
6245,460,1,904,0.99,2005-09-10 17:46:37
6246,432,1,7482,3.99,2005-08-04 05:22:37
6247,29,2,10645,8.99,2005-06-14 14:39:37
6248,41,1,1512,8.99,2005-08-09 07:37:37
6249,580,1,9686,0.99,2005-06-06 03:21:37
6250,18,2,11843,2.99,2005-06-06 14:51:37
6251,468,1,7727,6.99,2005-06-02 00:02:37
6252,506,1,7104,2.99,2005-07-04 01:11:37
6253,38,2,3017,2.99,2005-07-15 15:15:37
6254,69,2,4149,4.99,2005-06-08 11:31:37
6255,596,2,9202,0.99,2005-05-26 06:47:37
6256,555,2,3464,5.99,2005-07-02 00:37:37
6257,408,1,12897,7.99,2005-06-02 15:28:37
6258,362,2,15870,6.99,2005-09-23 02:09:37
6259,250,1,2559,9.99,2005-07-26 00:21:37
6260,259,2,3420,3.99,2005-08-23 20:38:37
6261,210,2,11574,1.99,2005-08-03 02:56:37
6262,421,1,11533,0.99,2005-09-05 12:53:37
6263,225,2,6360,0.99,2005-06-19 02:00:37
6264,234,1,9807,7.99,2005-05-31 17:44:37
6265,175,2,7161,3.99,2005-08-25 06:45:37
6266,347,1,8986,4.99,2005-09-19 17:12:37
6267,461,1,14353,6.99,2005-07-21 22:33:37
6268,171,2,5048,5.99,2005-08-29 03:27:37
6269,549,1,5146,5.99,2005-07-07 15:54:37
6270,518,1,11739,0.99,2005-06-20 15:17:37
6271,190,2,9331,2.99,2005-07-12 07:07:37
6272,369,2,2171,5.99,2005-08-31 15:30:37
6273,464,1,12425,9.99,2005-06-18 19:09:37
6274,95,1,14592,6.99,2005-05-30 19:24:37
6275,101,1,9014,2.99,2005-07-03 18:28:37
6276,588,2,5001,3.99,2005-09-02 19:47:37
6277,236,1,15014,5.99,2005-09-21 20:35:37
6278,85,2,2150,0.99,2005-09-03 14:39:37
6279,358,2,9871,3.99,2005-07-24 04:56:37
6280,332,2,5224,4.99,2005-09-15 12:17:37
6281,239,1,9072,3.99,2005-09-17 20:15:37
6282,33,2,1177,0.99,2005-09-12 06:31:37
6283,124,1,3892,4.99,2005-06-09 06:53:37
6284,37,2,916,3.99,2005-08-09 08:20:37
6285,367,2,942,0.99,2005-07-08 19:14:37
6286,297,2,10223,8.99,2005-08-26 21:02:37
6287,419,2,4568,5.99,2005-09-11 21:50:37
6288,88,1,19,8.99,2005-06-21 20:50:37
6289,460,2,550,3.99,2005-07-26 09:56:37
6290,218,1,40,5.99,2005-07-26 18:12:37
6291,515,2,9615,3.99,2005-07-15 07:51:37
6292,93,2,12093,7.99,2005-07-16 22:57:37
6293,316,1,3895,1.99,2005-09-09 21:13:37
6294,37,2,8830,2.99,2005-07-20 13:50:37
6295,316,1,796,3.99,2005-06-11 02:47:37
6296,287,1,7398,8.99,2005-08-02 11:06:37
6297,441,1,9894,0.99,2005-07-17 11:20:37
6298,574,2,6472,6.99,2005-09-09 11:17:37
6299,2,1,1425,9.99,2005-08-22 12:07:37
6300,294,2,5337,2.99,2005-09-05 15:32:37
6301,393,2,5116,3.99,2005-07-15 13:49:37
6302,194,2,2949,0.99,2005-06-09 23:04:37
6303,314,2,12110,2.99,2005-08-12 22:58:37
6304,212,1,13992,8.99,2005-09-17 10:44:37
6305,346,1,12542,5.99,2005-08-30 05:48:37
6306,586,1,5030,4.99,2005-09-06 23:10:37
6307,70,2,14539,6.99,2005-07-27 13:28:37
6308,35,2,682,2.99,2005-08-17 00:48:37
6309,246,1,7820,4.99,2005-06-09 13:14:37
6310,390,1,7360,3.99,2005-08-19 18:02:37
6311,337,1,12873,7.99,2005-05-27 06:44:37
6312,280,2,3461,4.99,2005-09-14 18:01:37
6313,424,2,6075,1.99,2005-06-20 11:04:37
6314,382,2,15576,7.99,2005-07-12 09:57:37
6315,302,1,4570,8.99,2005-08-28 21:59:37
6316,82,1,6619,6.99,2005-08-27 13:26:37
6317,289,1,997,2.99,2005-08-29 17:26:37
6318,398,1,3625,4.99,2005-06-27 11:25:37
6319,369,2,850,6.99,2005-09-07 06:27:37
6320,311,2,9661,1.99,2005-09-05 12:04:37
6321,299,2,6801,4.99,2005-09-16 02:39:37
6322,333,2,8508,5.99,2005-08-19 00:20:37
6323,221,1,5095,5.99,2005-07-19 01:01:37
6324,245,1,1016,9.99,2005-06-30 11:27:37
6325,205,1,1054,9.99,2005-06-18 19:39:37
6326,69,2,1060,3.99,2005-07-07 05:33:37
6327,553,2,321,1.99,2005-06-24 13:39:37
6328,523,1,9945,4.99,2005-07-18 12:35:37
6329,364,1,8270,6.99,2005-08-11 15:42:37
6330,269,1,10456,5.99,2005-06-12 03:45:37
6331,154,1,2943,0.99,2005-08-30 22:59:37
6332,502,1,12242,0.99,2005-09-06 06:58:37
6333,106,1,8607,7.99,2005-07-03 13:00:37
6334,265,2,11141,7.99,2005-08-03 07:58:37
6335,35,1,10497,1.99,2005-07-19 09:06:37
6336,20,1,4986,6.99,2005-08-05 02:16:37
6337,191,2,9599,7.99,2005-07-11 04:46:37
6338,12,1,11955,8.99,2005-08-06 05:18:37
6339,420,1,6362,2.99,2005-08-07 12:16:37
6340,405,1,15108,4.99,2005-09-13 07:38:37
6341,6,1,1781,7.99,2005-07-21 04:37:37
6342,479,1,14537,1.99,2005-06-06 15:32:37
6343,152,2,4461,8.99,2005-06-13 06:49:37
6344,568,2,6611,9.99,2005-08-05 11:08:37
6345,386,2,6249,4.99,2005-09-09 14:30:37
6346,533,2,1376,1.99,2005-05-26 04:24:37
6347,236,1,697,5.99,2005-09-01 04:55:37
6348,120,2,8989,7.99,2005-06-01 06:33:37
6349,187,2,12245,8.99,2005-08-23 22:39:37
6350,264,2,11542,2.99,2005-06-02 11:51:37
6351,165,1,11415,1.99,2005-06-07 22:03:37
6352,254,1,7435,7.99,2005-06-24 16:56:37
6353,595,2,11364,8.99,2005-07-03 10:04:37
6354,561,1,4136,2.99,2005-06-20 05:27:37
6355,584,1,4805,7.99,2005-08-18 13:25:37
6356,283,2,9915,9.99,2005-07-11 00:23:37
6357,198,1,1510,4.99,2005-06-26 04:56:37
6358,412,1,6007,7.99,2005-06-04 05:50:37
6359,521,1,14158,8.99,2005-08-16 01:56:37
6360,27,1,663,5.99,2005-06-14 00:01:37
6361,588,1,14309,9.99,2005-07-18 04:06:37
6362,14,1,12284,9.99,2005-05-29 23:47:37
6363,188,2,15901,6.99,2005-06-28 02:06:37
6364,237,2,735,6.99,2005-09-11 21:47:37
6365,82,1,15309,1.99,2005-06-18 10:12:37
6366,552,1,12996,6.99,2005-06-06 05:20:37
6367,174,1,15278,6.99,2005-06-05 15:13:37
6368,144,1,14666,8.99,2005-09-16 10:05:37
6369,213,2,3855,5.99,2005-06-24 19:23:37
6370,67,2,13592,8.99,2005-08-04 00:53:37
6371,266,1,15803,1.99,2005-09-05 05:36:37
6372,371,1,889,8.99,2005-06-28 01:23:37
6373,2,1,3396,2.99,2005-05-25 14:03:37
6374,382,2,1750,8.99,2005-07-15 10:40:37
6375,183,1,12802,5.99,2005-08-03 20:17:37
6376,521,2,11394,0.99,2005-06-14 23:14:37
6377,451,1,11566,9.99,2005-08-26 10:36:37
6378,463,2,9454,5.99,2005-07-20 07:18:37
6379,367,2,5396,4.99,2005-08-30 09:48:37
6380,593,1,4829,6.99,2005-06-19 13:38:37
6381,67,2,2766,8.99,2005-08-11 07:23:37
6382,231,1,13853,6.99,2005-09-19 13:02:37
6383,282,1,14982,1.99,2005-07-27 10:45:37
6384,32,1,10438,3.99,2005-07-31 22:15:37
6385,556,1,4630,5.99,2005-09-10 11:09:37
6386,81,1,11858,8.99,2005-09-23 09:43:37
6387,293,1,12561,8.99,2005-09-06 06:01:37
6388,30,1,9047,7.99,2005-06-08 08:33:37
6389,77,2,7499,0.99,2005-07-13 13:57:37
6390,580,2,1621,0.99,2005-06-06 07:50:37
6391,475,1,4974,5.99,2005-06-02 12:03:37
6392,540,2,8788,6.99,2005-08-10 17:22:37
6393,32,2,13610,7.99,2005-06-07 01:30:37
6394,537,1,11692,5.99,2005-08-31 06:01:37
6395,538,2,11908,7.99,2005-09-11 15:45:37
6396,104,1,2971,0.99,2005-09-04 22:43:37
6397,392,2,6237,7.99,2005-09-08 01:24:37
6398,510,1,4862,9.99,2005-06-26 19:23:37
6399,553,2,14883,2.99,2005-06-25 12:30:37
6400,112,2,15078,7.99,2005-06-02 02:22:37
6401,283,2,11817,2.99,2005-06-08 05:44:37
6402,211,1,13229,9.99,2005-06-18 01:32:37
6403,258,1,12231,6.99,2005-09-05 19:44:37
6404,403,1,12444,5.99,2005-07-18 16:58:37
6405,69,1,445,8.99,2005-09-17 11:52:37
6406,354,2,11898,1.99,2005-07-31 03:04:37
6407,145,1,5447,0.99,2005-07-18 10:15:37
6408,220,1,1631,2.99,2005-06-26 03:17:37
6409,243,2,10807,6.99,2005-08-01 05:44:37
6410,534,2,1825,2.99,2005-08-02 04:20:37
6411,523,1,7612,3.99,2005-08-19 03:55:37
6412,93,1,8176,0.99,2005-06-27 05:14:37
6413,163,2,9719,6.99,2005-07-13 00:41:37
6414,363,1,7976,9.99,2005-09-08 18:51:37
6415,184,1,13465,8.99,2005-06-29 09:59:37
6416,94,2,14488,5.99,2005-09-17 19:45:37
6417,315,1,10570,2.99,2005-06-01 23:07:37
6418,522,2,8611,1.99,2005-06-05 02:46:37
6419,571,2,4987,8.99,2005-07-05 13:20:37
6420,126,2,2120,9.99,2005-08-29 17:36:37
6421,180,2,2247,4.99,2005-06-20 09:34:37
6422,542,2,11340,8.99,2005-09-04 04:56:37
6423,430,1,11362,1.99,2005-06-25 16:42:37
6424,390,2,11781,6.99,2005-06-28 20:48:37
6425,296,2,4887,2.99,2005-06-23 00:04:37
6426,483,1,11431,8.99,2005-08-20 15:32:37
6427,84,2,5,5.99,2005-07-06 20:59:37
6428,221,1,12570,5.99,2005-05-29 09:08:37
6429,67,1,13569,9.99,2005-07-29 05:54:37
6430,187,1,8904,6.99,2005-06-22 08:24:37
6431,543,2,5232,5.99,2005-05-29 15:00:37
6432,592,2,1658,9.99,2005-09-22 06:37:37
6433,62,2,11776,2.99,2005-08-05 10:11:37
6434,594,2,15145,1.99,2005-07-15 03:19:37
6435,121,1,14392,1.99,2005-07-31 00:57:37
6436,257,1,15940,9.99,2005-08-24 14:37:37
6437,403,2,15952,5.99,2005-09-16 17:42:37
6438,528,2,6369,6.99,2005-09-15 17:24:37
6439,78,1,5571,6.99,2005-07-27 04:17:37
6440,173,1,12991,4.99,2005-06-24 03:10:37
6441,39,2,3574,8.99,2005-08-28 00:49:37
6442,75,2,10459,4.99,2005-07-07 01:49:37
6443,374,2,7915,6.99,2005-07-08 00:47:37
6444,46,2,5867,2.99,2005-07-19 19:52:37
6445,322,1,1589,7.99,2005-08-09 00:19:37
6446,49,1,12736,1.99,2005-08-12 01:30:37
6447,260,2,2334,1.99,2005-06-01 23:09:37
6448,424,1,13375,8.99,2005-06-08 21:29:37
6449,57,2,9602,3.99,2005-06-23 10:05:37
6450,459,2,12408,7.99,2005-06-05 00:02:37
6451,196,2,7234,7.99,2005-09-17 19:08:37
6452,570,1,1240,3.99,2005-09-08 05:19:37
6453,521,1,13182,5.99,2005-06-14 07:29:37
6454,190,1,13275,4.99,2005-08-12 21:10:37
6455,86,1,6881,9.99,2005-09-18 13:52:37
6456,370,1,2645,1.99,2005-06-03 19:38:37
6457,382,2,15069,3.99,2005-06-21 06:23:37
6458,173,2,3682,9.99,2005-08-15 00:30:37
6459,302,2,4907,2.99,2005-09-09 11:18:37
6460,509,2,6577,9.99,2005-08-05 21:45:37
6461,529,2,5435,0.99,2005-07-23 08:10:37
6462,404,2,715,4.99,2005-08-13 06:21:37
6463,252,1,884,2.99,2005-08-01 19:36:37
6464,455,2,14011,2.99,2005-07-08 20:17:37
6465,523,2,7325,6.99,2005-07-02 02:54:37
6466,177,2,13584,1.99,2005-08-19 19:19:37
6467,441,1,13637,2.99,2005-06-19 09:55:37
6468,269,1,9980,0.99,2005-06-03 14:37:37
6469,478,1,14068,1.99,2005-07-26 09:18:37
6470,215,2,13196,3.99,2005-06-09 21:37:37
6471,185,1,1520,8.99,2005-05-30 17:31:37
6472,359,1,15734,1.99,2005-07-10 19:55:37
6473,105,2,9389,2.99,2005-07-25 17:59:37
6474,255,2,1281,2.99,2005-07-16 11:52:37
6475,404,1,14011,0.99,2005-07-24 18:38:37
6476,88,2,2962,0.99,2005-09-05 13:41:37
6477,265,2,15189,1.99,2005-07-28 20:41:37
6478,452,1,1853,6.99,2005-06-15 03:23:37
6479,143,1,10345,6.99,2005-06-25 03:25:37
6480,597,1,1382,8.99,2005-06-01 17:31:37
6481,185,1,3194,6.99,2005-06-16 19:28:37
6482,45,1,1244,9.99,2005-08-11 16:25:37
6483,474,2,7393,3.99,2005-08-14 18:24:37
6484,307,2,6839,6.99,2005-07-18 17:56:37
6485,473,2,4005,4.99,2005-06-05 14:56:37
6486,502,2,15540,9.99,2005-07-05 08:39:37
6487,529,2,11252,6.99,2005-07-19 11:42:37
6488,210,2,8716,3.99,2005-05-28 14:17:37
6489,516,2,772,7.99,2005-05-27 23:47:37
6490,164,2,6959,5.99,2005-05-29 23:27:37
6491,504,1,5593,3.99,2005-07-08 05:07:37
6492,583,2,16031,9.99,2005-06-26 16:56:37
6493,141,2,1413,0.99,2005-05-30 03:28:37
6494,87,2,4093,3.99,2005-07-08 09:06:37
6495,443,1,741,4.99,2005-07-28 18:00:37
6496,80,1,648,6.99,2005-07-09 15:23:37
6497,29,1,11804,7.99,2005-06-30 07:32:37
6498,73,1,7851,9.99,2005-09-02 11:11:37
6499,343,1,564,9.99,2005-09-06 11:44:37
6500,274,2,9223,7.99,2005-09-22 09:36:37
6501,307,1,6381,6.99,2005-07-22 13:35:37
6502,523,2,8946,0.99,2005-05-30 01:07:37
6503,553,2,6762,7.99,2005-06-28 07:03:37
6504,61,1,10859,5.99,2005-06-12 03:05:37
6505,58,1,179,3.99,2005-09-13 10:06:37
6506,179,1,5457,3.99,2005-09-10 02:12:37
6507,344,1,14856,8.99,2005-07-19 02:02:37
6508,238,1,507,7.99,2005-06-08 23:54:37
6509,26,2,2321,3.99,2005-07-17 00:16:37
6510,215,2,12182,1.99,2005-08-10 12:07:37
6511,279,1,5981,3.99,2005-06-20 08:01:37
6512,317,2,11004,6.99,2005-05-29 13:11:37
6513,5,2,9541,7.99,2005-07-11 15:45:37
6514,223,1,15916,4.99,2005-06-06 09:42:37
6515,558,1,11379,8.99,2005-08-07 09:25:37
6516,44,2,5258,9.99,2005-08-16 09:00:37
6517,582,1,10420,3.99,2005-07-18 12:51:37
6518,340,1,5206,2.99,2005-08-30 19:35:37
6519,531,1,14917,1.99,2005-09-15 19:05:37
6520,350,2,14152,4.99,2005-06-12 06:26:37
6521,193,1,14178,7.99,2005-07-03 04:54:37
6522,442,1,986,6.99,2005-09-05 07:51:37
6523,2,1,9143,7.99,2005-07-30 07:41:37
6524,167,1,12819,7.99,2005-08-03 09:53:37
6525,289,2,15462,3.99,2005-07-01 20:44:37
6526,538,1,8455,4.99,2005-08-09 03:38:37
6527,23,2,7475,0.99,2005-07-18 17:04:37
6528,355,1,10123,6.99,2005-09-15 04:32:37
6529,521,1,15611,7.99,2005-09-01 11:45:37
6530,345,1,5453,5.99,2005-07-18 13:36:37
6531,566,1,4934,9.99,2005-06-11 11:44:37
6532,318,1,10489,1.99,2005-08-17 07:23:37
6533,273,1,11332,3.99,2005-08-13 15:31:37
6534,214,2,12011,8.99,2005-08-16 08:57:37
6535,462,1,8787,9.99,2005-06-07 23:08:37
6536,162,1,10984,7.99,2005-08-20 06:50:37
6537,451,1,9922,1.99,2005-06-19 19:37:37
6538,459,2,2659,7.99,2005-09-12 13:05:37
6539,293,2,1777,4.99,2005-06-12 06:15:37
6540,125,1,2044,5.99,2005-07-03 16:41:37
6541,6,1,9403,9.99,2005-07-13 04:06:37
6542,141,1,10724,4.99,2005-07-28 19:30:37
6543,296,1,3459,1.99,2005-07-12 13:16:37
6544,458,2,5216,5.99,2005-05-29 01:02:37
6545,128,1,9058,8.99,2005-06-09 10:15:37
6546,367,2,13289,5.99,2005-07-11 10:45:37
6547,257,1,15993,6.99,2005-07-17 06:12:37
6548,434,2,5988,9.99,2005-06-16 20:44:37
6549,269,1,6163,3.99,2005-06-07 12:31:37
6550,383,1,9336,4.99,2005-07-13 17:22:37
6551,481,1,10974,0.99,2005-06-03 23:50:37
6552,79,1,15376,5.99,2005-09-03 06:59:37
6553,347,1,15435,9.99,2005-07-27 23:39:37
6554,191,1,2264,2.99,2005-09-13 17:17:37
6555,203,1,3256,0.99,2005-07-25 08:25:37
6556,315,2,14564,1.99,2005-09-09 08:48:37
6557,559,1,12529,2.99,2005-06-21 23:33:37
6558,547,2,7534,8.99,2005-08-23 04:59:37
6559,565,2,11848,1.99,2005-06-30 01:17:37
6560,548,2,9130,3.99,2005-09-23 00:33:37
6561,301,1,13372,6.99,2005-08-06 07:53:37
6562,12,1,15966,6.99,2005-08-18 04:55:37
6563,477,2,2291,7.99,2005-06-08 22:04:37
6564,88,1,15286,5.99,2005-07-07 23:31:37
6565,402,1,15393,2.99,2005-09-18 11:54:37
6566,339,2,3730,1.99,2005-09-07 14:25:37
6567,110,2,7372,5.99,2005-08-31 19:37:37
6568,14,1,8955,8.99,2005-06-09 22:51:37
6569,531,2,1002,2.99,2005-07-03 19:50:37
6570,89,1,7380,7.99,2005-08-20 11:43:37
6571,59,2,10067,2.99,2005-07-06 03:27:37
6572,256,1,15946,5.99,2005-06-13 09:08:37
6573,471,1,5690,8.99,2005-07-28 13:10:37
6574,453,1,14424,5.99,2005-08-22 00:32:37
6575,424,2,13740,0.99,2005-07-07 09:25:37
6576,310,2,10123,7.99,2005-08-31 20:57:37
6577,233,1,11092,1.99,2005-07-21 03:51:37
6578,380,1,14456,1.99,2005-09-19 00:50:37
6579,444,2,11285,6.99,2005-06-04 10:13:37
6580,296,1,7309,8.99,2005-05-27 04:46:37
6581,282,2,739,7.99,2005-08-13 16:52:37
6582,61,1,6052,2.99,2005-09-09 03:34:37
6583,536,2,14419,3.99,2005-07-06 01:16:37
6584,122,2,2885,7.99,2005-07-21 05:23:37
6585,558,1,5804,4.99,2005-09-20 13:39:37
6586,229,2,7667,2.99,2005-07-04 11:08:37
6587,312,1,5521,2.99,2005-06-26 03:05:37
6588,110,2,6683,6.99,2005-06-10 22:46:37
6589,477,2,15695,1.99,2005-07-22 22:40:37
6590,583,1,13023,8.99,2005-08-04 09:00:37
6591,61,1,1442,0.99,2005-08-06 15:10:37
6592,361,2,8558,2.99,2005-06-05 19:14:37
6593,407,2,12538,8.99,2005-08-06 09:05:37
6594,593,1,1612,8.99,2005-07-24 23:02:37
6595,187,2,4870,6.99,2005-08-22 13:34:37
6596,82,1,10581,5.99,2005-07-08 01:41:37
6597,19,1,15937,3.99,2005-06-15 21:47:37
6598,43,1,1022,9.99,2005-05-27 09:36:37
6599,552,2,2669,1.99,2005-08-13 14:47:37
6600,182,1,8455,3.99,2005-06-20 04:02:37
6601,371,1,4893,2.99,2005-07-01 21:27:37
6602,33,1,7399,3.99,2005-05-30 17:44:37
6603,301,1,11212,7.99,2005-06-14 10:42:37
6604,203,1,6769,6.99,2005-07-19 09:13:37
6605,129,1,405,9.99,2005-08-25 04:57:37
6606,545,2,11842,7.99,2005-07-28 15:21:37
6607,529,2,12677,6.99,2005-09-08 13:18:37
6608,594,2,10243,0.99,2005-08-17 18:46:37
6609,377,2,8881,8.99,2005-07-22 17:20:37
6610,384,1,5549,2.99,2005-07-26 06:05:37
6611,289,2,264,6.99,2005-08-31 19:57:37
6612,473,2,1062,5.99,2005-09-06 09:43:37
6613,383,1,14878,0.99,2005-07-15 15:46:37
6614,525,1,13645,0.99,2005-09-13 11:44:37
6615,162,1,5293,3.99,2005-06-25 16:00:37
6616,520,2,6760,8.99,2005-09-21 07:20:37
6617,151,1,4453,6.99,2005-07-01 01:30:37
6618,30,1,3770,0.99,2005-08-07 19:06:37
6619,465,1,9249,8.99,2005-07-02 17:01:37
6620,113,2,3316,5.99,2005-08-20 05:16:37
6621,459,2,2835,4.99,2005-07-05 22:07:37
6622,418,2,6656,6.99,2005-07-13 16:43:37
6623,16,1,4588,6.99,2005-09-11 08:35:37
6624,274,2,15831,6.99,2005-08-07 18:33:37
6625,450,1,670,5.99,2005-09-10 16:47:37
6626,547,1,10320,2.99,2005-09-09 10:34:37
6627,356,1,4427,9.99,2005-09-19 18:39:37
6628,385,2,15220,8.99,2005-09-01 03:48:37
6629,396,1,12560,7.99,2005-06-09 01:26:37
6630,301,1,519,5.99,2005-05-26 09:36:37
6631,22,2,5923,0.99,2005-09-13 12:21:37
6632,410,2,12020,6.99,2005-05-28 08:36:37
6633,90,1,12183,0.99,2005-07-31 10:45:37
6634,521,2,8710,7.99,2005-07-14 14:35:37
6635,473,1,6360,9.99,2005-07-07 13:06:37
6636,167,2,12994,8.99,2005-08-13 22:28:37
6637,288,1,1496,0.99,2005-08-13 07:51:37
6638,168,1,6844,4.99,2005-09-19 07:40:37
6639,469,2,4121,5.99,2005-09-09 06:23:37
6640,280,1,10758,6.99,2005-09-06 00:22:37
6641,308,2,3159,8.99,2005-07-28 17:53:37
6642,496,1,10696,7.99,2005-06-30 05:00:37
6643,582,2,8228,4.99,2005-06-16 21:59:37
6644,452,2,6217,7.99,2005-08-14 12:30:37
6645,408,1,6945,8.99,2005-07-04 23:15:37
6646,194,1,9144,4.99,2005-08-05 06:27:37
6647,226,2,11880,5.99,2005-05-28 20:59:37
6648,230,1,4124,6.99,2005-06-02 21:15:37
6649,238,2,1556,8.99,2005-06-17 20:38:37
6650,17,1,15351,9.99,2005-06-26 05:08:37
6651,444,2,15611,5.99,2005-08-12 23:52:37
6652,577,2,3286,6.99,2005-08-17 23:47:37
6653,159,1,2222,2.99,2005-06-06 12:25:37
6654,252,1,9217,3.99,2005-07-13 06:50:37
6655,214,2,9920,7.99,2005-08-11 08:08:37
6656,129,1,1084,4.99,2005-09-03 20:56:37
6657,98,2,3439,4.99,2005-09-07 08:15:37
6658,35,2,11263,1.99,2005-08-23 04:49:37
6659,282,1,3239,2.99,2005-08-21 12:06:37
6660,518,2,13931,0.99,2005-08-14 02:33:37
6661,535,1,13658,2.99,2005-08-08 22:45:37
6662,348,1,14494,5.99,2005-09-19 01:47:37
6663,579,2,9893,9.99,2005-06-09 19:14:37
6664,531,2,2518,1.99,2005-07-08 06:47:37
6665,184,1,7071,1.99,2005-06-18 04:39:37
6666,448,2,14289,1.99,2005-06-21 13:23:37
6667,23,1,11454,7.99,2005-07-17 19:23:37
6668,402,1,2341,5.99,2005-07-04 18:30:37
6669,123,2,2545,2.99,2005-08-14 10:46:37
6670,9,1,5539,7.99,2005-09-07 14:43:37
6671,40,2,12721,9.99,2005-06-26 08:20:37
6672,340,1,5457,9.99,2005-07-26 21:08:37
6673,57,1,10579,8.99,2005-07-13 15:02:37
6674,94,2,13623,5.99,2005-06-07 01:31:37
6675,501,1,15996,5.99,2005-06-16 04:06:37
6676,315,1,10159,0.99,2005-07-18 15:08:37
6677,151,2,5587,1.99,2005-08-01 03:25:37
6678,101,2,14615,4.99,2005-09-20 04:24:37
6679,596,2,5497,1.99,2005-06-24 07:13:37
6680,45,1,5665,3.99,2005-08-20 12:04:37
6681,565,1,12631,9.99,2005-05-26 09:24:37
6682,548,2,6641,5.99,2005-09-19 14:10:37
6683,410,1,1529,2.99,2005-05-26 04:01:37
6684,246,1,14673,2.99,2005-07-05 08:40:37
6685,285,2,12881,8.99,2005-08-06 19:43:37
6686,396,1,8206,9.99,2005-08-26 11:34:37
6687,266,2,9830,2.99,2005-08-19 12:53:37
6688,154,1,2254,7.99,2005-07-04 12:01:37
6689,441,2,12028,6.99,2005-09-23 04:56:37
6690,303,2,11355,3.99,2005-08-24 21:31:37
6691,577,2,3719,2.99,2005-08-16 22:27:37
6692,217,1,15089,6.99,2005-09-05 05:43:37
6693,442,2,1933,2.99,2005-07-02 04:25:37
6694,151,2,4926,7.99,2005-06-28 03:26:37
6695,191,2,14462,9.99,2005-08-08 19:47:37
6696,404,2,7776,6.99,2005-08-04 00:52:37
6697,342,2,746,1.99,2005-09-16 17:16:37
6698,569,2,1494,4.99,2005-08-23 14:12:37
6699,493,2,7340,4.99,2005-08-30 11:32:37
6700,238,1,10485,2.99,2005-07-15 09:33:37
6701,452,2,10080,7.99,2005-06-10 01:10:37
6702,571,1,9964,3.99,2005-07-15 15:52:37
6703,191,2,8421,8.99,2005-06-27 01:21:37
6704,590,1,3678,7.99,2005-07-28 18:40:37
6705,462,1,14946,5.99,2005-06-30 03:41:37
6706,570,1,11420,6.99,2005-07-30 12:22:37
6707,398,2,1322,3.99,2005-09-07 03:34:37
6708,139,1,5606,1.99,2005-07-05 17:16:37
6709,365,1,15255,5.99,2005-06-20 23:40:37
6710,520,2,12950,1.99,2005-07-20 15:51:37
6711,206,2,4036,7.99,2005-07-31 10:49:37
6712,115,1,6282,6.99,2005-08-12 14:02:37
6713,159,2,6066,9.99,2005-07-23 21:50:37
6714,40,2,500,3.99,2005-07-28 04:17:37
6715,89,1,4149,3.99,2005-07-25 05:23:37
6716,190,1,6856,7.99,2005-06-21 21:55:37
6717,152,2,14655,5.99,2005-07-14 03:06:37
6718,65,1,2764,9.99,2005-08-23 11:46:37
6719,32,1,6298,0.99,2005-06-29 23:32:37
6720,523,1,4500,1.99,2005-07-11 03:26:37
6721,291,2,2656,2.99,2005-09-21 10:18:37
6722,121,1,12219,1.99,2005-05-30 15:32:37
6723,507,1,6828,7.99,2005-08-17 01:45:37
6724,526,1,12252,9.99,2005-09-14 19:52:37
6725,256,2,6635,0.99,2005-09-22 03:07:37
6726,287,1,11342,7.99,2005-06-05 23:21:37
6727,62,2,14615,2.99,2005-07-03 11:31:37
6728,28,2,6416,6.99,2005-05-31 04:06:37
6729,549,1,5291,0.99,2005-07-30 22:16:37
6730,291,1,1387,0.99,2005-07-29 20:52:37
6731,48,2,15728,5.99,2005-06-11 21:16:37
6732,242,2,10959,5.99,2005-07-08 19:52:37
6733,467,1,5376,9.99,2005-09-19 12:03:37
6734,363,1,11615,5.99,2005-05-28 13:07:37
6735,170,2,3179,7.99,2005-08-05 03:28:37
6736,82,1,1657,8.99,2005-06-27 07:00:37
6737,329,2,7251,1.99,2005-06-03 21:12:37
6738,201,2,1677,5.99,2005-07-13 06:58:37
6739,205,1,676,1.99,2005-07-04 14:37:37
6740,17,1,12934,7.99,2005-08-17 21:08:37
6741,356,1,826,6.99,2005-06-16 12:33:37
6742,438,1,5891,9.99,2005-08-16 09:26:37
6743,44,1,3550,1.99,2005-09-05 23:17:37
6744,98,1,12563,9.99,2005-08-14 21:01:37
6745,97,2,6396,3.99,2005-09-20 13:14:37
6746,312,1,13998,2.99,2005-08-24 22:06:37
6747,590,2,2571,6.99,2005-06-23 16:27:37
6748,235,2,9545,8.99,2005-09-14 07:55:37
6749,103,1,12243,5.99,2005-08-13 00:04:37
6750,376,2,9216,6.99,2005-09-04 17:03:37
6751,25,1,15582,0.99,2005-06-02 15:40:37
6752,232,2,4418,4.99,2005-06-21 01:16:37
6753,37,2,8554,0.99,2005-06-20 18:50:37
6754,471,1,11349,0.99,2005-09-09 12:51:37
6755,424,2,15440,3.99,2005-09-18 20:51:37
6756,142,2,12035,8.99,2005-08-13 18:17:37
6757,387,1,1267,4.99,2005-09-20 07:03:37
6758,99,1,10172,6.99,2005-09-10 15:45:37
6759,144,1,16039,1.99,2005-06-12 07:10:37
6760,23,1,492,2.99,2005-06-13 22:19:37
6761,108,2,3445,5.99,2005-06-01 00:38:37
6762,373,2,10539,9.99,2005-06-24 07:02:37
6763,327,1,12370,0.99,2005-06-17 14:29:37
6764,216,2,10585,5.99,2005-07-16 14:06:37
6765,105,1,2957,8.99,2005-07-10 05:29:37
6766,155,1,1172,8.99,2005-08-10 14:07:37
6767,381,1,4358,8.99,2005-05-28 14:59:37
6768,590,1,3068,9.99,2005-07-04 07:19:37
6769,20,2,545,6.99,2005-07-19 23:56:37
6770,348,1,1804,8.99,2005-06-01 00:47:37
6771,545,2,3562,5.99,2005-09-20 21:13:37
6772,245,1,10004,4.99,2005-09-18 13:41:37
6773,473,2,13424,0.99,2005-09-12 14:43:37
6774,518,1,3481,1.99,2005-08-03 15:33:37
6775,522,1,521,9.99,2005-08-03 15:34:37
6776,337,2,6576,3.99,2005-07-18 14:07:37
6777,100,1,3558,4.99,2005-07-14 18:17:37
6778,288,1,13013,1.99,2005-07-11 12:32:37
6779,395,1,6064,3.99,2005-06-20 04:02:37
6780,138,2,6869,3.99,2005-09-12 13:43:37
6781,15,1,11360,4.99,2005-06-03 02:11:37
6782,377,2,11000,1.99,2005-09-12 17:53:37
6783,530,1,13409,1.99,2005-06-11 12:24:37
6784,578,1,15315,2.99,2005-07-15 14:26:37
6785,491,2,1750,5.99,2005-06-12 00:57:37
6786,509,1,10857,3.99,2005-07-19 19:31:37
6787,6,2,3512,2.99,2005-07-13 14:50:37
6788,222,2,3141,7.99,2005-06-04 18:33:37
6789,237,2,3566,6.99,2005-07-27 06:18:37
6790,121,2,10746,7.99,2005-08-18 09:32:37
6791,71,1,13890,6.99,2005-08-16 08:27:37
6792,204,2,15184,0.99,2005-09-16 01:56:37
6793,121,2,11832,0.99,2005-06-23 20:57:37
6794,210,1,10929,9.99,2005-08-04 17:18:37
6795,70,2,8398,7.99,2005-06-19 18:45:37
6796,260,1,1295,3.99,2005-07-18 13:33:37
6797,11,1,9965,5.99,2005-06-14 19:30:37
6798,398,2,11426,4.99,2005-07-30 01:16:37
6799,423,1,11840,0.99,2005-08-11 14:43:37
6800,112,1,5055,7.99,2005-06-28 16:16:37
6801,350,2,10578,7.99,2005-06-29 20:49:37
6802,107,1,6012,4.99,2005-09-07 06:57:37
6803,370,2,3966,6.99,2005-08-21 23:13:37
6804,88,1,4867,8.99,2005-09-19 07:19:37
6805,511,1,13528,8.99,2005-06-13 16:34:37
6806,166,1,10757,2.99,2005-06-16 22:01:37
6807,75,1,10850,7.99,2005-07-05 06:04:37
6808,367,1,905,5.99,2005-08-19 11:56:37
6809,189,1,15853,3.99,2005-08-01 23:49:37
6810,452,2,8575,7.99,2005-08-02 19:50:37
6811,455,2,6813,5.99,2005-05-30 15:31:37
6812,587,2,178,6.99,2005-06-01 17:44:37
6813,143,2,5365,4.99,2005-06-18 03:27:37
6814,418,2,14705,6.99,2005-09-15 15:52:37
6815,499,1,1415,7.99,2005-07-12 17:21:37
6816,295,2,49,6.99,2005-09-03 21:50:37
6817,437,2,11404,5.99,2005-06-22 14:00:37
6818,447,1,4126,3.99,2005-08-21 20:33:37
6819,536,2,14977,1.99,2005-05-26 02:38:37
6820,291,2,13761,6.99,2005-05-29 21:14:37
6821,93,1,12400,3.99,2005-06-22 03:28:37
6822,423,1,1736,6.99,2005-06-09 07:35:37
6823,565,2,6122,6.99,2005-09-05 07:05:37
6824,75,1,9028,8.99,2005-08-25 15:44:37
6825,33,2,13558,2.99,2005-08-18 06:05:37
6826,521,1,391,5.99,2005-08-24 13:41:37
6827,182,2,6594,8.99,2005-08-29 13:02:37
6828,56,1,15937,1.99,2005-08-05 14:31:37
6829,157,1,8393,4.99,2005-07-18 05:09:37
6830,212,1,7893,4.99,2005-06-04 22:34:37
6831,208,1,2623,0.99,2005-08-17 21:19:37
6832,147,1,15217,9.99,2005-06-10 04:27:37
6833,226,2,336,0.99,2005-08-08 01:06:37
6834,165,2,739,3.99,2005-07-09 00:26:37
6835,337,2,7465,7.99,2005-08-01 23:14:37
6836,72,2,1433,8.99,2005-08-22 16:31:37
6837,36,2,7836,3.99,2005-05-28 04:28:37
6838,247,1,5150,4.99,2005-09-15 22:34:37
6839,513,1,12565,3.99,2005-09-08 08:10:37
6840,140,1,4174,5.99,2005-06-21 16:45:37
6841,14,2,3232,8.99,2005-07-07 01:42:37
6842,556,2,16004,3.99,2005-09-05 10:39:37
6843,269,1,3911,6.99,2005-05-26 03:45:37
6844,427,1,9123,8.99,2005-07-04 20:19:37
6845,55,1,12088,7.99,2005-07-22 04:53:37
6846,324,1,9465,5.99,2005-09-09 08:25:37
6847,336,2,15805,0.99,2005-09-11 00:17:37
6848,203,1,15023,2.99,2005-07-30 10:48:37
6849,375,2,78,0.99,2005-06-24 21:20:37
6850,198,1,8818,3.99,2005-06-26 06:24:37
6851,15,2,558,1.99,2005-08-31 19:39:37
6852,312,2,13643,4.99,2005-08-30 12:15:37
6853,127,2,9143,9.99,2005-08-20 13:24:37
6854,292,2,9318,6.99,2005-07-20 13:43:37
6855,325,1,10348,6.99,2005-08-27 08:48:37
6856,218,2,1551,7.99,2005-08-13 14:36:37
6857,30,1,9123,4.99,2005-07-06 12:37:37
6858,256,2,7207,5.99,2005-08-16 11:02:37
6859,42,1,8129,3.99,2005-06-23 10:28:37
6860,89,1,12841,0.99,2005-06-14 22:20:37
6861,549,1,3190,0.99,2005-09-14 06:56:37
6862,258,1,2737,1.99,2005-05-26 13:36:37
6863,273,1,1709,0.99,2005-09-09 05:47:37
6864,269,2,6098,4.99,2005-06-22 15:24:37
6865,569,2,6710,1.99,2005-08-10 18:00:37
6866,304,1,7599,7.99,2005-06-16 14:08:37
6867,265,1,3690,2.99,2005-08-31 08:11:37
6868,6,2,15136,2.99,2005-08-14 00:58:37
6869,530,2,10245,6.99,2005-08-15 23:58:37
6870,147,2,15013,3.99,2005-09-05 02:26:37
6871,567,2,5320,6.99,2005-08-15 02:30:37
6872,153,1,3119,4.99,2005-06-25 17:26:37
6873,45,1,14417,9.99,2005-08-19 13:07:37
6874,259,2,1116,5.99,2005-08-01 14:41:37
6875,350,1,13804,9.99,2005-06-26 04:33:37
6876,37,2,9452,9.99,2005-09-10 23:07:37
6877,401,1,4222,4.99,2005-07-04 00:40:37
6878,167,1,6183,1.99,2005-07-31 19:00:37
6879,478,1,3083,1.99,2005-07-25 07:10:37
6880,513,1,7384,0.99,2005-07-21 08:30:37
6881,517,1,15977,8.99,2005-08-04 11:15:37
6882,235,2,1327,2.99,2005-08-07 11:48:37
6883,155,1,13379,7.99,2005-07-15 00:45:37
6884,210,1,14034,4.99,2005-08-13 11:18:37
6885,67,2,6725,8.99,2005-08-13 14:54:37
6886,436,1,5098,9.99,2005-07-05 05:54:37
6887,273,1,14035,8.99,2005-08-27 20:05:37
6888,515,2,4820,0.99,2005-07-04 06:00:37
6889,547,1,6618,9.99,2005-05-30 09:46:37
6890,3,2,6017,9.99,2005-09-08 09:01:37
6891,52,2,11588,0.99,2005-08-30 08:23:37
6892,173,2,8302,8.99,2005-08-04 16:45:37
6893,106,1,13058,3.99,2005-07-14 09:18:37
6894,161,2,840,2.99,2005-08-29 14:57:37
6895,268,1,15001,9.99,2005-07-21 13:16:37
6896,67,2,15432,5.99,2005-09-11 02:07:37
6897,73,2,814,4.99,2005-08-22 12:19:37
6898,327,2,9731,4.99,2005-09-22 05:19:37
6899,366,2,12672,9.99,2005-08-21 22:20:37
6900,300,2,15552,1.99,2005-06-11 22:33:37
6901,324,2,13117,5.99,2005-06-28 15:38:37
6902,7,1,13730,0.99,2005-06-06 03:24:37
6903,563,1,7050,4.99,2005-07-07 09:59:37
6904,544,1,8424,1.99,2005-06-16 06:07:37
6905,188,1,5114,5.99,2005-07-31 05:30:37
6906,425,2,15326,7.99,2005-07-28 04:06:37
6907,401,2,14999,6.99,2005-09-01 10:03:37
6908,153,2,10248,7.99,2005-07-28 01:07:37
6909,408,1,5581,1.99,2005-07-14 00:11:37
6910,552,2,7604,5.99,2005-09-07 08:43:37
6911,324,1,12453,8.99,2005-06-29 08:44:37
6912,143,2,8513,3.99,2005-09-03 12:33:37
6913,331,2,12836,0.99,2005-06-17 19:31:37
6914,298,2,9640,1.99,2005-06-12 09:14:37
6915,238,1,1420,9.99,2005-05-30 19:12:37
6916,28,2,15414,2.99,2005-08-13 20:56:37
6917,421,2,11976,5.99,2005-07-21 02:52:37
6918,514,2,8246,6.99,2005-07-27 15:32:37
6919,526,1,11425,1.99,2005-09-22 23:20:37
6920,78,1,6542,7.99,2005-08-21 20:00:37
6921,490,2,12784,5.99,2005-09-21 02:17:37
6922,474,2,8888,6.99,2005-06-25 21:02:37
6923,472,2,4503,5.99,2005-06-10 03:40:37
6924,412,1,1461,6.99,2005-09-12 02:04:37
6925,225,1,12276,7.99,2005-06-30 07:32:37
6926,500,2,2348,5.99,2005-08-07 16:35:37
6927,193,1,7475,7.99,2005-06-07 18:50:37
6928,520,1,4491,5.99,2005-08-14 19:37:37
6929,354,2,13679,0.99,2005-09-21 16:54:37
6930,309,2,15055,9.99,2005-07-27 00:27:37
6931,514,1,15613,5.99,2005-07-15 12:51:37
6932,55,2,15094,7.99,2005-06-30 17:00:37
6933,127,1,2294,6.99,2005-07-28 08:44:37
6934,7,1,7504,6.99,2005-05-29 04:18:37
6935,222,2,12239,5.99,2005-08-29 20:30:37
6936,595,1,1246,2.99,2005-06-25 06:00:37
6937,49,2,4637,6.99,2005-09-22 08:48:37
6938,182,2,5561,9.99,2005-08-05 05:20:37
6939,504,2,14295,3.99,2005-07-14 01:13:37
6940,59,1,3114,4.99,2005-09-03 22:43:37
6941,107,1,5983,2.99,2005-06-12 05:25:37
6942,229,1,15105,0.99,2005-08-25 23:33:37
6943,439,1,9694,2.99,2005-08-15 14:39:37
6944,481,1,13701,8.99,2005-06-19 06:28:37
6945,440,1,2997,1.99,2005-07-13 13:37:37
6946,438,2,11545,4.99,2005-09-19 08:57:37
6947,196,2,5754,6.99,2005-06-02 02:51:37
6948,457,2,4630,1.99,2005-07-04 12:52:37
6949,527,2,6857,9.99,2005-09-19 10:08:37
6950,51,2,14245,3.99,2005-07-15 09:30:37
6951,266,2,12294,7.99,2005-06-25 03:58:37
6952,143,1,3176,1.99,2005-06-09 02:28:37
6953,303,2,15863,0.99,2005-05-28 05:21:37
6954,273,1,8033,0.99,2005-09-19 06:44:37
6955,117,1,4681,6.99,2005-08-19 19:49:37
6956,423,2,7135,0.99,2005-07-10 09:08:37
6957,15,1,12858,8.99,2005-07-05 04:04:37
6958,514,2,4447,3.99,2005-06-17 15:29:37
6959,355,1,11477,2.99,2005-09-08 16:32:37
6960,15,2,7982,4.99,2005-06-25 03:17:37
6961,226,2,15947,6.99,2005-09-04 16:55:37
6962,38,2,2553,6.99,2005-06-11 02:50:37
6963,343,1,3985,5.99,2005-06-19 18:36:37
6964,154,2,12847,4.99,2005-08-15 02:29:37
6965,194,1,6950,0.99,2005-05-28 05:58:37
6966,213,1,12038,3.99,2005-09-16 01:01:37
6967,340,2,10369,7.99,2005-08-02 03:57:37
6968,535,1,14203,0.99,2005-07-03 03:37:37
6969,488,1,2504,1.99,2005-08-06 22:14:37
6970,237,2,8982,1.99,2005-09-10 07:42:37
6971,439,1,2834,2.99,2005-08-27 01:11:37
6972,104,1,11910,1.99,2005-09-11 00:55:37
6973,33,2,567,7.99,2005-06-05 20:02:37
6974,54,2,2740,3.99,2005-06-10 05:40:37
6975,498,1,10192,6.99,2005-09-04 16:39:37
6976,450,2,12342,5.99,2005-06-06 22:08:37
6977,24,1,1172,7.99,2005-09-09 18:50:37
6978,107,2,6612,7.99,2005-07-25 04:08:37
6979,542,1,15121,6.99,2005-08-28 23:50:37
6980,41,1,6739,0.99,2005-07-01 17:48:37
6981,503,1,2454,9.99,2005-09-15 08:33:37
6982,109,1,9846,2.99,2005-07-23 07:09:37
6983,337,1,14263,3.99,2005-08-01 00:20:37
6984,421,2,14403,3.99,2005-09-12 19:28:37
6985,184,2,10704,5.99,2005-05-29 11:50:37
6986,155,1,12933,5.99,2005-08-28 02:13:37
6987,544,1,6598,3.99,2005-08-17 04:00:37
6988,530,2,11219,7.99,2005-08-24 21:38:37
6989,264,1,10853,0.99,2005-08-05 13:22:37
6990,267,2,10626,4.99,2005-08-29 18:48:37
6991,578,1,12604,7.99,2005-09-14 14:17:37
6992,299,1,1,2.99,2005-08-06 22:55:37
6993,74,2,13271,2.99,2005-08-03 16:19:37
6994,3,1,8677,1.99,2005-07-26 07:57:37
6995,230,2,13894,8.99,2005-07-09 16:25:37
6996,269,2,15497,8.99,2005-07-04 20:26:37
6997,461,2,12884,9.99,2005-08-07 21:49:37
6998,587,2,2579,2.99,2005-06-07 23:27:37
6999,572,1,9736,4.99,2005-06-27 18:36:37
7000,442,1,5210,2.99,2005-06-26 00:10:37
7001,33,2,7389,2.99,2005-09-07 08:44:37
7002,272,2,2948,8.99,2005-07-12 14:54:37
7003,548,2,10945,2.99,2005-08-20 10:59:37
7004,401,1,6506,0.99,2005-05-27 06:31:37
7005,325,1,12229,3.99,2005-09-17 03:25:37
7006,584,2,15490,2.99,2005-08-07 05:00:37
7007,304,1,8401,8.99,2005-06-18 05:19:37
7008,257,2,15485,5.99,2005-07-29 15:53:37
7009,301,1,3050,8.99,2005-05-31 16:24:37
7010,156,1,8694,4.99,2005-07-23 23:26:37
7011,4,2,223,1.99,2005-06-23 10:39:37
7012,561,2,2911,8.99,2005-06-07 15:36:37
7013,501,2,12973,4.99,2005-07-20 23:58:37
7014,387,2,6459,5.99,2005-07-28 01:44:37
7015,1,2,6843,6.99,2005-06-23 08:55:37
7016,555,2,6948,3.99,2005-06-16 17:03:37
7017,104,1,461,9.99,2005-09-23 06:55:37
7018,375,2,717,0.99,2005-09-15 22:51:37
7019,564,2,8929,7.99,2005-07-14 09:26:37
7020,540,2,1959,8.99,2005-07-04 04:24:37
7021,507,1,1555,2.99,2005-07-03 08:58:37
7022,460,1,9899,5.99,2005-08-29 06:52:37
7023,149,1,10844,2.99,2005-07-14 13:29:37
7024,204,2,9552,7.99,2005-07-02 02:46:37
7025,153,2,900,6.99,2005-06-08 00:16:37
7026,215,2,11834,6.99,2005-08-02 08:40:37
7027,143,2,3005,6.99,2005-06-05 01:09:37
7028,224,1,9470,9.99,2005-08-09 10:00:37
7029,299,2,8115,0.99,2005-06-27 16:00:37
7030,280,2,13708,6.99,2005-07-02 02:23:37
7031,260,2,10688,8.99,2005-06-16 06:36:37
7032,562,1,2662,2.99,2005-06-03 02:22:37
7033,276,1,12232,4.99,2005-08-04 18:21:37
7034,268,1,9937,2.99,2005-08-17 03:16:37
7035,227,1,14901,7.99,2005-09-19 06:26:37
7036,305,2,911,4.99,2005-06-08 21:03:37
7037,56,1,12630,1.99,2005-08-03 02:30:37
7038,57,1,3261,7.99,2005-07-03 12:29:37
7039,424,1,9037,4.99,2005-06-11 19:03:37
7040,46,1,7040,1.99,2005-09-07 10:27:37
7041,325,2,499,4.99,2005-09-07 18:51:37
7042,535,2,1438,1.99,2005-05-29 05:47:37
7043,145,2,926,6.99,2005-08-22 10:18:37
7044,526,1,15460,9.99,2005-06-02 11:31:37
7045,62,1,1356,7.99,2005-08-16 13:03:37
7046,232,1,4021,4.99,2005-08-22 03:18:37
7047,129,1,6022,1.99,2005-08-01 18:20:37
7048,307,1,7719,1.99,2005-09-21 15:09:37
7049,128,1,8077,7.99,2005-06-29 20:17:37
7050,290,1,6324,3.99,2005-08-19 05:21:37
7051,332,2,2863,9.99,2005-07-03 11:09:37
7052,12,2,13645,5.99,2005-08-21 16:05:37
7053,580,2,9401,7.99,2005-09-12 08:40:37
7054,63,2,10536,4.99,2005-06-30 12:13:37
7055,281,2,12498,8.99,2005-07-30 11:27:37
7056,344,1,2203,6.99,2005-06-13 11:41:37
7057,288,2,4770,5.99,2005-06-12 16:00:37
7058,241,2,10248,8.99,2005-09-04 03:56:37
7059,36,2,8858,0.99,2005-09-19 10:03:37
7060,364,1,10292,1.99,2005-06-19 02:53:37
7061,181,1,423,7.99,2005-09-10 11:07:37
7062,57,1,14087,1.99,2005-09-02 16:34:37
7063,104,1,879,7.99,2005-07-01 00:00:37
7064,468,2,10559,2.99,2005-06-03 03:22:37
7065,349,2,6079,9.99,2005-08-01 13:36:37
7066,216,2,1060,9.99,2005-08-18 07:27:37
7067,98,2,13899,1.99,2005-08-19 22:56:37
7068,558,2,7744,9.99,2005-06-09 09:01:37
7069,518,1,8616,8.99,2005-07-06 06:00:37
7070,422,1,3256,2.99,2005-06-06 11:18:37
7071,317,2,11995,6.99,2005-08-16 01:07:37
7072,546,2,1098,3.99,2005-06-12 22:09:37
7073,42,2,684,4.99,2005-06-24 00:59:37
7074,147,2,2220,3.99,2005-06-02 21:57:37
7075,105,2,13987,6.99,2005-07-27 01:54:37
7076,359,2,4855,4.99,2005-07-04 09:27:37
7077,346,1,7430,1.99,2005-07-03 08:08:37
7078,362,1,13169,8.99,2005-07-10 18:47:37
7079,276,2,3923,6.99,2005-06-05 15:14:37
7080,77,1,11678,6.99,2005-08-31 16:58:37
7081,97,2,65,9.99,2005-08-16 01:10:37
7082,37,2,2766,7.99,2005-08-05 07:04:37
7083,302,1,12489,1.99,2005-06-30 13:38:37
7084,76,1,13190,2.99,2005-08-22 16:56:37
7085,163,2,8781,4.99,2005-08-07 14:56:37
7086,252,2,14972,7.99,2005-08-27 01:53:37
7087,560,1,13798,5.99,2005-07-04 15:07:37
7088,88,2,8076,5.99,2005-06-09 18:32:37
7089,409,1,10908,9.99,2005-07-03 17:17:37
7090,564,2,4144,9.99,2005-08-12 14:34:37
7091,141,2,6889,5.99,2005-07-25 04:41:37
7092,591,2,11686,4.99,2005-06-01 06:37:37
7093,471,1,15771,4.99,2005-09-02 21:14:37
7094,381,1,12298,4.99,2005-07-12 02:29:37
7095,268,2,8519,6.99,2005-05-30 01:24:37
7096,63,1,15794,6.99,2005-08-05 08:11:37
7097,132,2,8543,2.99,2005-07-13 02:39:37
7098,349,1,7814,8.99,2005-08-20 20:05:37
7099,355,2,1359,1.99,2005-06-09 16:02:37
7100,216,1,11727,0.99,2005-06-27 17:10:37
7101,581,2,13859,2.99,2005-08-01 12:54:37
7102,181,1,2706,9.99,2005-09-17 08:21:37
7103,196,1,13563,3.99,2005-06-17 19:00:37
7104,247,2,8294,4.99,2005-08-11 15:21:37
7105,452,2,4159,1.99,2005-07-18 23:06:37
7106,166,2,9502,1.99,2005-06-30 15:47:37
7107,257,2,1737,1.99,2005-07-08 03:32:37
7108,92,2,11348,0.99,2005-09-11 16:03:37
7109,60,1,12395,9.99,2005-09-10 01:02:37
7110,260,2,14143,5.99,2005-07-08 17:32:37
7111,253,1,2388,8.99,2005-06-09 17:28:37
7112,590,1,4570,2.99,2005-07-23 07:06:37
7113,549,2,576,5.99,2005-06-30 12:40:37
7114,166,2,3930,4.99,2005-08-10 05:29:37
7115,4,1,10897,9.99,2005-07-15 11:13:37
7116,379,2,2978,7.99,2005-09-17 00:36:37
7117,562,1,10079,4.99,2005-08-22 10:00:37
7118,215,2,15346,0.99,2005-06-19 07:38:37
7119,260,2,7684,4.99,2005-07-23 11:28:37
7120,109,2,4780,0.99,2005-09-04 07:47:37
7121,596,2,12341,3.99,2005-07-21 12:50:37
7122,199,2,264,8.99,2005-08-29 23:08:37
7123,229,2,14863,2.99,2005-06-08 01:41:37
7124,393,2,4441,4.99,2005-08-04 15:15:37
7125,529,1,5370,8.99,2005-06-03 16:51:37
7126,597,1,11359,7.99,2005-08-31 06:36:37
7127,172,1,9623,6.99,2005-07-25 19:18:37
7128,529,1,13638,7.99,2005-06-27 13:50:37
7129,87,1,14259,8.99,2005-09-14 00:56:37
7130,172,2,161,7.99,2005-06-23 17:53:37
7131,321,1,7859,3.99,2005-08-27 13:52:37
7132,147,2,12561,0.99,2005-09-01 10:29:37
7133,575,1,2569,7.99,2005-06-12 12:21:37
7134,417,2,13482,8.99,2005-06-22 02:30:37
7135,468,2,15540,2.99,2005-05-30 20:50:37
7136,92,1,6826,4.99,2005-09-22 11:23:37
7137,489,1,12875,1.99,2005-08-08 21:49:37
7138,119,2,14697,0.99,2005-06-26 00:20:37
7139,240,2,6719,5.99,2005-07-17 19:57:37
7140,53,2,13207,7.99,2005-07-30 03:18:37
7141,75,2,4859,1.99,2005-06-01 10:22:37
7142,428,1,12355,5.99,2005-06-19 04:05:37
7143,444,1,2613,7.99,2005-09-09 00:15:37
7144,426,1,15068,5.99,2005-08-06 22:13:37
7145,175,2,5581,0.99,2005-08-29 23:34:37
7146,70,2,15009,2.99,2005-08-04 11:11:37
7147,367,2,15403,2.99,2005-08-17 08:50:37
7148,457,2,15774,6.99,2005-06-11 12:54:37
7149,437,1,9969,4.99,2005-07-26 14:55:37
7150,36,1,8215,4.99,2005-06-13 00:07:37
7151,264,1,9270,2.99,2005-07-30 12:35:37
7152,215,2,4743,9.99,2005-07-31 21:01:37
7153,192,1,6843,6.99,2005-07-21 02:53:37
7154,150,1,12140,0.99,2005-08-30 18:03:37
7155,136,1,13533,5.99,2005-07-09 04:49:37
7156,260,1,5776,5.99,2005-09-20 18:52:37
7157,231,1,8643,9.99,2005-08-27 09:14:37
7158,35,1,11988,6.99,2005-09-05 16:41:37
7159,548,2,3762,7.99,2005-08-31 00:37:37
7160,319,1,5888,1.99,2005-08-12 16:23:37
7161,575,1,898,4.99,2005-07-05 12:21:37
7162,593,1,1674,0.99,2005-07-09 06:40:37
7163,218,1,13863,5.99,2005-07-22 15:01:37
7164,351,1,13834,1.99,2005-08-26 17:21:37
7165,524,1,12414,1.99,2005-08-16 07:35:37
7166,12,2,3072,5.99,2005-06-20 19:25:37
7167,362,1,11195,4.99,2005-08-22 10:40:37
7168,214,2,10755,1.99,2005-06-03 19:52:37
7169,564,1,4976,5.99,2005-08-27 11:36:37
7170,28,1,14846,6.99,2005-09-18 12:50:37
7171,243,2,132,2.99,2005-08-31 02:28:37
7172,597,1,11946,0.99,2005-06-28 04:01:37
7173,401,1,15105,6.99,2005-07-23 04:34:37
7174,299,2,14981,4.99,2005-07-02 07:03:37
7175,479,2,11983,7.99,2005-09-10 07:27:37
7176,498,2,14544,2.99,2005-08-26 21:26:37
7177,18,2,8628,5.99,2005-07-04 01:52:37
7178,137,2,1228,4.99,2005-07-05 18:24:37
7179,474,1,13221,4.99,2005-08-27 21:41:37
7180,235,2,4251,3.99,2005-09-06 01:20:37
7181,265,1,5503,7.99,2005-07-03 14:58:37
7182,190,1,15056,9.99,2005-06-19 16:04:37
7183,473,2,4798,5.99,2005-07-31 12:32:37
7184,352,1,12393,9.99,2005-09-20 05:08:37
7185,341,1,1922,4.99,2005-05-29 00:17:37
7186,569,2,12151,0.99,2005-06-10 21:58:37
7187,407,2,8158,5.99,2005-06-24 02:06:37
7188,197,2,13442,2.99,2005-07-28 07:21:37
7189,571,2,11700,3.99,2005-07-11 07:14:37
7190,74,2,8322,1.99,2005-08-11 06:20:37
7191,562,2,8479,4.99,2005-08-07 01:24:37
7192,118,1,6649,7.99,2005-06-09 11:44:37
7193,184,1,2700,5.99,2005-08-23 10:29:37
7194,98,1,10537,7.99,2005-08-07 05:03:37
7195,41,2,6244,6.99,2005-09-04 05:53:37
7196,255,1,13984,9.99,2005-06-23 10:15:37
7197,184,1,10197,2.99,2005-08-30 00:18:37
7198,322,1,10860,9.99,2005-09-06 08:16:37
7199,308,2,10885,9.99,2005-09-03 19:37:37
7200,165,1,1944,2.99,2005-06-27 08:22:37
7201,583,1,9405,5.99,2005-09-21 17:21:37
7202,428,1,7901,8.99,2005-06-21 05:01:37
7203,383,2,11261,9.99,2005-09-14 02:24:37
7204,263,1,14821,3.99,2005-08-05 02:31:37
7205,174,2,15521,5.99,2005-08-13 10:03:37
7206,33,1,6398,8.99,2005-08-06 10:18:37
7207,510,1,2981,6.99,2005-08-08 02:08:37
7208,188,1,4933,3.99,2005-06-23 11:02:37
7209,63,2,1655,3.99,2005-08-08 06:55:37
7210,304,2,4535,5.99,2005-08-31 11:05:37
7211,373,1,1846,3.99,2005-08-17 14:05:37
7212,5,2,12574,9.99,2005-05-28 21:28:37
7213,57,2,2864,4.99,2005-09-18 12:27:37
7214,257,1,7543,9.99,2005-06-05 20:50:37
7215,396,2,865,8.99,2005-08-09 13:11:37
7216,70,1,494,5.99,2005-09-07 09:35:37
7217,554,1,6762,5.99,2005-07-15 21:54:37
7218,519,1,2214,8.99,2005-09-16 02:41:37
7219,5,2,5321,6.99,2005-08-21 16:50:37
7220,501,2,2660,3.99,2005-07-06 18:28:37
7221,281,1,14285,1.99,2005-06-04 08:00:37
7222,585,1,6380,6.99,2005-09-15 10:17:37
7223,479,2,15501,6.99,2005-07-14 22:36:37
7224,328,2,14895,1.99,2005-08-19 05:35:37
7225,354,1,3148,0.99,2005-06-13 21:53:37
7226,573,1,11930,8.99,2005-08-28 03:31:37
7227,358,2,15063,8.99,2005-07-02 00:32:37
7228,488,1,11192,9.99,2005-08-29 08:25:37
7229,269,2,15606,3.99,2005-06-06 20:53:37
7230,476,1,9436,7.99,2005-07-24 21:20:37
7231,401,1,13456,6.99,2005-08-30 13:27:37
7232,459,2,5174,3.99,2005-06-18 13:16:37
7233,34,1,2331,3.99,2005-08-01 23:00:37
7234,172,2,7716,6.99,2005-06-28 03:18:37
7235,439,1,610,8.99,2005-06-12 15:38:37
7236,586,2,4820,9.99,2005-08-29 11:11:37
7237,583,2,15758,9.99,2005-07-08 02:14:37
7238,422,1,6286,9.99,2005-09-13 19:52:37
7239,271,1,15335,5.99,2005-07-16 14:31:37
7240,383,1,9342,0.99,2005-09-07 02:34:37
7241,384,2,6372,7.99,2005-07-26 06:48:37
7242,73,1,12403,9.99,2005-05-29 12:31:37
7243,544,2,14031,2.99,2005-09-06 06:01:37
7244,301,1,7130,3.99,2005-09-02 02:50:37
7245,220,1,13750,5.99,2005-09-21 02:33:37
7246,359,2,2692,4.99,2005-07-25 12:49:37
7247,515,1,9936,3.99,2005-06-03 12:13:37
7248,383,2,13087,0.99,2005-09-07 00:38:37
7249,300,2,6561,6.99,2005-06-15 11:15:37
7250,60,2,6644,0.99,2005-07-14 10:48:37
7251,391,2,13148,3.99,2005-08-16 16:08:37
7252,97,2,15434,7.99,2005-08-12 02:13:37
7253,415,1,8004,1.99,2005-06-07 09:35:37
7254,26,2,11628,3.99,2005-06-05 01:15:37
7255,160,1,5541,6.99,2005-05-29 22:29:37
7256,1,2,10482,1.99,2005-07-07 22:50:37
7257,77,1,15208,5.99,2005-07-09 11:54:37
7258,524,2,15070,3.99,2005-05-30 17:06:37
7259,568,1,176,6.99,2005-08-08 09:23:37
7260,372,2,1064,6.99,2005-06-17 05:11:37
7261,27,2,15097,7.99,2005-07-16 06:24:37
7262,187,2,13034,7.99,2005-07-30 19:53:37
7263,174,1,5924,9.99,2005-06-19 20:33:37
7264,541,2,9130,7.99,2005-08-07 22:00:37
7265,498,2,14650,1.99,2005-06-29 05:19:37
7266,42,2,8969,6.99,2005-07-19 04:08:37
7267,191,1,14292,0.99,2005-07-27 23:49:37
7268,127,2,9908,9.99,2005-07-09 02:38:37
7269,122,1,67,8.99,2005-07-02 20:58:37
7270,537,2,8318,2.99,2005-08-11 00:43:37
7271,245,2,6102,7.99,2005-08-15 22:05:37
7272,266,2,10761,0.99,2005-09-15 16:07:37
7273,111,1,3558,9.99,2005-06-04 04:21:37
7274,376,2,12853,1.99,2005-06-28 14:55:37
7275,180,1,12975,8.99,2005-09-15 14:18:37
7276,532,1,3479,6.99,2005-06-21 01:15:37
7277,416,1,11654,3.99,2005-06-22 08:12:37
7278,362,1,5433,5.99,2005-09-08 20:16:37
7279,153,2,9948,3.99,2005-06-25 14:38:37
7280,184,2,3152,9.99,2005-06-03 06:47:37
7281,35,1,3856,8.99,2005-06-09 14:25:37
7282,133,1,12184,0.99,2005-06-30 05:11:37
7283,46,1,5288,0.99,2005-08-24 12:07:37
7284,395,2,4658,9.99,2005-07-13 01:53:37
7285,283,2,6070,1.99,2005-05-30 21:02:37
7286,175,1,11298,7.99,2005-06-24 07:32:37
7287,303,2,5321,9.99,2005-07-18 21:43:37
7288,235,2,14975,3.99,2005-08-30 02:54:37
7289,245,2,14416,7.99,2005-07-24 01:14:37
7290,327,1,14451,2.99,2005-06-30 15:17:37
7291,223,2,5060,5.99,2005-06-15 01:39:37
7292,441,2,15840,9.99,2005-06-14 14:34:37
7293,398,1,13590,2.99,2005-08-23 15:23:37
7294,89,2,355,7.99,2005-06-30 18:27:37
7295,288,1,11610,1.99,2005-06-30 21:31:37
7296,145,2,12902,6.99,2005-06-02 17:10:37
7297,594,2,12492,3.99,2005-07-11 04:22:37
7298,561,1,16007,5.99,2005-05-26 08:43:37
7299,492,1,12103,8.99,2005-07-01 15:45:37
7300,317,1,12803,8.99,2005-08-19 12:55:37
7301,496,1,10045,6.99,2005-09-10 16:39:37
7302,536,1,6867,9.99,2005-08-07 13:02:37
7303,226,2,9625,2.99,2005-07-31 06:55:37
7304,195,1,12120,7.99,2005-05-31 20:57:37
7305,388,2,7373,6.99,2005-08-06 22:36:37
7306,7,1,14002,1.99,2005-08-16 13:25:37
7307,30,1,15252,6.99,2005-06-09 04:39:37
7308,323,1,9196,1.99,2005-06-25 12:00:37
7309,595,2,14813,8.99,2005-08-30 03:44:37
7310,158,2,3881,0.99,2005-08-07 21:51:37
7311,213,2,3001,8.99,2005-08-21 22:46:37
7312,434,2,895,9.99,2005-08-17 18:36:37
7313,469,2,8183,3.99,2005-07-20 01:31:37
7314,301,2,4196,8.99,2005-07-10 04:17:37
7315,215,2,11178,4.99,2005-06-28 05:41:37
7316,283,1,4946,5.99,2005-07-24 16:46:37
7317,40,2,14576,0.99,2005-07-09 14:58:37
7318,50,2,10507,1.99,2005-09-02 20:21:37
7319,466,2,15477,3.99,2005-08-31 22:51:37
7320,58,1,7032,4.99,2005-07-29 09:48:37
7321,300,1,13073,9.99,2005-07-10 04:56:37
7322,50,1,12816,9.99,2005-07-29 18:46:37
7323,586,1,5475,4.99,2005-07-16 19:11:37
7324,276,1,2846,6.99,2005-08-23 09:28:37
7325,305,1,10755,8.99,2005-06-19 16:04:37
7326,318,2,3223,4.99,2005-08-05 22:11:37
7327,343,1,5806,2.99,2005-06-15 13:37:37
7328,191,1,15598,0.99,2005-08-06 01:32:37
7329,515,2,4342,6.99,2005-09-04 23:04:37
7330,529,1,2307,3.99,2005-06-11 03:56:37
7331,121,1,54,8.99,2005-09-13 11:23:37
7332,107,2,6566,5.99,2005-09-01 07:41:37
7333,224,2,12134,6.99,2005-07-31 01:10:37
7334,122,2,12959,7.99,2005-09-17 14:11:37
7335,23,1,15180,0.99,2005-07-12 03:36:37
7336,574,2,4157,6.99,2005-08-08 15:10:37
7337,493,2,1328,0.99,2005-08-07 21:00:37
7338,258,1,11489,5.99,2005-06-13 06:29:37
7339,126,1,1265,9.99,2005-09-07 15:38:37
7340,358,1,8239,4.99,2005-06-15 12:54:37
7341,437,1,14921,9.99,2005-07-12 10:52:37
7342,42,2,11651,3.99,2005-08-22 16:06:37
7343,498,1,7329,2.99,2005-09-10 14:14:37
7344,464,1,11640,7.99,2005-09-17 23:43:37
7345,239,2,9813,4.99,2005-07-01 14:12:37
7346,534,2,10554,7.99,2005-08-28 01:38:37
7347,282,1,9965,1.99,2005-05-28 00:16:37
7348,140,1,2799,2.99,2005-09-19 04:27:37
7349,190,1,2957,4.99,2005-07-18 15:10:37
7350,94,1,14461,4.99,2005-06-05 09:26:37
7351,266,2,7743,1.99,2005-07-25 01:48:37
7352,496,1,9767,9.99,2005-05-25 21:39:37
7353,308,1,2502,3.99,2005-07-16 05:04:37
7354,349,1,5195,3.99,2005-07-19 22:48:37
7355,143,2,11304,9.99,2005-08-09 07:17:37
7356,155,2,2672,4.99,2005-06-02 02:59:37
7357,60,2,8070,4.99,2005-08-18 00:08:37
7358,406,2,1342,6.99,2005-06-13 20:21:37
7359,195,1,12558,0.99,2005-06-11 11:05:37
7360,231,2,54,3.99,2005-08-09 20:45:37
7361,447,2,14243,3.99,2005-06-05 13:58:37
7362,538,2,14221,7.99,2005-09-19 04:03:37
7363,584,2,4283,4.99,2005-07-20 10:25:37
7364,320,1,6807,9.99,2005-08-14 09:12:37
7365,403,1,1057,0.99,2005-06-09 21:25:37
7366,453,1,4915,0.99,2005-06-28 20:55:37
7367,203,2,4387,1.99,2005-07-02 11:54:37
7368,170,2,14654,1.99,2005-07-18 18:42:37
7369,363,1,6863,4.99,2005-06-17 05:43:37
7370,193,2,11145,8.99,2005-06-29 02:43:37
7371,255,2,6350,1.99,2005-07-30 23:41:37
7372,293,1,12213,3.99,2005-09-07 18:53:37
7373,458,1,14407,6.99,2005-06-02 04:39:37
7374,439,2,10360,0.99,2005-08-07 15:31:37
7375,46,2,5340,0.99,2005-07-12 16:21:37
7376,465,2,15925,9.99,2005-08-31 11:37:37
7377,188,2,1176,3.99,2005-07-20 08:03:37
7378,401,2,2515,2.99,2005-09-11 13:11:37
7379,50,2,1287,9.99,2005-06-30 15:54:37
7380,343,1,5132,4.99,2005-06-08 00:29:37
7381,381,2,12448,2.99,2005-08-18 11:55:37
7382,128,2,12573,1.99,2005-07-07 22:54:37
7383,469,1,13054,4.99,2005-06-08 15:11:37
7384,460,2,15607,5.99,2005-09-04 04:14:37
7385,143,2,13535,3.99,2005-07-02 00:31:37
7386,534,1,15556,2.99,2005-05-29 18:22:37
7387,107,1,12468,9.99,2005-08-20 12:17:37
7388,152,2,15708,9.99,2005-07-08 19:22:37
7389,595,2,11790,8.99,2005-07-04 04:28:37
7390,491,2,12933,0.99,2005-09-09 20:23:37
7391,477,2,4578,0.99,2005-09-11 07:05:37
7392,369,1,9174,1.99,2005-08-18 10:29:37
7393,149,2,5754,9.99,2005-06-27 15:23:37
7394,347,1,5489,7.99,2005-08-05 08:51:37
7395,214,2,14251,8.99,2005-08-10 08:57:37
7396,397,2,14454,4.99,2005-07-20 17:52:37
7397,364,1,11957,6.99,2005-08-22 11:04:37
7398,46,1,1750,6.99,2005-06-20 10:43:37
7399,365,2,6079,2.99,2005-09-14 16:45:37
7400,135,2,4599,0.99,2005-06-01 00:05:37
7401,103,1,7588,8.99,2005-09-10 00:28:37
7402,43,2,1372,8.99,2005-09-12 05:46:37
7403,314,2,3559,4.99,2005-09-11 16:33:37
7404,450,2,2764,5.99,2005-05-30 13:52:37
7405,288,1,8847,6.99,2005-07-20 11:24:37
7406,593,2,12879,3.99,2005-07-20 17:02:37
7407,208,1,6978,0.99,2005-07-18 11:12:37
7408,542,1,10462,1.99,2005-06-28 23:55:37
7409,561,1,4268,8.99,2005-07-13 02:05:37
7410,83,2,2988,4.99,2005-08-29 21:02:37
7411,86,1,1600,4.99,2005-09-22 23:54:37
7412,137,2,8376,6.99,2005-06-11 04:04:37
7413,236,2,8577,1.99,2005-07-18 22:33:37
7414,201,2,7692,0.99,2005-08-13 09:42:37
7415,455,1,9156,6.99,2005-08-05 16:15:37
7416,387,2,11345,2.99,2005-05-27 12:12:37
7417,338,2,3839,2.99,2005-09-11 12:14:37
7418,381,2,4478,3.99,2005-09-09 23:18:37
7419,529,2,5929,3.99,2005-08-01 15:58:37
7420,293,2,15373,5.99,2005-07-27 07:14:37
7421,208,2,14021,4.99,2005-07-20 20:16:37
7422,475,1,12870,7.99,2005-09-14 22:37:37
7423,358,1,4787,7.99,2005-08-17 10:15:37
7424,559,1,15440,4.99,2005-09-01 16:34:37
7425,475,1,11681,3.99,2005-06-19 10:47:37
7426,494,1,14577,4.99,2005-06-10 11:35:37
7427,228,2,9319,6.99,2005-08-21 20:23:37
7428,396,2,13264,8.99,2005-09-07 10:54:37
7429,294,2,15883,6.99,2005-06-08 03:30:37
7430,575,1,5792,7.99,2005-07-21 08:16:37
7431,531,1,4584,5.99,2005-09-14 04:03:37
7432,462,1,12921,0.99,2005-09-10 15:37:37
7433,373,2,9077,3.99,2005-05-27 07:50:37
7434,296,2,12472,0.99,2005-07-04 13:55:37
7435,296,1,14727,2.99,2005-07-25 14:16:37
7436,162,2,4350,9.99,2005-07-02 08:13:37
7437,318,1,8959,2.99,2005-07-27 07:50:37
7438,104,2,6093,4.99,2005-09-18 21:53:37
7439,283,2,8532,5.99,2005-08-03 14:46:37
7440,97,2,13228,3.99,2005-06-01 19:51:37
7441,216,1,6472,7.99,2005-05-27 02:27:37
7442,440,1,12954,8.99,2005-06-20 13:49:37
7443,255,2,12965,5.99,2005-08-15 21:17:37
7444,20,2,5776,7.99,2005-08-21 21:52:37
7445,179,2,13332,4.99,2005-07-26 11:18:37
7446,300,2,12129,9.99,2005-09-01 22:14:37
7447,174,2,12160,3.99,2005-05-31 10:14:37
7448,210,1,13492,3.99,2005-09-21 00:49:37
7449,333,1,15610,2.99,2005-06-15 01:56:37
7450,291,2,5979,7.99,2005-06-06 00:25:37
7451,337,1,9478,8.99,2005-09-17 13:14:37
7452,9,2,5867,6.99,2005-07-23 03:26:37
7453,430,2,1063,5.99,2005-07-16 23:26:37
7454,559,2,10836,6.99,2005-09-02 19:18:37
7455,449,1,10389,9.99,2005-07-19 07:17:37
7456,578,1,8476,0.99,2005-07-24 02:02:37
7457,265,2,9520,6.99,2005-09-18 23:16:37
7458,591,1,2953,6.99,2005-05-28 11:07:37
7459,162,2,3266,1.99,2005-08-26 09:46:37
7460,130,2,11793,0.99,2005-08-31 15:15:37
7461,444,2,8090,9.99,2005-09-10 20:59:37
7462,106,1,15518,8.99,2005-08-31 12:15:37
7463,48,1,4586,4.99,2005-09-03 15:11:37
7464,201,1,14553,7.99,2005-08-11 17:43:37
7465,533,2,10376,1.99,2005-07-03 11:44:37
7466,461,2,11583,1.99,2005-08-02 14:35:37
7467,500,1,4007,9.99,2005-09-11 23:38:37
7468,153,1,9855,9.99,2005-05-25 12:54:37
7469,128,2,3395,2.99,2005-06-09 17:47:37
7470,134,1,11595,4.99,2005-05-27 23:48:37
7471,470,2,4825,2.99,2005-05-28 02:00:37
7472,53,2,12540,7.99,2005-08-25 14:08:37
7473,246,1,2624,3.99,2005-09-18 08:03:37
7474,50,2,13939,4.99,2005-09-08 07:06:37
7475,549,2,7465,8.99,2005-09-22 06:58:37
7476,531,1,11574,9.99,2005-07-20 08:37:37
7477,563,1,8216,3.99,2005-06-16 03:18:37
7478,173,2,2527,0.99,2005-08-15 06:12:37
7479,33,1,13160,1.99,2005-08-30 08:40:37
7480,79,1,13835,7.99,2005-06-25 15:01:37
7481,431,1,5547,5.99,2005-09-15 21:38:37
7482,49,1,1240,6.99,2005-06-13 07:07:37
7483,580,1,13074,3.99,2005-06-03 06:19:37
7484,529,2,13299,6.99,2005-05-27 10:18:37
7485,69,2,9422,9.99,2005-07-23 18:04:37
7486,71,2,9068,7.99,2005-07-04 01:28:37
7487,46,2,7421,6.99,2005-06-06 00:39:37
7488,6,1,7368,1.99,2005-07-12 04:20:37
7489,325,2,13471,9.99,2005-07-21 19:28:37
7490,424,1,12316,6.99,2005-07-25 13:21:37
7491,298,1,9349,7.99,2005-06-20 08:18:37
7492,95,1,321,9.99,2005-07-14 02:36:37
7493,361,1,11781,0.99,2005-08-06 05:04:37
7494,177,2,12978,8.99,2005-06-21 11:52:37
7495,152,2,15649,5.99,2005-07-22 19:00:37
7496,478,2,7065,1.99,2005-09-02 11:52:37
7497,91,2,171,0.99,2005-08-16 07:36:37
7498,217,1,9142,9.99,2005-07-03 17:42:37
7499,314,2,14444,9.99,2005-09-05 22:24:37
7500,403,1,5200,9.99,2005-07-05 02:18:37
7501,151,1,14669,7.99,2005-08-17 15:38:37
7502,543,2,12441,5.99,2005-06-11 18:23:37
7503,397,1,10985,1.99,2005-05-29 18:46:37
7504,62,2,3124,9.99,2005-08-04 22:58:37
7505,465,2,2419,3.99,2005-06-26 18:36:37
7506,443,2,2293,6.99,2005-06-03 13:07:37
7507,585,1,7177,7.99,2005-06-15 11:30:37
7508,383,2,12207,2.99,2005-06-27 23:38:37
7509,452,2,12539,1.99,2005-08-20 02:37:37
7510,67,2,3038,8.99,2005-09-19 06:25:37
7511,450,2,8559,9.99,2005-06-25 02:37:37
7512,249,2,4425,4.99,2005-07-20 22:38:37
7513,29,1,819,9.99,2005-08-27 11:29:37
7514,561,1,8324,3.99,2005-07-11 23:21:37
7515,300,1,13330,2.99,2005-06-22 14:23:37
7516,59,1,5515,0.99,2005-09-07 11:50:37
7517,583,2,11052,2.99,2005-06-18 10:33:37
7518,141,1,14242,1.99,2005-09-02 10:18:37
7519,109,1,9462,8.99,2005-06-14 18:24:37
7520,294,1,3332,2.99,2005-07-10 17:26:37
7521,98,2,15437,8.99,2005-09-16 03:27:37
7522,513,2,1809,1.99,2005-07-24 06:45:37
7523,72,2,267,4.99,2005-06-12 13:25:37
7524,128,2,2605,7.99,2005-08-24 21:58:37
7525,37,1,384,8.99,2005-08-23 13:34:37
7526,259,2,4827,8.99,2005-06-30 07:49:37
7527,111,1,10735,6.99,2005-07-21 02:52:37
7528,301,1,13052,2.99,2005-06-14 12:26:37
7529,571,2,2988,1.99,2005-06-21 23:17:37
7530,209,1,6087,7.99,2005-08-15 16:11:37
7531,11,2,8620,8.99,2005-06-22 01:31:37
7532,166,1,501,2.99,2005-08-26 14:03:37
7533,174,1,9392,5.99,2005-06-03 13:58:37
7534,76,1,11169,0.99,2005-07-09 00:20:37
7535,233,1,14956,7.99,2005-07-20 03:59:37
7536,285,1,5912,9.99,2005-07-18 10:10:37
7537,184,1,14244,4.99,2005-07-08 16:33:37
7538,527,2,2698,6.99,2005-06-02 17:23:37
7539,361,2,12753,8.99,2005-06-01 16:23:37
7540,122,1,8261,3.99,2005-07-16 13:18:37
7541,560,1,10075,6.99,2005-06-19 07:19:37
7542,575,2,9910,0.99,2005-06-30 06:00:37
7543,297,2,2850,3.99,2005-07-21 02:22:37
7544,261,2,1500,3.99,2005-08-22 05:36:37
7545,34,1,2096,9.99,2005-06-13 17:26:37
7546,346,2,15391,8.99,2005-07-13 13:08:37
7547,20,1,13679,7.99,2005-07-14 21:12:37
7548,201,1,14980,9.99,2005-07-23 09:59:37
7549,386,2,4256,4.99,2005-05-27 05:24:37
7550,261,1,1061,1.99,2005-07-29 01:25:37
7551,135,1,8241,0.99,2005-07-26 16:54:37
7552,238,1,9763,3.99,2005-07-13 21:13:37
7553,22,1,15634,6.99,2005-06-30 22:26:37
7554,4,2,6429,3.99,2005-07-08 05:05:37
7555,414,2,10213,8.99,2005-09-01 05:36:37
7556,72,1,14438,9.99,2005-08-18 13:44:37
7557,176,2,2493,6.99,2005-07-02 15:53:37
7558,174,1,7268,2.99,2005-06-09 10:43:37
7559,315,1,10701,1.99,2005-07-24 07:12:37
7560,273,2,6961,5.99,2005-08-07 02:24:37
7561,466,1,11503,5.99,2005-07-07 04:12:37
7562,23,1,12649,0.99,2005-07-31 15:54:37
7563,417,1,10437,6.99,2005-08-31 09:05:37
7564,184,1,12825,2.99,2005-06-30 00:20:37
7565,411,2,188,7.99,2005-08-02 23:00:37
7566,11,2,10204,7.99,2005-06-30 23:59:37
7567,520,2,2044,9.99,2005-08-06 19:15:37
7568,473,2,14457,8.99,2005-08-19 18:58:37
7569,505,2,6122,0.99,2005-06-12 07:51:37
7570,314,2,5147,9.99,2005-08-20 09:10:37
7571,269,1,14793,5.99,2005-07-10 13:56:37
7572,213,2,4387,6.99,2005-06-22 13:23:37
7573,562,1,14652,8.99,2005-06-13 12:40:37
7574,491,1,11459,1.99,2005-08-09 14:50:37
7575,61,2,15362,8.99,2005-07-14 12:50:37
7576,461,2,4737,3.99,2005-06-19 11:59:37
7577,148,1,5996,9.99,2005-08-28 22:05:37
7578,399,1,2031,5.99,2005-09-05 00:07:37
7579,456,1,5696,7.99,2005-09-19 13:45:37
7580,519,1,12673,8.99,2005-09-23 00:40:37
7581,79,2,8436,9.99,2005-05-27 04:04:37
7582,88,1,3841,8.99,2005-08-16 05:56:37
7583,239,2,5470,5.99,2005-08-04 04:30:37
7584,462,2,9247,2.99,2005-09-15 16:52:37
7585,475,2,1553,7.99,2005-09-10 21:02:37
7586,473,2,9720,8.99,2005-08-31 13:06:37
7587,520,1,14660,2.99,2005-07-05 06:57:37
7588,291,1,3855,4.99,2005-09-04 14:51:37
7589,407,2,11323,0.99,2005-07-18 15:51:37
7590,454,1,717,7.99,2005-07-06 09:06:37
7591,138,2,11933,7.99,2005-08-12 21:24:37
7592,494,2,15192,5.99,2005-07-15 08:48:37
7593,81,2,6054,0.99,2005-06-24 15:36:37
7594,391,2,12091,3.99,2005-09-06 17:36:37
7595,583,2,8283,9.99,2005-09-13 07:45:37
7596,428,1,10462,1.99,2005-08-25 22:21:37
7597,172,2,7704,0.99,2005-06-27 13:07:37
7598,172,2,11575,0.99,2005-08-20 23:04:37
7599,501,2,6515,7.99,2005-06-11 07:21:37
7600,476,1,9663,5.99,2005-05-31 12:55:37
7601,216,2,13942,4.99,2005-08-19 17:51:37
7602,85,1,5194,5.99,2005-06-19 23:11:37
7603,121,2,14587,1.99,2005-07-08 04:22:37
7604,304,1,6339,6.99,2005-08-13 11:59:37
7605,197,2,8572,2.99,2005-09-22 16:25:37
7606,565,2,9562,0.99,2005-06-22 17:11:37
7607,430,1,3351,9.99,2005-06-30 15:05:37
7608,381,2,5029,6.99,2005-07-10 01:21:37
7609,288,1,13796,0.99,2005-06-26 08:18:37
7610,237,2,5798,2.99,2005-06-29 05:45:37
7611,565,1,2874,1.99,2005-07-19 16:17:37
7612,99,1,11362,3.99,2005-09-04 09:11:37
7613,111,1,8428,6.99,2005-08-12 12:57:37
7614,227,2,15318,9.99,2005-07-06 08:49:37
7615,176,2,11288,0.99,2005-07-12 19:11:37
7616,228,1,9261,9.99,2005-07-07 12:48:37
7617,173,1,11175,4.99,2005-09-19 13:42:37
7618,341,2,9639,6.99,2005-08-17 07:03:37
7619,346,1,2207,1.99,2005-06-30 23:22:37
7620,203,1,5477,4.99,2005-08-02 11:18:37
7621,52,2,11278,3.99,2005-05-26 14:35:37
7622,351,1,9042,3.99,2005-08-25 14:13:37
7623,7,1,6220,7.99,2005-07-28 15:18:37
7624,546,1,12785,0.99,2005-08-05 22:26:37
7625,89,1,15799,4.99,2005-06-08 20:58:37
7626,532,2,5258,6.99,2005-08-11 23:29:37
7627,579,2,11946,5.99,2005-07-07 14:49:37
7628,541,2,11548,0.99,2005-09-07 11:40:37
7629,305,2,3989,4.99,2005-08-18 14:56:37
7630,541,2,15607,6.99,2005-08-18 16:37:37
7631,123,1,556,8.99,2005-08-13 07:26:37
7632,519,1,8169,2.99,2005-07-01 01:44:37
7633,241,1,5899,2.99,2005-07-12 18:52:37
7634,595,1,4278,9.99,2005-07-05 00:33:37
7635,597,2,14520,6.99,2005-09-11 16:11:37
7636,536,2,2355,2.99,2005-06-17 17:08:37
7637,512,2,2826,4.99,2005-07-26 16:00:37
7638,189,2,6203,3.99,2005-09-16 04:42:37
7639,588,2,15081,3.99,2005-06-25 09:22:37
7640,168,2,9368,3.99,2005-07-15 01:00:37
7641,348,1,634,2.99,2005-06-03 04:38:37
7642,204,1,8691,8.99,2005-07-08 01:10:37
7643,100,2,5656,9.99,2005-07-19 23:24:37
7644,550,1,14238,9.99,2005-07-07 06:04:37
7645,82,2,186,1.99,2005-08-11 11:14:37
7646,231,1,1426,8.99,2005-05-25 13:08:37
7647,406,1,8253,8.99,2005-07-02 15:36:37
7648,52,1,6826,9.99,2005-06-02 02:09:37
7649,9,1,4411,7.99,2005-09-19 00:42:37
7650,299,2,11366,7.99,2005-08-02 10:16:37
7651,103,1,1663,4.99,2005-07-13 17:44:37
7652,485,1,739,0.99,2005-08-03 22:32:37
7653,217,2,2329,5.99,2005-07-12 12:52:37
7654,117,2,2313,0.99,2005-07-25 21:40:37
7655,521,2,2744,7.99,2005-06-23 19:24:37
7656,580,1,8094,6.99,2005-07-03 21:42:37
7657,467,1,11023,3.99,2005-06-06 14:38:37
7658,566,2,2265,1.99,2005-09-07 21:28:37
7659,270,2,6583,8.99,2005-09-03 13:26:37
7660,340,2,4524,3.99,2005-06-09 14:53:37
7661,159,2,14814,0.99,2005-08-11 14:54:37
7662,351,1,10614,4.99,2005-06-28 13:25:37
7663,146,1,9336,3.99,2005-09-14 10:01:37
7664,218,1,12144,4.99,2005-07-07 17:42:37
7665,212,1,644,9.99,2005-05-28 05:10:37
7666,553,1,1512,2.99,2005-06-24 01:21:37
7667,301,2,7921,5.99,2005-05-27 11:49:37
7668,507,2,15646,2.99,2005-06-18 09:24:37
7669,328,1,9414,2.99,2005-09-10 15:43:37
7670,32,2,6872,2.99,2005-06-30 16:49:37
7671,487,1,2215,6.99,2005-07-10 03:21:37
7672,207,1,15006,3.99,2005-06-25 09:00:37
7673,423,1,12308,8.99,2005-09-08 05:52:37
7674,31,2,15128,3.99,2005-07-08 02:57:37
7675,77,1,4674,7.99,2005-08-26 11:31:37
7676,128,2,8643,8.99,2005-06-20 12:42:37
7677,542,2,15088,6.99,2005-07-03 04:50:37
7678,334,2,7035,4.99,2005-07-21 10:15:37
7679,588,1,5172,0.99,2005-05-27 20:43:37
7680,119,2,10018,4.99,2005-09-08 22:59:37
7681,137,1,80,6.99,2005-08-22 15:38:37
7682,513,1,11208,0.99,2005-09-12 14:04:37
7683,243,2,4674,3.99,2005-06-01 17:43:37
7684,385,1,12778,2.99,2005-08-10 11:12:37
7685,5,1,2769,4.99,2005-06-24 07:49:37
7686,260,1,12546,7.99,2005-08-27 01:37:37
7687,116,2,15762,1.99,2005-07-02 03:17:37
7688,474,1,2769,8.99,2005-06-18 18:05:37
7689,8,1,7145,1.99,2005-06-17 22:20:37
7690,412,2,9730,6.99,2005-06-24 17:28:37
7691,252,2,9208,2.99,2005-08-12 13:56:37
7692,355,2,1480,3.99,2005-07-05 08:42:37
7693,589,2,9789,0.99,2005-08-05 04:55:37
7694,135,1,10070,5.99,2005-06-14 18:00:37
7695,59,1,7160,0.99,2005-07-14 06:52:37
7696,494,2,8538,5.99,2005-06-12 14:55:37
7697,237,1,12474,8.99,2005-07-29 03:12:37
7698,316,2,9934,6.99,2005-07-25 00:41:37
7699,104,2,11452,4.99,2005-09-03 09:59:37
7700,263,2,4303,9.99,2005-06-05 07:39:37
7701,241,1,8039,4.99,2005-08-06 12:19:37
7702,590,2,11568,6.99,2005-08-11 07:04:37
7703,228,2,6473,9.99,2005-06-26 16:09:37
7704,391,2,851,3.99,2005-06-18 10:27:37
7705,424,2,14855,4.99,2005-08-29 00:37:37
7706,551,1,3409,8.99,2005-07-30 19:41:37
7707,58,2,13657,1.99,2005-06-12 09:33:37
7708,491,2,391,8.99,2005-08-14 00:14:37
7709,156,1,1952,4.99,2005-06-04 07:46:37
7710,205,2,3181,8.99,2005-06-25 21:57:37
7711,425,1,216,7.99,2005-08-31 23:03:37
7712,495,1,2119,0.99,2005-05-26 09:23:37
7713,387,2,9972,1.99,2005-05-29 21:09:37
7714,402,1,7687,4.99,2005-07-24 09:15:37
7715,119,2,5320,8.99,2005-07-22 01:36:37
7716,404,1,1581,8.99,2005-05-30 15:56:37
7717,148,2,5803,0.99,2005-09-20 21:11:37
7718,536,2,11820,2.99,2005-06-03 06:32:37
7719,60,2,3965,3.99,2005-07-31 07:07:37
7720,329,2,2706,5.99,2005-07-01 06:28:37
7721,534,2,4267,9.99,2005-06-16 16:55:37
7722,61,1,6399,5.99,2005-07-27 12:48:37
7723,46,2,10614,4.99,2005-08-29 13:04:37
7724,286,2,8520,4.99,2005-07-12 07:11:37
7725,114,1,8817,6.99,2005-08-07 04:30:37
7726,33,1,3724,8.99,2005-08-03 02:29:37
7727,250,2,12966,0.99,2005-08-22 18:58:37
7728,124,2,1934,5.99,2005-08-18 20:54:37
7729,403,2,7890,7.99,2005-07-15 05:24:37
7730,554,2,13489,9.99,2005-07-04 18:31:37
7731,75,1,8291,2.99,2005-07-20 00:33:37
7732,2,2,7606,6.99,2005-07-22 17:29:37
7733,411,1,2686,9.99,2005-07-04 01:52:37
7734,441,2,1548,1.99,2005-09-09 13:59:37
7735,599,2,1740,4.99,2005-05-27 21:34:37
7736,47,2,4649,2.99,2005-09-01 20:10:37
7737,8,1,2287,9.99,2005-07-25 09:44:37
7738,252,2,217,0.99,2005-08-20 02:53:37
7739,413,1,940,5.99,2005-07-24 00:30:37
7740,453,1,3849,4.99,2005-08-27 09:06:37
7741,495,2,10427,5.99,2005-06-23 05:13:37
7742,433,2,3547,3.99,2005-06-13 18:04:37
7743,177,1,6496,3.99,2005-08-31 03:53:37
7744,110,1,10990,3.99,2005-08-29 02:45:37
7745,391,2,7687,7.99,2005-05-29 03:05:37
7746,477,1,7991,4.99,2005-09-15 03:27:37
7747,280,2,2893,3.99,2005-07-01 21:57:37
7748,163,2,2355,9.99,2005-06-19 17:08:37
7749,388,2,2758,4.99,2005-05-30 22:34:37
7750,31,2,10579,1.99,2005-08-09 10:59:37
7751,439,2,13386,8.99,2005-05-28 22:13:37
7752,236,2,79,4.99,2005-06-23 06:52:37
7753,41,1,12238,8.99,2005-07-14 09:38:37
7754,239,1,487,8.99,2005-06-18 08:54:37
7755,58,2,3177,6.99,2005-07-18 11:02:37
7756,556,1,1310,1.99,2005-08-30 09:45:37
7757,276,1,15596,8.99,2005-08-15 04:29:37
7758,246,2,5038,2.99,2005-05-28 19:49:37
7759,348,2,88,8.99,2005-07-27 18:47:37
7760,590,2,12617,7.99,2005-09-03 07:38:37
7761,12,2,10222,6.99,2005-05-29 09:26:37
7762,96,1,1082,5.99,2005-06-19 22:11:37
7763,374,2,7614,4.99,2005-08-07 15:50:37
7764,305,1,5616,2.99,2005-08-09 09:58:37
7765,216,1,210,8.99,2005-09-05 07:53:37
7766,130,2,9656,0.99,2005-07-18 20:55:37
7767,447,2,4887,3.99,2005-09-08 01:51:37
7768,553,1,6183,2.99,2005-08-10 07:00:37
7769,363,1,5457,4.99,2005-09-15 23:17:37
7770,523,1,11016,3.99,2005-08-04 18:54:37
7771,125,2,6587,1.99,2005-09-01 10:15:37
7772,83,1,15286,7.99,2005-07-05 13:56:37
7773,524,2,9966,2.99,2005-06-01 09:06:37
7774,234,1,9543,5.99,2005-09-15 02:22:37
7775,530,2,15404,2.99,2005-07-03 10:12:37
7776,264,2,916,8.99,2005-09-07 04:58:37
7777,145,1,10507,5.99,2005-07-05 20:29:37
7778,256,1,2358,5.99,2005-07-15 07:19:37
7779,367,2,10434,8.99,2005-07-01 08:45:37
7780,257,2,7505,0.99,2005-06-15 04:56:37
7781,392,2,6252,1.99,2005-06-09 14:38:37
7782,524,2,14629,5.99,2005-06-26 07:57:37
7783,331,2,12019,8.99,2005-06-13 09:19:37
7784,96,1,15128,5.99,2005-09-05 17:18:37
7785,237,1,9186,1.99,2005-08-11 01:16:37
7786,301,2,5590,2.99,2005-08-13 04:14:37
7787,525,2,4677,0.99,2005-05-27 07:22:37
7788,108,2,2058,0.99,2005-09-02 01:59:37
7789,95,1,10016,2.99,2005-09-14 19:58:37
7790,451,1,6593,6.99,2005-07-02 03:33:37
7791,34,1,9799,4.99,2005-06-21 13:46:37
7792,401,2,8316,8.99,2005-07-15 09:42:37
7793,281,1,2610,8.99,2005-09-17 17:50:37
7794,187,2,260,7.99,2005-07-04 17:37:37
7795,240,2,6817,7.99,2005-06-08 06:37:37
7796,191,2,8300,5.99,2005-07-26 16:59:37
7797,477,1,6875,5.99,2005-07-11 17:47:37
7798,537,1,12847,3.99,2005-07-13 04:14:37
7799,406,2,12415,8.99,2005-09-02 14:46:37
7800,462,1,2200,3.99,2005-06-08 13:39:37
7801,556,2,3609,4.99,2005-06-03 08:00:37
7802,371,2,3334,9.99,2005-09-23 08:00:37
7803,379,2,5671,7.99,2005-06-08 21:08:37
7804,553,2,11220,6.99,2005-05-31 16:31:37
7805,8,1,3450,2.99,2005-06-14 15:28:37
7806,362,2,14604,3.99,2005-09-05 16:33:37
7807,5,2,15297,8.99,2005-07-03 05:38:37
7808,282,2,9460,9.99,2005-08-19 23:30:37
7809,541,2,12204,0.99,2005-08-09 23:06:37
7810,178,2,10621,8.99,2005-08-18 23:31:37
7811,29,1,6065,2.99,2005-06-12 01:24:37
7812,107,2,13491,7.99,2005-07-20 09:02:37
7813,305,2,4485,4.99,2005-08-09 11:12:37
7814,31,1,5037,2.99,2005-08-22 22:12:37
7815,344,1,318,6.99,2005-06-21 13:55:37
7816,204,1,11787,5.99,2005-09-14 14:13:37
7817,468,2,4665,1.99,2005-08-06 13:17:37
7818,221,1,5810,0.99,2005-08-02 19:29:37
7819,176,1,770,4.99,2005-06-09 16:06:37
7820,273,2,1794,2.99,2005-08-26 13:40:37
7821,248,2,14336,6.99,2005-09-09 10:46:37
7822,138,1,585,1.99,2005-07-12 09:42:37
7823,545,2,8619,6.99,2005-08-27 21:32:37
7824,89,2,2507,7.99,2005-09-08 13:49:37
7825,60,1,15307,8.99,2005-09-16 02:27:37
7826,502,1,6110,6.99,2005-07-07 04:33:37
7827,25,1,4412,7.99,2005-06-28 21:02:37
7828,98,2,9130,9.99,2005-08-17 13:45:37
7829,515,2,14487,9.99,2005-09-06 09:37:37
7830,506,1,4903,4.99,2005-06-30 17:34:37
7831,114,1,15437,4.99,2005-08-18 10:36:37
7832,405,2,908,5.99,2005-08-21 06:26:37
7833,362,1,13362,2.99,2005-07-25 04:28:37
7834,439,1,11247,4.99,2005-08-28 09:41:37
7835,557,2,4634,9.99,2005-06-11 23:28:37
7836,251,2,9091,0.99,2005-06-10 14:40:37
7837,513,2,6336,1.99,2005-06-13 15:44:37
7838,418,1,3373,7.99,2005-08-01 13:57:37
7839,407,1,14979,9.99,2005-06-01 09:14:37
7840,547,2,9895,5.99,2005-07-02 10:41:37
7841,467,1,3782,3.99,2005-07-28 07:22:37
7842,379,1,5800,6.99,2005-08-23 09:43:37
7843,298,1,2930,5.99,2005-07-11 00:14:37
7844,208,2,1486,0.99,2005-06-24 22:26:37
7845,48,2,8940,8.99,2005-06-22 13:25:37
7846,124,2,7002,0.99,2005-06-30 00:32:37
7847,573,2,4726,3.99,2005-09-17 23:54:37
7848,413,1,15997,9.99,2005-07-17 21:55:37
7849,380,1,4436,2.99,2005-07-08 10:03:37
7850,317,2,12164,5.99,2005-09-11 18:47:37
7851,63,2,8686,0.99,2005-09-15 03:53:37
7852,37,2,12418,2.99,2005-09-13 23:53:37
7853,207,2,15011,7.99,2005-08-06 23:04:37
7854,498,1,12214,9.99,2005-08-11 22:55:37
7855,460,2,13004,0.99,2005-06-18 15:05:37
7856,413,1,13442,5.99,2005-08-24 13:04:37
7857,207,2,15728,4.99,2005-07-12 14:41:37
7858,147,2,11438,2.99,2005-09-02 04:46:37
7859,352,2,2401,2.99,2005-06-19 10:47:37
7860,157,2,3962,7.99,2005-07-13 07:09:37
7861,63,1,4473,8.99,2005-07-17 11:59:37
7862,394,2,8016,2.99,2005-07-04 17:01:37
7863,428,1,12107,3.99,2005-07-13 18:36:37
7864,405,2,3674,5.99,2005-06-03 17:35:37
7865,323,2,11497,9.99,2005-07-07 23:38:37
7866,435,1,7086,3.99,2005-08-20 06:25:37
7867,599,2,519,8.99,2005-08-21 06:02:37
7868,519,1,5513,9.99,2005-07-24 00:55:37
7869,246,1,4790,3.99,2005-08-20 20:37:37
7870,29,2,4033,9.99,2005-08-19 21:29:37
7871,398,1,15989,6.99,2005-07-27 16:10:37
7872,23,1,11039,3.99,2005-07-26 00:10:37
7873,145,1,51,8.99,2005-09-20 04:48:37
7874,231,1,212,9.99,2005-07-11 07:27:37
7875,520,2,14357,0.99,2005-07-11 00:42:37
7876,108,1,4852,9.99,2005-07-11 05:52:37
7877,512,2,150,2.99,2005-09-06 22:18:37
7878,246,1,1701,7.99,2005-08-15 03:46:37
7879,102,2,11206,1.99,2005-07-08 04:40:37
7880,249,2,5656,1.99,2005-09-20 22:33:37
7881,16,2,14441,5.99,2005-09-18 10:01:37
7882,320,1,12567,5.99,2005-07-08 14:57:37
7883,320,2,4229,7.99,2005-09-10 09:30:37
7884,218,2,13219,0.99,2005-05-28 15:56:37
7885,490,2,1373,8.99,2005-09-20 04:53:37
7886,328,1,2402,7.99,2005-08-22 05:08:37
7887,587,2,10053,9.99,2005-08-04 05:22:37
7888,3,1,6646,0.99,2005-07-30 13:09:37
7889,59,1,9186,9.99,2005-08-22 14:12:37
7890,208,2,10029,3.99,2005-07-12 13:29:37
7891,350,1,15978,1.99,2005-06-15 19:53:37
7892,413,1,366,4.99,2005-07-23 01:18:37
7893,341,2,12822,4.99,2005-08-17 04:57:37
7894,78,2,12599,9.99,2005-08-13 10:07:37
7895,131,1,9712,1.99,2005-08-11 08:55:37
7896,585,1,15034,3.99,2005-08-15 17:54:37
7897,527,2,7739,2.99,2005-07-30 09:16:37
7898,16,2,15485,7.99,2005-07-06 23:57:37
7899,322,1,2695,5.99,2005-07-19 05:58:37
7900,118,1,4301,8.99,2005-08-12 21:05:37
7901,152,2,852,0.99,2005-07-17 12:45:37
7902,17,1,11699,1.99,2005-05-28 07:41:37
7903,106,2,7583,2.99,2005-07-08 10:56:37
7904,125,2,13691,2.99,2005-07-28 10:10:37
7905,80,1,6639,8.99,2005-07-25 16:16:37
7906,578,2,11143,9.99,2005-07-23 16:00:37
7907,544,1,6477,4.99,2005-09-10 17:31:37
7908,466,2,8859,2.99,2005-07-15 14:32:37
7909,56,1,12559,9.99,2005-06-07 01:23:37
7910,54,1,3768,5.99,2005-08-13 21:42:37
7911,437,2,6187,8.99,2005-08-26 09:48:37
7912,198,1,12832,6.99,2005-08-13 02:51:37
7913,251,2,9412,0.99,2005-05-29 05:22:37
7914,427,2,15854,3.99,2005-08-10 02:19:37
7915,74,1,14778,2.99,2005-09-07 06:32:37
7916,11,1,6811,6.99,2005-06-22 05:15:37
7917,450,2,4652,4.99,2005-09-12 00:10:37
7918,272,2,6769,6.99,2005-08-16 19:30:37
7919,519,1,7762,1.99,2005-07-02 22:42:37
7920,169,2,6368,7.99,2005-09-05 18:54:37
7921,417,1,6897,8.99,2005-09-20 14:27:37
7922,557,2,15032,7.99,2005-06-02 15:10:37
7923,312,1,9556,1.99,2005-07-20 11:39:37
7924,461,2,8443,9.99,2005-06-26 00:58:37
7925,63,2,10528,0.99,2005-06-22 18:15:37
7926,292,2,13305,7.99,2005-06-22 13:26:37
7927,419,2,6442,2.99,2005-07-05 00:15:37
7928,228,2,9949,3.99,2005-06-26 18:25:37
7929,133,2,14377,7.99,2005-07-30 23:19:37
7930,483,1,10904,8.99,2005-09-09 08:32:37
7931,304,2,7494,2.99,2005-09-20 16:34:37
7932,236,1,10729,9.99,2005-05-28 05:13:37
7933,55,1,10638,9.99,2005-05-28 06:45:37
7934,53,2,15842,6.99,2005-07-31 14:23:37
7935,160,2,6455,4.99,2005-08-09 05:22:37
7936,21,1,2453,2.99,2005-05-30 08:19:37
7937,467,1,12626,5.99,2005-08-27 14:12:37
7938,147,1,14079,8.99,2005-06-04 05:55:37
7939,500,1,8879,4.99,2005-06-06 15:37:37
7940,242,1,7717,3.99,2005-09-21 07:33:37
7941,529,2,10731,9.99,2005-09-20 21:48:37
7942,423,1,2375,7.99,2005-05-26 15:31:37
7943,423,2,9437,5.99,2005-09-17 21:42:37
7944,404,2,14022,9.99,2005-08-16 03:52:37
7945,576,1,2245,8.99,2005-06-24 02:51:37
7946,304,1,14158,1.99,2005-07-04 13:37:37
7947,168,1,10302,0.99,2005-09-22 14:11:37
7948,445,2,13570,0.99,2005-07-13 07:42:37
7949,546,2,695,2.99,2005-08-23 10:14:37
7950,536,1,15669,7.99,2005-07-28 02:41:37
7951,190,2,7141,6.99,2005-07-05 12:53:37
7952,117,1,13652,6.99,2005-08-05 03:43:37
7953,248,1,12400,8.99,2005-08-29 15:05:37
7954,248,2,12946,5.99,2005-06-15 20:53:37
7955,238,2,5132,4.99,2005-07-17 22:55:37
7956,113,1,6482,0.99,2005-08-28 07:12:37
7957,338,1,9775,1.99,2005-06-24 23:58:37
7958,428,1,14736,7.99,2005-07-26 02:24:37
7959,520,2,451,1.99,2005-08-16 12:17:37
7960,340,2,3463,1.99,2005-06-16 06:43:37
7961,536,1,12726,0.99,2005-07-05 09:21:37
7962,388,1,7256,9.99,2005-09-06 09:11:37
7963,277,1,11996,9.99,2005-09-10 23:49:37
7964,457,1,14230,0.99,2005-08-31 10:29:37
7965,397,1,15970,0.99,2005-08-21 18:19:37
7966,501,1,11263,1.99,2005-08-20 12:43:37
7967,264,2,3962,8.99,2005-06-06 13:36:37
7968,78,1,3366,2.99,2005-06-27 08:37:37
7969,595,2,14945,5.99,2005-09-19 08:29:37
7970,482,1,13571,1.99,2005-08-12 08:07:37
7971,166,1,12297,1.99,2005-07-21 13:49:37
7972,480,2,4095,6.99,2005-08-31 09:01:37
7973,555,2,12700,4.99,2005-07-07 04:20:37
7974,132,2,10289,7.99,2005-06-17 17:08:37
7975,72,1,11359,4.99,2005-06-24 23:21:37
7976,254,1,1795,7.99,2005-08-31 06:41:37
7977,160,2,13324,1.99,2005-09-18 22:22:37
7978,403,1,10681,2.99,2005-06-15 05:33:37
7979,165,1,6537,2.99,2005-09-07 04:10:37
7980,144,2,3880,5.99,2005-07-15 04:00:37
7981,206,2,10602,5.99,2005-09-09 03:27:37
7982,57,2,9814,2.99,2005-08-28 05:56:37
7983,208,1,2563,0.99,2005-08-17 06:38:37
7984,191,2,8443,9.99,2005-06-08 23:31:37
7985,78,2,9576,5.99,2005-08-26 20:49:37
7986,225,1,12095,2.99,2005-06-10 13:40:37
7987,189,2,600,0.99,2005-09-14 17:23:37
7988,303,1,7689,7.99,2005-09-08 19:31:37
7989,585,1,9713,7.99,2005-06-11 10:27:37
7990,134,1,11052,0.99,2005-07-10 14:28:37
7991,23,1,12574,5.99,2005-08-17 10:30:37
7992,545,1,13714,1.99,2005-06-27 15:07:37
7993,304,1,13246,8.99,2005-05-27 18:53:37
7994,522,1,8605,9.99,2005-06-15 16:35:37
7995,468,1,1256,5.99,2005-06-08 09:58:37
7996,406,2,2644,1.99,2005-07-11 11:34:37
7997,387,2,9013,8.99,2005-08-28 20:12:37
7998,538,2,1814,3.99,2005-09-01 00:40:37
7999,155,1,8961,5.99,2005-08-24 08:37:37
8000,85,2,10389,1.99,2005-06-20 15:19:37
8001,253,2,11283,6.99,2005-06-28 18:43:37
8002,239,2,2235,3.99,2005-09-07 21:23:37
8003,291,2,3020,3.99,2005-07-05 18:55:37
8004,269,2,10864,6.99,2005-06-08 10:00:37
8005,584,2,11160,5.99,2005-06-17 08:58:37
8006,122,1,11659,5.99,2005-06-24 10:21:37
8007,164,1,1988,8.99,2005-07-28 17:09:37
8008,486,1,13841,8.99,2005-09-05 21:28:37
8009,33,1,15967,1.99,2005-07-12 04:55:37
8010,37,1,13064,6.99,2005-07-23 20:46:37
8011,333,1,12382,1.99,2005-07-08 00:40:37
8012,113,2,12214,5.99,2005-08-18 07:39:37
8013,273,2,11332,3.99,2005-07-21 23:38:37
8014,230,2,5666,8.99,2005-06-21 21:42:37
8015,585,1,2986,0.99,2005-09-03 19:45:37
8016,598,1,12228,4.99,2005-09-06 07:22:37
8017,284,1,9670,6.99,2005-09-07 18:06:37
8018,366,1,5812,0.99,2005-09-11 14:40:37
8019,438,1,4164,1.99,2005-06-09 10:42:37
8020,146,2,8497,8.99,2005-07-22 08:57:37
8021,445,2,13315,6.99,2005-08-18 18:24:37
8022,299,2,2376,3.99,2005-06-16 01:51:37
8023,121,2,421,9.99,2005-06-22 13:46:37
8024,403,2,5830,7.99,2005-09-04 02:43:37
8025,395,1,13475,3.99,2005-07-06 15:22:37
8026,99,2,6358,2.99,2005-09-05 17:43:37
8027,401,1,12521,9.99,2005-07-08 07:32:37
8028,451,2,14920,2.99,2005-09-01 15:34:37
8029,265,1,14324,8.99,2005-08-09 04:20:37
8030,406,1,15470,8.99,2005-07-19 22:32:37
8031,175,2,11641,3.99,2005-09-01 11:30:37
8032,235,2,12511,4.99,2005-08-30 16:24:37
8033,342,2,2391,5.99,2005-09-18 07:13:37
8034,40,2,5381,2.99,2005-08-03 21:29:37
8035,482,2,2062,8.99,2005-07-06 11:57:37
8036,524,1,13776,9.99,2005-06-12 12:33:37
8037,530,1,6241,8.99,2005-07-24 09:36:37
8038,239,2,4636,5.99,2005-08-17 18:43:37
8039,76,1,2456,2.99,2005-08-10 12:05:37
8040,460,2,9342,4.99,2005-06-16 22:11:37
8041,423,1,8539,8.99,2005-08-22 03:40:37
8042,234,2,6638,0.99,2005-07-20 08:54:37
8043,1,2,6356,6.99,2005-08-16 17:14:37
8044,488,2,12118,5.99,2005-05-31 22:37:37
8045,277,2,5751,3.99,2005-07-22 21:11:37
8046,315,2,11187,9.99,2005-08-10 13:14:37
8047,266,2,2554,1.99,2005-06-09 16:15:37
8048,487,1,12880,4.99,2005-06-20 10:23:37
8049,351,2,4657,6.99,2005-06-19 13:25:37
8050,84,1,12417,9.99,2005-07-22 04:58:37
8051,50,2,11106,0.99,2005-06-17 11:52:37
8052,579,2,5368,9.99,2005-06-27 20:09:37
8053,372,2,13096,2.99,2005-07-20 07:26:37
8054,587,1,4503,4.99,2005-09-21 06:48:37
8055,410,1,3208,6.99,2005-07-20 18:13:37
8056,292,1,7221,0.99,2005-09-16 00:07:37
8057,109,2,12198,9.99,2005-08-19 18:01:37
8058,300,2,11377,0.99,2005-09-12 23:36:37
8059,175,1,9801,2.99,2005-06-18 12:46:37
8060,127,1,4224,8.99,2005-06-02 09:38:37
8061,267,1,3954,5.99,2005-06-27 19:17:37
8062,271,2,8079,2.99,2005-07-28 05:41:37
8063,257,1,10410,5.99,2005-08-25 02:41:37
8064,419,2,13015,7.99,2005-07-19 20:28:37
8065,492,1,1953,6.99,2005-07-07 20:33:37
8066,355,1,7797,6.99,2005-06-19 19:20:37
8067,534,1,15217,6.99,2005-06-28 14:16:37
8068,386,2,4000,3.99,2005-06-30 10:14:37
8069,316,1,12662,8.99,2005-09-22 07:07:37
8070,14,1,9803,1.99,2005-07-12 15:20:37
8071,17,1,14894,5.99,2005-07-02 20:18:37
8072,439,2,954,1.99,2005-06-22 15:40:37
8073,529,2,5534,0.99,2005-07-18 18:33:37
8074,17,2,12926,2.99,2005-07-21 17:22:37
8075,435,1,8088,8.99,2005-09-20 10:06:37
8076,271,1,12337,9.99,2005-08-04 10:17:37
8077,343,2,10466,7.99,2005-08-10 21:38:37
8078,306,1,1752,9.99,2005-09-02 05:30:37
8079,280,1,4970,8.99,2005-06-12 09:30:37
8080,315,2,4672,2.99,2005-06-23 00:55:37
8081,331,2,1412,8.99,2005-07-08 17:57:37
8082,580,1,7750,8.99,2005-08-25 04:42:37
8083,43,1,14920,1.99,2005-06-16 02:29:37
8084,119,1,2048,4.99,2005-09-23 05:32:37
8085,105,1,7618,4.99,2005-09-10 05:27:37
8086,414,1,1419,4.99,2005-07-25 00:59:37
8087,581,2,214,3.99,2005-06-20 05:57:37
8088,97,1,2020,0.99,2005-09-16 21:51:37
8089,70,2,6811,3.99,2005-07-22 21:17:37
8090,475,1,6904,8.99,2005-05-27 17:52:37
8091,224,2,11130,6.99,2005-06-02 22:43:37
8092,379,1,837,7.99,2005-09-23 01:30:37
8093,599,1,5434,9.99,2005-06-26 02:04:37
8094,37,2,1292,0.99,2005-06-11 03:40:37
8095,491,2,8357,1.99,2005-07-28 13:17:37
8096,312,1,6275,8.99,2005-09-18 13:59:37
8097,507,1,9400,4.99,2005-09-01 06:17:37
8098,395,1,14795,7.99,2005-08-13 06:48:37
8099,107,2,10440,9.99,2005-08-27 13:18:37
8100,319,2,9466,4.99,2005-07-27 16:58:37
8101,550,2,1056,3.99,2005-07-22 13:42:37
8102,175,1,8681,3.99,2005-09-14 20:39:37
8103,295,2,7098,8.99,2005-06-26 22:50:37
8104,491,2,15207,1.99,2005-06-03 03:48:37
8105,504,2,229,2.99,2005-07-30 19:14:37
8106,87,2,7198,1.99,2005-08-19 14:23:37
8107,71,1,9729,8.99,2005-08-14 02:32:37
8108,559,1,9441,2.99,2005-08-24 14:35:37
8109,125,1,1997,4.99,2005-07-15 08:57:37
8110,299,2,493,3.99,2005-06-02 20:50:37
8111,445,2,11333,5.99,2005-07-09 22:12:37
8112,378,1,5282,4.99,2005-05-26 18:24:37
8113,509,1,601,7.99,2005-06-16 03:26:37
8114,443,1,12241,3.99,2005-06-17 22:07:37
8115,350,2,7602,5.99,2005-06-23 03:41:37
8116,93,2,11392,3.99,2005-08-15 21:04:37
8117,466,2,82,4.99,2005-08-09 01:09:37
8118,61,2,9296,8.99,2005-08-26 20:30:37
8119,402,2,3944,1.99,2005-05-27 12:32:37
8120,459,2,12980,7.99,2005-08-04 05:11:37
8121,326,1,6744,4.99,2005-06-23 20:27:37
8122,317,2,14394,5.99,2005-09-11 10:58:37
8123,349,2,11186,4.99,2005-06-28 15:59:37
8124,563,1,3203,6.99,2005-07-02 23:30:37
8125,564,1,10038,0.99,2005-09-02 10:03:37
8126,399,1,6504,5.99,2005-05-31 12:38:37
8127,112,1,9709,1.99,2005-06-08 00:40:37
8128,576,1,4993,3.99,2005-07-28 17:06:37
8129,518,1,13346,9.99,2005-09-03 10:05:37
8130,337,1,8507,0.99,2005-05-27 10:24:37
8131,441,1,15112,2.99,2005-06-11 20:15:37
8132,70,2,8559,2.99,2005-09-19 07:28:37
8133,51,1,11903,2.99,2005-08-24 10:18:37
8134,563,2,9523,2.99,2005-06-06 01:07:37
8135,47,1,922,0.99,2005-08-10 17:43:37
8136,492,1,1110,3.99,2005-09-07 08:14:37
8137,376,1,11647,8.99,2005-06-09 01:58:37
8138,574,2,12504,2.99,2005-09-19 14:17:37
8139,431,1,217,0.99,2005-08-28 14:32:37
8140,312,1,1707,3.99,2005-08-01 05:45:37
8141,567,2,14455,8.99,2005-06-06 12:48:37
8142,165,2,5588,9.99,2005-09-15 14:37:37
8143,172,1,13348,6.99,2005-06-12 21:36:37
8144,13,1,5430,0.99,2005-08-21 04:36:37
8145,493,2,8807,5.99,2005-09-05 16:30:37
8146,70,2,6208,8.99,2005-06-01 22:56:37
8147,288,2,1327,8.99,2005-09-21 09:43:37
8148,119,1,10464,4.99,2005-07-03 15:25:37
8149,370,2,12920,3.99,2005-07-05 15:57:37
8150,149,2,6518,0.99,2005-09-14 13:40:37
8151,240,1,12775,0.99,2005-09-17 03:02:37
8152,234,1,3605,7.99,2005-08-29 08:07:37
8153,207,2,2474,5.99,2005-05-31 13:59:37
8154,190,2,7945,7.99,2005-06-28 10:43:37
8155,519,2,12263,0.99,2005-08-31 13:17:37
8156,497,2,5046,3.99,2005-07-25 20:43:37
8157,184,2,10232,5.99,2005-07-05 07:24:37
8158,541,1,8897,8.99,2005-05-28 03:35:37
8159,518,1,6107,6.99,2005-08-13 19:01:37
8160,348,1,11067,9.99,2005-09-01 07:00:37
8161,25,2,2395,5.99,2005-08-18 17:30:37
8162,1,2,2536,9.99,2005-06-13 19:27:37
8163,255,1,2687,7.99,2005-07-12 05:27:37
8164,333,2,11523,8.99,2005-06-04 04:13:37
8165,73,2,9220,5.99,2005-05-25 21:21:37
8166,247,1,5393,3.99,2005-07-12 13:21:37
8167,266,1,11482,5.99,2005-09-21 00:39:37
8168,151,2,3049,4.99,2005-06-08 00:59:37
8169,543,1,11396,6.99,2005-08-01 18:22:37
8170,545,2,6873,1.99,2005-09-16 13:30:37
8171,482,2,7613,9.99,2005-08-10 13:36:37
8172,427,1,5301,0.99,2005-06-12 01:22:37
8173,255,1,1558,8.99,2005-09-03 21:00:37
8174,584,2,11043,8.99,2005-08-30 11:02:37
8175,383,1,5539,0.99,2005-07-19 14:56:37
8176,414,2,6965,4.99,2005-07-17 19:41:37
8177,257,1,8482,4.99,2005-08-18 11:59:37
8178,120,1,4354,1.99,2005-08-21 00:19:37
8179,124,2,2526,8.99,2005-06-09 00:34:37
8180,429,2,1028,6.99,2005-07-15 22:14:37
8181,401,2,6674,3.99,2005-05-25 19:02:37
8182,148,1,6456,0.99,2005-09-19 12:56:37
8183,573,1,14923,7.99,2005-08-11 01:59:37
8184,557,1,10071,3.99,2005-08-29 14:12:37
8185,237,1,11999,2.99,2005-08-05 05:01:37
8186,401,2,11434,7.99,2005-06-17 18:27:37
8187,376,2,12213,1.99,2005-07-28 03:15:37
8188,546,1,15187,7.99,2005-08-30 17:14:37
8189,232,2,1109,2.99,2005-06-17 07:21:37
8190,417,2,12916,3.99,2005-07-01 08:47:37
8191,131,1,166,4.99,2005-07-04 23:48:37
8192,313,2,2739,2.99,2005-07-24 09:58:37
8193,199,2,7817,7.99,2005-07-25 05:46:37
8194,41,2,8346,0.99,2005-07-18 14:25:37
8195,61,2,12353,2.99,2005-08-20 23:11:37
8196,549,2,5596,4.99,2005-08-20 22:21:37
8197,553,2,14974,6.99,2005-09-08 19:51:37
8198,512,1,9675,8.99,2005-06-08 11:39:37
8199,344,1,7044,8.99,2005-07-14 19:55:37
8200,546,1,722,7.99,2005-07-23 05:54:37
8201,519,1,4855,7.99,2005-07-06 21:38:37
8202,447,2,4911,5.99,2005-08-23 00:44:37
8203,383,1,6811,5.99,2005-07-21 00:50:37
8204,268,2,9596,3.99,2005-06-02 21:30:37
8205,299,2,14895,3.99,2005-08-03 10:29:37
8206,108,1,392,7.99,2005-08-04 12:19:37
8207,542,1,4900,6.99,2005-08-30 15:46:37
8208,141,2,2738,0.99,2005-06-24 12:55:37
8209,137,2,7560,2.99,2005-09-19 14:44:37
8210,419,1,2846,1.99,2005-08-07 17:57:37
8211,520,1,13328,8.99,2005-07-29 00:02:37
8212,466,1,10079,2.99,2005-06-27 04:45:37
8213,161,2,6093,3.99,2005-09-09 01:27:37
8214,357,2,7744,6.99,2005-09-08 00:42:37
8215,453,1,8260,1.99,2005-09-13 06:52:37
8216,133,1,2229,7.99,2005-08-01 08:57:37
8217,247,2,377,7.99,2005-07-12 10:55:37
8218,372,2,13374,7.99,2005-08-16 23:46:37
8219,508,1,4220,6.99,2005-09-14 19:31:37
8220,99,1,1234,3.99,2005-09-15 08:32:37
8221,251,1,9889,3.99,2005-08-16 22:41:37
8222,426,1,14613,4.99,2005-08-06 05:38:37
8223,198,2,7157,2.99,2005-06-30 13:52:37
8224,595,2,777,6.99,2005-07-29 21:44:37
8225,438,2,5590,4.99,2005-06-04 20:42:37
8226,334,1,6738,9.99,2005-05-26 13:38:37
8227,533,1,3006,3.99,2005-08-02 09:20:37
8228,259,2,2104,6.99,2005-08-30 03:55:37
8229,219,2,11141,1.99,2005-06-03 10:28:37
8230,308,2,143,5.99,2005-07-12 10:16:37
8231,278,1,3643,2.99,2005-05-26 16:36:37
8232,314,2,4656,9.99,2005-07-29 20:47:37
8233,190,1,13571,2.99,2005-08-19 05:41:37
8234,389,2,13518,9.99,2005-06-12 14:52:37
8235,474,1,13242,1.99,2005-09-17 13:28:37
8236,363,2,5259,7.99,2005-07-16 19:20:37
8237,424,1,2903,5.99,2005-07-28 03:41:37
8238,207,1,3565,6.99,2005-06-14 01:18:37
8239,181,1,5663,8.99,2005-06-04 05:14:37
8240,409,1,12837,5.99,2005-07-06 19:12:37
8241,188,2,7996,2.99,2005-07-18 20:26:37
8242,193,2,6699,6.99,2005-07-21 15:56:37
8243,10,2,7915,7.99,2005-07-21 14:48:37
8244,312,2,14904,3.99,2005-08-05 13:31:37
8245,563,1,14961,1.99,2005-07-06 22:31:37
8246,387,2,6534,7.99,2005-06-23 08:28:37
8247,433,2,3764,6.99,2005-07-30 18:10:37
8248,517,1,12771,8.99,2005-06-15 21:17:37
8249,326,2,14727,8.99,2005-06-24 09:52:37
8250,169,1,7300,1.99,2005-08-16 20:52:37
8251,527,1,1471,2.99,2005-06-27 19:17:37
8252,24,2,11987,0.99,2005-08-31 19:34:37
8253,45,1,4760,1.99,2005-06-03 16:36:37
8254,93,1,13588,9.99,2005-09-18 01:56:37
8255,270,2,7852,8.99,2005-09-08 19:28:37
8256,133,2,10068,8.99,2005-06-04 11:00:37
8257,525,1,12961,4.99,2005-07-31 18:42:37
8258,209,1,15102,6.99,2005-06-15 18:13:37
8259,358,1,4145,3.99,2005-08-21 20:05:37
8260,548,1,3149,9.99,2005-06-01 14:21:37
8261,259,2,4533,9.99,2005-06-24 01:46:37
8262,191,1,9042,3.99,2005-06-29 16:36:37
8263,373,2,3813,7.99,2005-05-28 18:07:37
8264,276,1,9125,3.99,2005-08-11 09:27:37
8265,547,2,7763,5.99,2005-06-19 20:24:37
8266,293,2,9930,9.99,2005-08-14 21:46:37
8267,124,2,14969,4.99,2005-06-08 22:47:37
8268,426,2,3822,0.99,2005-09-03 17:28:37
8269,180,2,10302,5.99,2005-08-15 18:54:37
8270,257,1,14329,0.99,2005-09-08 15:37:37
8271,533,2,12369,3.99,2005-08-31 19:45:37
8272,404,2,14752,5.99,2005-07-16 03:42:37
8273,392,1,7509,3.99,2005-06-09 09:41:37
8274,567,2,5333,9.99,2005-06-10 08:16:37
8275,369,1,5637,2.99,2005-06-30 15:19:37
8276,204,1,10832,0.99,2005-09-09 05:07:37
8277,47,2,1236,2.99,2005-08-11 16:16:37
8278,500,1,11431,7.99,2005-06-24 10:26:37
8279,385,1,5932,6.99,2005-07-21 22:33:37
8280,357,2,4578,1.99,2005-07-25 20:48:37
8281,467,2,5538,2.99,2005-06-22 01:22:37
8282,153,1,11744,4.99,2005-08-14 12:16:37
8283,369,2,7691,0.99,2005-06-21 09:11:37
8284,18,1,5474,4.99,2005-06-24 00:58:37
8285,93,2,2089,1.99,2005-09-01 22:33:37
8286,379,1,8305,0.99,2005-07-09 12:53:37
8287,110,2,3362,8.99,2005-07-21 18:28:37
8288,557,2,1038,2.99,2005-07-26 02:14:37
8289,292,1,13324,9.99,2005-09-22 20:35:37
8290,278,2,5299,8.99,2005-07-30 05:28:37
8291,163,2,717,8.99,2005-08-29 19:20:37
8292,400,1,9734,7.99,2005-06-28 23:43:37
8293,591,1,13746,3.99,2005-09-04 18:38:37
8294,218,2,547,3.99,2005-08-16 18:13:37
8295,22,2,15283,9.99,2005-07-31 11:09:37
8296,506,1,7225,7.99,2005-07-01 09:19:37
8297,523,1,3384,7.99,2005-09-09 07:58:37
8298,322,1,8638,6.99,2005-07-15 08:24:37
8299,165,1,7312,1.99,2005-05-27 15:07:37
8300,152,2,13494,7.99,2005-07-25 00:38:37
8301,28,1,9699,5.99,2005-07-12 18:59:37
8302,278,2,10803,8.99,2005-07-14 16:59:37
8303,244,1,3768,1.99,2005-06-14 05:04:37
8304,6,2,9649,2.99,2005-08-27 16:07:37
8305,342,1,15631,3.99,2005-07-01 19:59:37
8306,41,2,2461,0.99,2005-07-26 22:18:37
8307,113,2,4789,6.99,2005-09-09 15:20:37
8308,144,2,9644,3.99,2005-09-02 00:32:37
8309,247,1,4160,6.99,2005-06-11 08:23:37
8310,272,2,6839,1.99,2005-09-11 11:50:37
8311,288,1,1872,6.99,2005-07-05 06:19:37
8312,128,1,10822,8.99,2005-06-01 05:49:37
8313,458,1,651,4.99,2005-08-25 22:09:37
8314,558,2,6314,3.99,2005-07-31 10:14:37
8315,50,2,8039,9.99,2005-06-09 00:15:37
8316,315,1,11124,4.99,2005-08-31 16:41:37
8317,420,2,11718,0.99,2005-06-06 01:11:37
8318,196,1,9926,1.99,2005-08-01 04:02:37
8319,113,2,4367,7.99,2005-09-03 13:37:37
8320,258,1,14658,9.99,2005-06-27 00:44:37
8321,533,1,42,9.99,2005-06-23 21:43:37
8322,186,2,4734,4.99,2005-07-06 13:15:37
8323,292,2,13480,5.99,2005-09-01 16:50:37
8324,457,1,11225,9.99,2005-06-09 12:46:37
8325,247,2,2371,8.99,2005-09-22 21:56:37
8326,24,2,3012,3.99,2005-06-21 19:22:37
8327,36,2,5429,4.99,2005-05-30 20:26:37
8328,175,1,5847,4.99,2005-07-08 08:37:37
8329,555,1,15728,1.99,2005-07-11 11:23:37
8330,508,1,9868,3.99,2005-08-04 18:56:37
8331,160,2,4095,5.99,2005-09-09 23:12:37
8332,266,1,7760,0.99,2005-08-17 18:37:37
8333,446,2,6295,6.99,2005-07-30 18:36:37
8334,188,1,3187,8.99,2005-07-08 10:42:37
8335,498,2,2071,4.99,2005-05-31 22:31:37
8336,253,1,13544,4.99,2005-07-17 21:58:37
8337,565,1,522,6.99,2005-08-10 05:36:37
8338,219,1,11630,0.99,2005-05-26 20:27:37
8339,267,1,12074,5.99,2005-07-21 23:06:37
8340,383,1,10150,6.99,2005-09-02 13:49:37
8341,404,2,2655,1.99,2005-09-09 02:52:37
8342,426,1,2561,7.99,2005-06-18 13:57:37
8343,300,1,6497,0.99,2005-06-13 13:28:37
8344,32,1,15008,9.99,2005-09-16 07:48:37
8345,86,1,569,8.99,2005-08-16 06:11:37
8346,405,2,15057,1.99,2005-08-19 01:14:37
8347,534,2,13018,2.99,2005-07-09 14:38:37
8348,570,1,9762,6.99,2005-05-27 20:07:37
8349,274,1,2294,9.99,2005-08-25 13:04:37
8350,459,1,14688,5.99,2005-07-04 06:19:37
8351,507,1,14660,4.99,2005-07-23 16:39:37
8352,299,1,11019,5.99,2005-08-20 14:41:37
8353,104,1,2209,6.99,2005-07-16 12:43:37
8354,198,2,2910,9.99,2005-07-26 14:37:37
8355,281,2,12139,0.99,2005-07-09 18:36:37
8356,456,2,3433,5.99,2005-06-06 23:27:37
8357,64,1,6171,0.99,2005-09-11 21:05:37
8358,418,2,13824,8.99,2005-08-19 02:00:37
8359,402,2,8213,9.99,2005-06-03 11:31:37
8360,137,2,8231,3.99,2005-09-05 13:54:37
8361,439,2,2003,3.99,2005-08-06 17:43:37
8362,204,2,14447,6.99,2005-08-29 00:16:37
8363,71,2,2447,6.99,2005-08-19 01:35:37
8364,577,2,8945,0.99,2005-07-16 10:22:37
8365,316,2,11152,0.99,2005-06-29 16:27:37
8366,512,2,9081,0.99,2005-07-06 18:49:37
8367,561,2,5837,2.99,2005-07-25 17:36:37
8368,22,1,10963,1.99,2005-07-24 19:16:37
8369,133,2,4820,1.99,2005-07-04 20:18:37
8370,555,1,9084,4.99,2005-07-07 06:45:37
8371,95,2,9067,3.99,2005-07-01 05:31:37
8372,55,1,11898,9.99,2005-08-15 05:59:37
8373,307,1,14349,7.99,2005-09-06 16:07:37
8374,102,1,14632,0.99,2005-09-16 23:30:37
8375,244,2,12671,1.99,2005-07-19 08:22:37
8376,464,1,12786,1.99,2005-08-02 04:37:37
8377,224,2,4383,6.99,2005-08-02 18:54:37
8378,116,2,11280,4.99,2005-08-08 03:29:37
8379,193,2,5439,3.99,2005-06-23 12:11:37
8380,238,2,12098,2.99,2005-09-14 02:14:37
8381,536,1,9563,2.99,2005-07-19 00:17:37
8382,424,2,5680,3.99,2005-06-18 01:42:37
8383,76,1,10823,8.99,2005-06-20 08:57:37
8384,279,1,13609,3.99,2005-08-20 22:28:37
8385,364,2,7115,6.99,2005-08-19 03:48:37
8386,345,1,2984,1.99,2005-06-09 16:06:37
8387,9,2,15732,0.99,2005-07-14 22:46:37
8388,519,1,6092,7.99,2005-08-20 17:55:37
8389,384,2,15678,7.99,2005-06-01 06:35:37
8390,72,2,11468,4.99,2005-09-14 09:03:37
8391,587,1,10880,0.99,2005-08-18 07:57:37
8392,284,2,4460,3.99,2005-09-20 04:14:37
8393,264,1,15206,9.99,2005-07-12 08:26:37
8394,216,1,7006,0.99,2005-07-10 00:23:37
8395,45,1,8954,5.99,2005-08-01 05:23:37
8396,354,2,9991,0.99,2005-07-18 10:39:37
8397,528,2,6688,0.99,2005-06-07 20:10:37
8398,508,2,8053,5.99,2005-05-30 02:07:37
8399,168,1,163,3.99,2005-07-04 00:53:37
8400,361,2,12954,4.99,2005-09-22 08:20:37
8401,217,1,15332,9.99,2005-09-11 05:58:37
8402,306,1,15942,2.99,2005-06-12 16:43:37
8403,299,1,15613,5.99,2005-06-06 17:48:37
8404,276,2,11346,1.99,2005-07-16 05:46:37
8405,587,2,10694,1.99,2005-07-25 06:59:37
8406,265,2,9299,1.99,2005-09-04 15:16:37
8407,133,1,944,1.99,2005-07-05 15:36:37
8408,398,2,14371,8.99,2005-08-05 00:24:37
8409,427,1,13259,4.99,2005-05-25 16:01:37
8410,246,1,2246,6.99,2005-07-11 04:33:37
8411,306,1,5965,2.99,2005-06-08 23:44:37
8412,358,2,15300,0.99,2005-08-05 15:48:37
8413,465,2,3807,9.99,2005-06-30 01:13:37
8414,179,2,10827,8.99,2005-09-15 17:18:37
8415,413,2,8215,9.99,2005-07-15 12:39:37
8416,264,2,10128,4.99,2005-09-23 02:36:37
8417,360,2,6293,4.99,2005-05-28 17:08:37
8418,334,2,11960,0.99,2005-06-13 18:42:37
8419,384,2,6528,1.99,2005-06-30 22:24:37
8420,437,1,1955,1.99,2005-06-09 14:50:37
8421,148,2,7098,2.99,2005-09-14 02:11:37
8422,528,1,7133,9.99,2005-05-28 15:37:37
8423,10,2,13935,2.99,2005-08-21 10:18:37
8424,496,1,4569,6.99,2005-06-22 17:22:37
8425,259,1,3750,8.99,2005-05-31 18:48:37
8426,178,1,12719,2.99,2005-08-20 00:15:37
8427,249,2,4298,2.99,2005-06-25 06:12:37
8428,405,1,14474,4.99,2005-06-20 23:55:37
8429,229,1,9648,6.99,2005-07-13 06:56:37
8430,8,1,288,9.99,2005-09-08 07:13:37
8431,278,1,415,0.99,2005-07-15 11:54:37
8432,158,1,6737,9.99,2005-07-16 15:15:37
8433,11,1,7835,8.99,2005-08-26 09:24:37
8434,88,1,8968,3.99,2005-08-16 18:54:37
8435,451,1,4871,3.99,2005-09-17 10:42:37
8436,107,2,6461,7.99,2005-07-23 11:37:37
8437,85,1,11191,9.99,2005-08-15 04:29:37
8438,527,2,2229,1.99,2005-09-16 06:49:37
8439,530,1,11180,7.99,2005-08-21 12:00:37
8440,460,1,9772,4.99,2005-06-14 01:20:37
8441,273,1,659,2.99,2005-09-09 06:30:37
8442,6,2,5470,0.99,2005-08-07 21:22:37
8443,432,1,4292,0.99,2005-06-17 08:47:37
8444,246,2,835,7.99,2005-09-23 01:52:37
8445,39,1,7754,5.99,2005-06-11 14:55:37
8446,266,1,13411,0.99,2005-05-26 19:22:37
8447,363,1,11591,1.99,2005-08-07 02:32:37
8448,571,1,7523,9.99,2005-08-12 00:32:37
8449,228,2,8153,8.99,2005-06-17 03:26:37
8450,464,2,8212,4.99,2005-06-24 21:46:37
8451,41,1,15483,1.99,2005-08-03 22:18:37
8452,210,1,10484,3.99,2005-09-19 18:36:37
8453,448,1,8528,4.99,2005-08-06 20:33:37
8454,66,1,2652,8.99,2005-08-16 10:19:37
8455,299,1,10283,3.99,2005-06-18 06:23:37
8456,546,2,12741,0.99,2005-06-09 16:31:37
8457,395,2,7915,2.99,2005-07-01 06:31:37
8458,506,2,15634,6.99,2005-06-02 17:27:37
8459,63,2,5744,8.99,2005-07-24 11:21:37
8460,72,1,651,7.99,2005-07-31 17:20:37
8461,306,2,6799,4.99,2005-06-10 11:56:37
8462,284,2,9723,3.99,2005-06-06 07:09:37
8463,138,2,11387,1.99,2005-08-01 10:18:37
8464,422,1,2806,6.99,2005-06-26 16:02:37
8465,505,1,7000,7.99,2005-08-05 15:49:37
8466,146,2,2590,9.99,2005-06-16 00:07:37
8467,77,2,8329,3.99,2005-06-13 16:23:37
8468,208,1,10585,9.99,2005-06-30 12:18:37
8469,181,1,13515,8.99,2005-09-06 09:07:37
8470,132,1,10117,4.99,2005-08-07 19:29:37
8471,70,2,2993,3.99,2005-07-14 16:04:37
8472,410,2,3974,1.99,2005-09-21 02:59:37
8473,74,2,12026,3.99,2005-06-14 00:26:37
8474,181,1,1095,3.99,2005-08-05 12:24:37
8475,349,2,14371,5.99,2005-09-08 08:43:37
8476,469,1,9909,8.99,2005-09-05 17:07:37
8477,356,2,12194,8.99,2005-06-25 14:35:37
8478,236,2,3123,4.99,2005-08-29 13:18:37
8479,138,1,949,8.99,2005-06-16 03:36:37
8480,460,1,8950,1.99,2005-08-23 17:50:37
8481,182,1,6688,3.99,2005-06-29 19:12:37
8482,434,1,7169,3.99,2005-09-07 06:41:37
8483,5,2,1430,0.99,2005-09-05 21:03:37
8484,213,2,1051,6.99,2005-08-02 00:19:37
8485,146,1,12310,5.99,2005-09-08 05:35:37
8486,449,2,2497,5.99,2005-08-20 14:00:37
8487,486,2,7640,3.99,2005-09-06 09:15:37
8488,390,1,479,8.99,2005-09-05 06:26:37
8489,344,1,9993,7.99,2005-08-31 08:58:37
8490,64,2,13401,9.99,2005-05-31 13:45:37
8491,554,2,9262,1.99,2005-07-01 13:02:37
8492,567,2,5944,7.99,2005-08-05 13:05:37
8493,440,2,9828,0.99,2005-09-19 14:40:37
8494,256,2,12302,9.99,2005-06-20 12:12:37
8495,559,2,5026,8.99,2005-09-01 00:13:37
8496,321,1,12191,5.99,2005-08-22 21:07:37
8497,457,1,454,2.99,2005-09-01 08:52:37
8498,565,1,15679,0.99,2005-09-17 12:59:37
8499,241,2,3584,0.99,2005-05-29 07:30:37
8500,569,1,14466,7.99,2005-08-02 07:41:37
8501,171,2,7716,2.99,2005-08-23 01:09:37
8502,168,2,11291,4.99,2005-06-10 19:29:37
8503,251,1,11600,8.99,2005-07-14 16:38:37
8504,385,2,7217,7.99,2005-08-02 02:18:37
8505,117,1,6727,2.99,2005-05-28 16:09:37
8506,222,1,13574,2.99,2005-07-29 06:37:37
8507,44,2,10960,8.99,2005-07-25 12:01:37
8508,432,1,14965,1.99,2005-08-09 13:08:37
8509,190,1,8399,1.99,2005-09-16 07:35:37
8510,367,1,2464,1.99,2005-06-13 18:32:37
8511,503,2,10191,8.99,2005-07-12 12:04:37
8512,11,2,13127,0.99,2005-08-04 17:58:37
8513,568,1,1702,3.99,2005-06-07 11:33:37
8514,279,1,743,5.99,2005-09-20 11:57:37
8515,141,2,12625,3.99,2005-08-16 23:22:37
8516,181,1,4199,2.99,2005-05-31 12:47:37
8517,159,2,1925,3.99,2005-08-02 02:09:37
8518,478,1,11442,0.99,2005-07-03 10:52:37
8519,333,2,4568,4.99,2005-09-20 14:16:37
8520,143,1,11275,9.99,2005-08-31 02:08:37
8521,114,2,2553,0.99,2005-09-16 05:42:37
8522,370,2,4104,4.99,2005-07-16 06:56:37
8523,289,1,4888,3.99,2005-07-23 00:14:37
8524,425,2,13106,0.99,2005-09-18 23:31:37
8525,404,1,7107,7.99,2005-05-27 12:06:37
8526,122,2,15822,3.99,2005-06-23 16:26:37
8527,397,1,53,5.99,2005-07-01 20:15:37
8528,574,1,8498,3.99,2005-06-05 08:58:37
8529,520,1,15887,9.99,2005-06-22 16:26:37
8530,305,2,10403,4.99,2005-08-28 06:46:37
8531,312,1,15959,2.99,2005-07-05 06:32:37
8532,568,2,8272,6.99,2005-06-14 18:12:37
8533,12,2,7240,9.99,2005-06-08 14:50:37
8534,127,2,6376,0.99,2005-05-26 10:39:37
8535,130,1,2400,5.99,2005-07-26 22:56:37
8536,48,2,1082,7.99,2005-06-04 22:25:37
8537,317,1,5297,0.99,2005-09-11 16:59:37
8538,539,1,7583,6.99,2005-08-18 09:48:37
8539,194,2,3910,3.99,2005-09-01 09:13:37
8540,275,1,1839,6.99,2005-08-29 18:26:37
8541,227,1,2898,0.99,2005-08-17 21:10:37
8542,313,1,15075,0.99,2005-08-26 02:48:37
8543,95,2,14020,8.99,2005-07-28 15:15:37
8544,562,2,6722,2.99,2005-07-29 15:34:37
8545,66,1,6534,1.99,2005-09-17 01:01:37
8546,488,1,10129,0.99,2005-07-28 02:18:37
8547,318,1,3769,0.99,2005-06-21 20:48:37
8548,413,1,13472,2.99,2005-06-11 15:56:37
8549,336,2,12146,1.99,2005-06-22 01:54:37
8550,511,2,15931,8.99,2005-06-08 06:50:37
8551,231,1,13030,0.99,2005-07-26 09:54:37
8552,312,1,3578,3.99,2005-08-27 05:55:37
8553,584,2,13515,8.99,2005-07-08 12:45:37
8554,318,2,13660,2.99,2005-05-26 21:10:37
8555,463,1,3706,1.99,2005-08-09 09:48:37
8556,598,1,4130,6.99,2005-06-21 11:32:37
8557,346,2,13497,4.99,2005-09-05 11:22:37
8558,578,1,298,7.99,2005-08-19 14:21:37
8559,221,2,11354,4.99,2005-08-02 05:14:37
8560,565,2,3155,1.99,2005-08-31 14:28:37
8561,324,2,2521,1.99,2005-05-30 17:27:37
8562,204,1,13499,1.99,2005-07-12 07:18:37
8563,55,1,5927,9.99,2005-09-06 22:07:37
8564,41,2,2387,6.99,2005-06-30 19:08:37
8565,325,2,4887,0.99,2005-09-09 08:55:37
8566,339,2,9720,6.99,2005-09-09 08:31:37
8567,570,2,5251,1.99,2005-09-15 10:21:37
8568,467,2,3972,9.99,2005-08-13 19:58:37
8569,22,1,7711,7.99,2005-09-13 19:17:37
8570,219,2,2159,5.99,2005-09-11 21:01:37
8571,211,2,3797,9.99,2005-07-31 01:36:37
8572,410,2,7831,3.99,2005-07-07 06:15:37
8573,490,1,1381,2.99,2005-08-01 10:01:37
8574,512,1,14842,9.99,2005-08-03 17:05:37
8575,198,1,10492,0.99,2005-07-31 18:55:37
8576,39,1,15378,1.99,2005-08-23 19:51:37
8577,112,2,5887,5.99,2005-07-28 12:02:37
8578,288,1,4911,3.99,2005-07-17 10:59:37
8579,383,1,484,9.99,2005-07-09 23:51:37
8580,377,2,5601,7.99,2005-07-19 20:15:37
8581,28,1,1505,8.99,2005-08-04 16:09:37
8582,80,2,6248,0.99,2005-06-17 12:20:37
8583,87,1,10909,1.99,2005-07-04 09:55:37
8584,419,2,2482,3.99,2005-09-02 11:03:37
8585,95,1,12430,0.99,2005-08-18 06:56:37
8586,552,1,8636,8.99,2005-09-01 07:00:37
8587,452,2,14623,1.99,2005-07-23 23:59:37
8588,292,2,10687,1.99,2005-07-12 18:50:37
8589,120,2,6998,7.99,2005-06-15 14:28:37
8590,324,2,15708,4.99,2005-06-23 20:43:37
8591,82,1,4671,5.99,2005-06-07 10:26:37
8592,173,1,3122,3.99,2005-07-23 13:10:37
8593,209,1,15132,2.99,2005-07-20 14:13:37
8594,164,1,1087,6.99,2005-08-20 23:42:37
8595,16,2,11014,2.99,2005-06-04 17:51:37
8596,316,1,9892,3.99,2005-07-13 21:24:37
8597,417,1,7018,6.99,2005-05-29 18:41:37
8598,304,1,3091,7.99,2005-07-04 00:21:37
8599,24,1,14083,3.99,2005-07-12 04:45:37
8600,187,2,1268,4.99,2005-08-31 19:19:37
8601,440,1,15971,0.99,2005-08-17 07:04:37
8602,516,2,15208,6.99,2005-06-21 12:01:37
8603,537,1,7645,7.99,2005-08-24 22:59:37
8604,91,2,14884,0.99,2005-08-14 02:53:37
8605,440,1,4534,2.99,2005-09-20 20:16:37
8606,425,1,11519,6.99,2005-08-16 17:40:37
8607,356,2,11032,1.99,2005-08-20 04:54:37
8608,9,2,10364,0.99,2005-09-02 19:04:37
8609,353,1,612,0.99,2005-06-13 15:37:37
8610,163,2,7473,2.99,2005-08-12 04:41:37
8611,178,2,1868,0.99,2005-06-18 19:03:37
8612,485,1,13799,9.99,2005-09-12 11:13:37
8613,453,2,2735,1.99,2005-05-29 15:37:37
8614,78,2,10011,5.99,2005-06-05 12:49:37
8615,159,1,14631,0.99,2005-09-22 17:13:37
8616,506,2,15788,6.99,2005-05-27 12:16:37
8617,496,1,1017,2.99,2005-06-20 21:00:37
8618,18,1,1596,6.99,2005-07-31 12:40:37
8619,48,1,8608,1.99,2005-06-25 17:02:37
8620,11,2,14341,9.99,2005-08-22 12:24:37
8621,65,1,8330,0.99,2005-06-14 19:48:37
8622,301,2,4502,8.99,2005-08-11 06:44:37
8623,555,2,7202,4.99,2005-06-14 01:15:37
8624,23,1,8314,7.99,2005-08-28 17:18:37
8625,138,1,5397,4.99,2005-07-14 02:25:37
8626,66,2,9617,3.99,2005-08-21 08:04:37
8627,559,1,3859,6.99,2005-07-16 18:35:37
8628,82,1,7670,5.99,2005-07-18 14:34:37
8629,443,1,3948,3.99,2005-06-07 22:46:37
8630,235,2,6284,2.99,2005-06-18 19:19:37
8631,140,2,750,4.99,2005-08-15 15:36:37
8632,115,1,2484,3.99,2005-09-15 04:35:37
8633,435,2,14398,9.99,2005-07-20 07:52:37
8634,347,1,139,6.99,2005-07-09 19:02:37
8635,187,2,6006,2.99,2005-09-22 18:24:37
8636,357,1,2291,7.99,2005-09-18 11:02:37
8637,434,1,456,1.99,2005-08-26 16:09:37
8638,52,1,4546,7.99,2005-07-20 22:09:37
8639,298,1,13220,3.99,2005-09-09 01:22:37
8640,257,2,1939,9.99,2005-07-17 15:37:37
8641,256,2,3028,4.99,2005-09-10 07:21:37
8642,157,2,6943,5.99,2005-06-10 07:43:37
8643,213,1,7856,5.99,2005-09-02 17:35:37
8644,236,1,7291,0.99,2005-07-13 03:47:37
8645,187,2,4003,3.99,2005-09-22 00:09:37
8646,444,1,3896,5.99,2005-08-09 06:44:37
8647,35,1,11443,7.99,2005-08-17 02:34:37
8648,413,2,6449,6.99,2005-09-15 11:32:37
8649,262,2,6814,4.99,2005-06-13 01:27:37
8650,44,1,4293,1.99,2005-07-05 01:06:37
8651,597,1,15307,2.99,2005-07-19 07:50:37
8652,556,2,5133,7.99,2005-05-26 17:07:37
8653,166,2,11458,0.99,2005-07-26 02:48:37
8654,216,2,1450,4.99,2005-06-22 18:29:37
8655,125,1,9855,3.99,2005-06-04 23:11:37
8656,231,1,6660,4.99,2005-06-14 04:00:37
8657,595,1,12443,1.99,2005-07-05 19:17:37
8658,202,2,1515,8.99,2005-09-15 19:08:37
8659,257,2,11751,2.99,2005-08-03 20:13:37
8660,178,2,5743,9.99,2005-08-26 10:23:37
8661,240,1,8985,3.99,2005-09-15 06:52:37
8662,428,1,5253,8.99,2005-09-17 16:22:37
8663,535,2,8399,1.99,2005-06-11 13:27:37
8664,350,2,4317,5.99,2005-07-07 06:11:37
8665,240,1,3465,5.99,2005-07-13 09:26:37
8666,153,2,7792,0.99,2005-07-26 18:12:37
8667,329,1,5174,6.99,2005-06-14 07:54:37
8668,112,2,12523,6.99,2005-09-08 10:18:37
8669,370,1,12230,5.99,2005-05-26 03:48:37
8670,538,1,5065,5.99,2005-06-29 10:08:37
8671,591,1,2106,6.99,2005-08-28 16:32:37
8672,167,2,15269,1.99,2005-09-15 18:42:37
8673,350,1,15505,5.99,2005-09-19 14:08:37
8674,146,2,6974,5.99,2005-08-05 21:09:37
8675,176,1,1256,8.99,2005-09-13 05:42:37
8676,478,2,15728,0.99,2005-08-18 05:50:37
8677,207,2,6328,0.99,2005-07-09 13:48:37
8678,405,1,350,3.99,2005-09-01 11:14:37
8679,189,2,2005,1.99,2005-09-03 21:29:37
8680,563,2,4932,0.99,2005-07-27 12:17:37
8681,471,2,7151,2.99,2005-07-05 19:23:37
8682,547,1,7087,2.99,2005-06-30 20:07:37
8683,394,1,9022,0.99,2005-08-25 22:58:37
8684,571,2,14377,8.99,2005-07-11 19:54:37
8685,562,1,582,8.99,2005-06-05 00:23:37
8686,218,2,696,4.99,2005-08-18 07:54:37
8687,394,2,15460,5.99,2005-05-30 19:46:37
8688,490,2,14996,7.99,2005-07-31 19:20:37
8689,79,2,6671,9.99,2005-09-16 23:28:37
8690,571,1,6064,2.99,2005-09-01 04:47:37
8691,288,2,9944,0.99,2005-08-07 12:47:37
8692,104,2,5094,3.99,2005-09-21 13:37:37
8693,205,1,1343,5.99,2005-06-20 12:43:37
8694,16,2,8531,7.99,2005-07-06 22:12:37
8695,167,2,5252,2.99,2005-08-11 10:50:37
8696,136,1,11185,9.99,2005-06-22 00:27:37
8697,370,1,9522,9.99,2005-07-10 08:06:37
8698,183,1,10878,5.99,2005-08-14 12:57:37
8699,534,1,4980,2.99,2005-08-13 02:23:37
8700,208,2,1835,3.99,2005-06-11 05:36:37
8701,472,1,9553,9.99,2005-07-26 17:54:37
8702,318,2,12806,9.99,2005-08-01 14:28:37
8703,175,2,10409,9.99,2005-09-15 08:50:37
8704,136,1,10760,5.99,2005-09-16 12:46:37
8705,65,1,9765,2.99,2005-06-02 23:01:37
8706,544,1,9440,1.99,2005-08-28 12:51:37
8707,90,2,4692,0.99,2005-07-25 09:33:37
8708,205,1,6102,2.99,2005-09-11 06:03:37
8709,599,2,6891,5.99,2005-06-19 14:55:37
8710,276,1,11828,4.99,2005-08-05 21:53:37
8711,340,1,13107,1.99,2005-09-04 10:34:37
8712,524,1,7780,4.99,2005-06-11 17:16:37
8713,9,1,480,1.99,2005-08-20 10:24:37
8714,95,1,9236,5.99,2005-09-12 10:11:37
8715,194,2,9411,9.99,2005-07-21 04:16:37
8716,243,2,1136,0.99,2005-08-30 22:37:37
8717,328,2,2140,0.99,2005-09-14 02:56:37
8718,576,2,5236,8.99,2005-07-24 22:54:37
8719,541,1,8964,9.99,2005-05-28 21:03:37
8720,493,2,8625,6.99,2005-07-30 11:06:37
8721,399,2,1761,9.99,2005-07-22 06:06:37
8722,129,1,8237,9.99,2005-06-28 16:51:37
8723,508,1,365,9.99,2005-06-17 20:00:37
8724,193,2,2058,7.99,2005-06-06 01:13:37
8725,28,2,6183,3.99,2005-08-13 07:47:37
8726,449,1,15658,0.99,2005-08-17 07:11:37
8727,479,1,15297,7.99,2005-06-11 16:28:37
8728,383,2,11489,3.99,2005-08-08 13:50:37
8729,268,2,2091,3.99,2005-06-20 08:40:37
8730,508,1,9601,6.99,2005-07-13 12:35:37
8731,27,1,15069,5.99,2005-08-02 07:01:37
8732,280,1,489,9.99,2005-07-11 04:54:37
8733,49,2,565,0.99,2005-08-22 09:48:37
8734,141,2,10377,4.99,2005-09-13 00:27:37
8735,550,1,1920,7.99,2005-06-10 09:05:37
8736,281,2,13536,0.99,2005-06-29 07:28:37
8737,484,1,6800,8.99,2005-06-11 06:15:37
8738,275,2,9514,6.99,2005-06-08 07:18:37
8739,121,1,309,6.99,2005-06-30 01:02:37
8740,492,2,3529,2.99,2005-09-08 07:06:37
8741,535,1,15602,4.99,2005-06-10 18:55:37
8742,447,1,10554,7.99,2005-08-24 15:57:37
8743,475,2,967,0.99,2005-06-04 05:46:37
8744,291,2,6466,9.99,2005-06-24 22:29:37
8745,114,1,9110,2.99,2005-09-16 15:03:37
8746,223,2,3684,9.99,2005-07-21 20:57:37
8747,42,1,14227,5.99,2005-07-10 13:31:37
8748,231,1,3933,7.99,2005-05-28 19:54:37
8749,220,2,7279,8.99,2005-09-09 22:03:37
8750,12,1,8097,8.99,2005-05-30 08:55:37
8751,543,2,567,5.99,2005-07-14 06:54:37
8752,278,2,7273,8.99,2005-07-06 11:18:37
8753,27,1,7539,9.99,2005-08-30 14:30:37
8754,31,2,1488,5.99,2005-09-16 08:33:37
8755,163,1,11631,3.99,2005-06-19 01:58:37
8756,198,1,3156,6.99,2005-07-29 11:24:37
8757,32,1,321,5.99,2005-07-23 06:28:37
8758,460,1,14346,2.99,2005-08-21 21:21:37
8759,33,2,207,4.99,2005-09-12 19:41:37
8760,81,2,8281,1.99,2005-07-06 19:12:37
8761,68,1,4762,2.99,2005-06-13 14:29:37
8762,465,1,568,4.99,2005-06-11 13:00:37
8763,209,2,1933,4.99,2005-06-18 01:46:37
8764,161,1,2488,6.99,2005-08-10 05:25:37
8765,163,2,6593,1.99,2005-07-15 18:09:37
8766,457,2,15365,5.99,2005-07-03 07:46:37
8767,522,2,172,7.99,2005-06-29 04:17:37
8768,538,1,10835,1.99,2005-08-18 22:20:37
8769,54,1,10401,5.99,2005-07-10 13:00:37
8770,341,2,5212,7.99,2005-09-01 08:05:37
8771,140,1,14384,8.99,2005-08-26 10:53:37
8772,124,1,13757,3.99,2005-05-28 14:52:37
8773,65,2,15605,7.99,2005-09-02 07:10:37
8774,273,1,513,9.99,2005-08-28 05:48:37
8775,212,2,690,4.99,2005-09-03 16:09:37
8776,140,2,4520,9.99,2005-07-17 22:22:37
8777,598,2,3162,3.99,2005-09-16 14:57:37
8778,533,1,22,9.99,2005-05-30 09:16:37
8779,512,2,15242,9.99,2005-06-20 14:21:37
8780,275,2,13902,1.99,2005-09-15 05:22:37
8781,574,2,12568,3.99,2005-07-08 05:57:37
8782,311,2,9054,8.99,2005-08-12 07:57:37
8783,200,1,7642,7.99,2005-06-29 08:52:37
8784,548,1,15235,2.99,2005-07-06 12:02:37
8785,585,1,2821,0.99,2005-07-15 02:25:37
8786,397,1,10007,6.99,2005-06-09 18:50:37
8787,18,1,2514,5.99,2005-06-24 20:37:37
8788,463,1,6257,6.99,2005-09-01 22:32:37
8789,216,2,2358,0.99,2005-08-25 10:02:37
8790,303,1,13097,2.99,2005-06-25 00:10:37
8791,494,2,1877,1.99,2005-08-01 13:23:37
8792,567,2,10479,0.99,2005-08-10 20:42:37
8793,564,2,5954,5.99,2005-06-05 08:48:37
8794,231,1,10773,3.99,2005-07-13 07:01:37
8795,598,1,5545,0.99,2005-09-05 22:26:37
8796,322,1,7721,2.99,2005-07-18 14:54:37
8797,25,1,14651,1.99,2005-07-25 20:03:37
8798,362,1,10154,1.99,2005-08-10 19:56:37
8799,226,1,12804,1.99,2005-06-24 20:26:37
8800,272,1,1520,7.99,2005-09-18 17:54:37
8801,308,2,5407,6.99,2005-08-22 08:50:37
8802,589,2,3948,8.99,2005-07-19 10:53:37
8803,537,2,13393,2.99,2005-06-03 23:39:37
8804,496,2,1473,1.99,2005-08-29 23:05:37
8805,112,2,5373,5.99,2005-06-04 14:35:37
8806,333,1,8485,9.99,2005-07-22 13:53:37
8807,412,2,4344,7.99,2005-07-13 01:03:37
8808,357,1,9151,8.99,2005-08-23 17:11:37
8809,124,1,7022,9.99,2005-07-16 06:17:37
8810,563,2,5644,3.99,2005-08-29 18:50:37
8811,250,1,4837,6.99,2005-07-15 05:38:37
8812,79,2,6449,4.99,2005-09-12 12:05:37
8813,335,2,10654,3.99,2005-09-13 20:50:37
8814,31,1,15732,0.99,2005-07-06 02:14:37
8815,384,2,6863,5.99,2005-06-24 16:40:37
8816,572,1,4473,3.99,2005-07-22 00:34:37
8817,255,1,8503,5.99,2005-08-20 15:52:37
8818,88,2,498,8.99,2005-09-11 10:51:37
8819,129,1,8723,0.99,2005-06-14 20:59:37
8820,541,2,12910,6.99,2005-08-31 21:06:37
8821,297,1,120,4.99,2005-09-06 18:07:37
8822,34,1,8711,6.99,2005-07-11 19:59:37
8823,139,1,11496,3.99,2005-06-22 07:14:37
8824,568,2,4166,2.99,2005-06-13 02:01:37
8825,37,2,13692,9.99,2005-08-29 06:09:37
8826,182,1,6946,0.99,2005-08-20 04:39:37
8827,522,1,7296,7.99,2005-05-29 11:10:37
8828,346,1,4993,5.99,2005-08-06 08:02:37
8829,390,2,2377,7.99,2005-08-16 14:29:37
8830,435,2,11333,6.99,2005-08-05 08:25:37
8831,224,1,4960,5.99,2005-06-03 00:34:37
8832,440,2,8313,1.99,2005-08-05 07:59:37
8833,382,2,5211,1.99,2005-09-12 14:09:37
8834,166,1,5343,0.99,2005-08-09 14:38:37
8835,187,2,2910,4.99,2005-06-13 04:42:37
8836,482,1,1236,5.99,2005-06-28 23:24:37
8837,565,2,9343,0.99,2005-06-24 23:35:37
8838,89,1,6598,6.99,2005-08-22 17:35:37
8839,599,2,7695,4.99,2005-07-15 09:55:37
8840,34,1,11019,4.99,2005-06-07 18:19:37
8841,324,1,10558,6.99,2005-08-10 04:49:37
8842,393,2,14932,3.99,2005-08-12 12:39:37
8843,220,2,12226,4.99,2005-07-20 14:18:37
8844,16,2,1526,8.99,2005-07-28 23:23:37
8845,176,2,10638,1.99,2005-06-21 18:06:37
8846,81,2,780,1.99,2005-07-30 05:50:37
8847,136,2,852,7.99,2005-09-08 18:11:37
8848,340,2,361,6.99,2005-06-14 12:00:37
8849,390,2,12166,0.99,2005-06-23 21:51:37
8850,513,1,3835,4.99,2005-08-30 00:43:37
8851,11,2,4938,9.99,2005-07-05 23:18:37
8852,30,1,1761,6.99,2005-06-22 16:13:37
8853,582,2,8022,0.99,2005-06-21 13:59:37
8854,114,1,143,2.99,2005-07-03 10:52:37
8855,169,2,5373,0.99,2005-08-18 22:02:37
8856,127,2,11521,8.99,2005-08-02 05:06:37
8857,313,2,6995,0.99,2005-06-25 03:23:37
8858,376,2,5889,5.99,2005-07-21 05:19:37
8859,254,1,10104,0.99,2005-07-21 22:16:37
8860,137,2,9403,5.99,2005-08-22 16:15:37
8861,555,2,3660,6.99,2005-07-10 09:10:37
8862,385,2,4573,0.99,2005-07-06 23:09:37
8863,45,2,8058,2.99,2005-08-19 05:17:37
8864,250,1,12920,0.99,2005-06-29 07:47:37
8865,524,2,7717,5.99,2005-07-19 15:12:37
8866,574,1,14592,0.99,2005-09-07 15:16:37
8867,435,1,15342,1.99,2005-09-16 13:39:37
8868,484,1,4650,0.99,2005-07-19 11:00:37
8869,416,1,9253,0.99,2005-05-30 21:16:37
8870,434,2,8960,8.99,2005-07-08 09:37:37
8871,497,2,2520,8.99,2005-08-01 12:11:37
8872,446,2,15326,3.99,2005-08-20 14:34:37
8873,459,1,7661,0.99,2005-06-12 15:45:37
8874,429,1,15827,8.99,2005-08-27 11:30:37
8875,324,1,3874,5.99,2005-06-13 12:28:37
8876,295,1,3095,8.99,2005-09-19 07:26:37
8877,344,2,12160,3.99,2005-06-23 04:27:37
8878,368,1,14219,2.99,2005-08-26 07:36:37
8879,156,1,296,7.99,2005-09-23 03:42:37
8880,271,2,12119,5.99,2005-06-06 13:46:37
8881,35,1,1843,1.99,2005-07-08 18:38:37
8882,427,1,7963,5.99,2005-07-01 13:25:37
8883,190,1,6042,3.99,2005-06-16 07:43:37
8884,577,1,1678,9.99,2005-06-11 04:37:37
8885,544,1,12235,1.99,2005-08-08 04:03:37
8886,478,2,272,3.99,2005-07-30 11:02:37
8887,565,2,3845,6.99,2005-08-10 17:38:37
8888,215,1,2638,9.99,2005-06-21 12:35:37
8889,66,1,3526,2.99,2005-08-01 12:18:37
8890,136,2,6628,6.99,2005-07-08 20:01:37
8891,350,1,110,6.99,2005-09-11 03:31:37
8892,391,2,4627,4.99,2005-07-22 11:02:37
8893,374,2,3330,3.99,2005-08-10 22:11:37
8894,456,2,2461,9.99,2005-09-18 05:12:37
8895,473,2,15765,2.99,2005-09-12 02:16:37
8896,12,1,4557,3.99,2005-07-07 12:57:37
8897,88,2,11954,0.99,2005-05-28 18:06:37
8898,82,1,4975,7.99,2005-09-13 08:19:37
8899,337,2,10681,9.99,2005-09-15 19:21:37
8900,23,1,3465,5.99,2005-07-10 06:06:37
8901,264,2,965,2.99,2005-07-10 17:06:37
8902,519,1,14116,9.99,2005-07-23 14:09:37
8903,372,2,8837,9.99,2005-08-28 09:57:37
8904,183,2,6191,4.99,2005-08-27 01:36:37
8905,375,2,8414,6.99,2005-07-23 11:11:37
8906,169,1,7199,5.99,2005-08-06 16:11:37
8907,267,2,373,4.99,2005-06-16 16:55:37
8908,380,2,9360,5.99,2005-09-01 14:38:37
8909,183,2,13700,6.99,2005-08-09 23:44:37
8910,527,1,4222,0.99,2005-06-09 09:50:37
8911,254,1,7281,1.99,2005-08-24 06:21:37
8912,499,1,15657,5.99,2005-07-11 04:29:37
8913,518,2,1000,6.99,2005-09-05 01:28:37
8914,345,2,14812,9.99,2005-08-17 22:03:37
8915,258,2,7021,0.99,2005-06-24 12:42:37
8916,338,1,6750,0.99,2005-07-10 17:58:37
8917,187,2,439,2.99,2005-09-01 16:30:37
8918,249,1,5641,2.99,2005-07-12 20:20:37
8919,304,2,3250,0.99,2005-06-30 18:54:37
8920,361,2,8175,1.99,2005-08-07 05:48:37
8921,487,2,9330,4.99,2005-06-27 23:45:37
8922,430,2,11549,8.99,2005-06-20 00:30:37
8923,336,1,12925,8.99,2005-08-19 19:33:37
8924,359,1,477,0.99,2005-09-21 13:12:37
8925,204,2,1956,2.99,2005-07-21 05:06:37
8926,335,2,12928,1.99,2005-09-06 01:17:37
8927,381,1,2699,0.99,2005-08-22 20:32:37
8928,271,2,4424,8.99,2005-07-14 16:42:37
8929,254,2,6063,2.99,2005-07-17 00:52:37
8930,227,2,10763,7.99,2005-09-03 20:30:37
8931,190,2,11801,8.99,2005-08-27 18:27:37
8932,441,2,15854,2.99,2005-08-16 03:23:37
8933,488,2,5027,0.99,2005-07-20 20:38:37
8934,131,1,13193,4.99,2005-05-28 20:45:37
8935,531,1,5675,9.99,2005-09-19 12:38:37
8936,422,2,592,6.99,2005-09-20 17:11:37
8937,414,1,859,7.99,2005-09-09 23:03:37
8938,451,1,11126,3.99,2005-05-28 07:35:37
8939,343,2,6938,7.99,2005-09-06 04:21:37
8940,219,2,5409,7.99,2005-08-09 05:36:37
8941,184,1,6606,4.99,2005-06-11 22:01:37
8942,23,2,10878,1.99,2005-09-14 03:37:37
8943,84,2,8637,9.99,2005-06-15 11:37:37
8944,376,2,14176,1.99,2005-07-30 07:49:37
8945,453,2,558,2.99,2005-08-22 21:56:37
8946,49,1,14085,8.99,2005-07-15 01:02:37
8947,87,2,9863,9.99,2005-05-27 04:43:37
8948,584,2,12237,4.99,2005-08-20 11:10:37
8949,403,2,5800,6.99,2005-08-06 15:46:37
8950,32,2,13992,1.99,2005-06-23 03:33:37
8951,227,2,1130,7.99,2005-07-21 01:58:37
8952,510,1,3215,5.99,2005-06-08 14:16:37
8953,550,1,13190,0.99,2005-07-22 05:54:37
8954,452,2,4447,8.99,2005-07-08 17:35:37
8955,67,2,11894,7.99,2005-05-28 15:05:37
8956,83,2,10958,2.99,2005-07-09 16:19:37
8957,156,1,1253,4.99,2005-06-06 23:38:37
8958,223,1,2596,7.99,2005-09-14 03:07:37
8959,87,2,15309,1.99,2005-07-05 21:14:37
8960,316,1,11979,0.99,2005-09-15 16:16:37
8961,348,1,12509,0.99,2005-08-03 01:59:37
8962,213,1,5097,2.99,2005-08-24 10:14:37
8963,415,2,281,1.99,2005-07-27 11:29:37
8964,539,2,2324,0.99,2005-08-30 13:13:37
8965,421,1,6408,1.99,2005-07-02 20:17:37
8966,546,1,10631,3.99,2005-06-01 15:17:37
8967,356,2,13345,5.99,2005-07-17 11:20:37
8968,527,2,15735,4.99,2005-06-21 06:10:37
8969,246,2,1053,7.99,2005-07-25 06:09:37
8970,520,2,1684,4.99,2005-08-06 10:16:37
8971,119,1,12182,4.99,2005-09-03 15:48:37
8972,56,1,6979,3.99,2005-06-05 09:19:37
8973,361,1,11916,1.99,2005-08-02 14:00:37
8974,448,2,9404,5.99,2005-07-08 15:13:37
8975,431,2,2624,8.99,2005-05-31 13:10:37
8976,225,1,15526,3.99,2005-08-03 20:49:37
8977,193,2,6274,4.99,2005-09-07 06:45:37
8978,300,1,5342,0.99,2005-09-03 17:57:37
8979,454,1,14351,4.99,2005-06-03 00:52:37
8980,352,1,8689,0.99,2005-09-04 14:43:37
8981,119,2,11642,9.99,2005-08-21 15:55:37
8982,579,1,2227,5.99,2005-06-30 22:43:37
8983,219,2,12853,2.99,2005-08-26 17:06:37
8984,29,1,14524,5.99,2005-08-30 10:14:37
8985,216,2,6197,0.99,2005-08-16 11:48:37
8986,352,2,619,1.99,2005-06-05 12:17:37
8987,586,2,15428,7.99,2005-06-08 14:43:37
8988,265,2,13173,0.99,2005-09-12 01:38:37
8989,421,2,7749,9.99,2005-06-23 04:06:37
8990,208,2,7944,6.99,2005-07-16 09:16:37
8991,134,2,1758,6.99,2005-06-20 06:34:37
8992,191,2,11934,6.99,2005-08-29 00:25:37
8993,66,2,15013,7.99,2005-07-15 15:23:37
8994,472,2,2666,8.99,2005-07-04 16:07:37
8995,2,1,2417,6.99,2005-06-23 21:43:37
8996,586,2,6515,7.99,2005-08-28 12:53:37
8997,526,2,4112,4.99,2005-06-16 03:44:37
8998,113,2,13360,9.99,2005-08-26 08:56:37
8999,124,2,13020,8.99,2005-08-10 21:48:37
9000,286,2,15849,5.99,2005-06-03 03:37:37
9001,512,2,1300,6.99,2005-06-04 00:24:37
9002,490,2,6570,1.99,2005-07-23 21:18:37
9003,544,1,11144,4.99,2005-07-31 06:16:37
9004,461,2,13280,1.99,2005-08-10 12:53:37
9005,88,1,14478,1.99,2005-09-21 13:50:37
9006,18,2,5769,6.99,2005-07-11 23:53:37
9007,21,1,11479,1.99,2005-05-30 23:04:37
9008,165,1,1136,5.99,2005-09-13 19:35:37
9009,561,1,7906,4.99,2005-07-17 00:10:37
9010,385,2,811,5.99,2005-06-29 23:22:37
9011,340,1,12677,1.99,2005-06-24 21:14:37
9012,116,1,19,5.99,2005-08-03 07:22:37
9013,585,2,9479,0.99,2005-08-23 16:35:37
9014,299,2,4066,9.99,2005-05-27 04:53:37
9015,537,2,10228,7.99,2005-05-28 04:12:37
9016,574,1,5680,6.99,2005-09-20 20:14:37
9017,85,1,13399,8.99,2005-08-16 07:09:37
9018,405,1,7043,5.99,2005-06-23 05:34:37
9019,281,2,3274,2.99,2005-08-12 19:47:37
9020,268,1,13587,5.99,2005-06-10 14:31:37
9021,331,1,6489,7.99,2005-09-10 19:51:37
9022,225,1,1566,3.99,2005-09-14 04:43:37
9023,123,1,3331,7.99,2005-09-13 02:59:37
9024,446,1,6811,3.99,2005-05-26 22:11:37
9025,77,2,4919,5.99,2005-08-11 02:37:37
9026,134,1,12490,3.99,2005-07-17 04:35:37
9027,71,1,14527,7.99,2005-08-07 12:44:37
9028,99,2,12380,2.99,2005-07-28 00:18:37
9029,53,2,7168,8.99,2005-09-12 02:44:37
9030,258,2,12665,2.99,2005-06-03 14:28:37
9031,99,1,7156,4.99,2005-09-14 21:07:37
9032,27,2,9296,3.99,2005-07-08 22:27:37
9033,210,2,5123,1.99,2005-06-08 18:38:37
9034,33,1,7187,5.99,2005-05-31 08:11:37
9035,189,1,7334,5.99,2005-09-21 17:30:37
9036,126,1,11949,5.99,2005-06-09 15:32:37
9037,277,2,7976,5.99,2005-06-19 17:34:37
9038,154,1,2666,9.99,2005-08-28 07:36:37
9039,59,2,15385,8.99,2005-07-31 10:13:37
9040,242,1,13665,3.99,2005-06-18 10:38:37
9041,126,2,8437,9.99,2005-06-10 14:05:37
9042,279,2,15727,8.99,2005-08-01 01:33:37
9043,387,1,9394,2.99,2005-07-15 08:36:37
9044,197,2,11360,5.99,2005-06-23 18:33:37
9045,447,2,2560,0.99,2005-07-04 09:32:37
9046,537,2,15448,6.99,2005-08-25 00:07:37
9047,29,2,757,9.99,2005-07-04 04:15:37
9048,498,1,2818,7.99,2005-06-02 12:22:37
9049,473,2,6618,8.99,2005-08-28 00:13:37
9050,183,2,13093,2.99,2005-08-13 12:15:37
9051,390,2,9074,6.99,2005-07-09 22:46:37
9052,484,2,9465,9.99,2005-08-11 19:24:37
9053,228,2,3867,2.99,2005-09-12 14:36:37
9054,493,2,12025,9.99,2005-09-21 09:14:37
9055,95,1,12039,6.99,2005-08-12 11:40:37
9056,386,2,1908,6.99,2005-07-31 02:28:37
9057,95,2,15681,1.99,2005-06-23 07:25:37
9058,502,2,15834,7.99,2005-09-05 03:19:37
9059,44,2,10964,3.99,2005-08-02 00:08:37
9060,258,2,3998,9.99,2005-06-30 05:14:37
9061,224,1,8954,3.99,2005-08-01 15:09:37
9062,436,2,13575,7.99,2005-06-08 06:49:37
9063,393,2,14708,8.99,2005-07-07 20:04:37
9064,476,1,4772,9.99,2005-06-01 19:13:37
9065,589,2,2233,9.99,2005-06-02 15:57:37
9066,272,1,6068,2.99,2005-07-26 14:50:37
9067,27,2,10479,4.99,2005-08-20 19:16:37
9068,46,1,2940,9.99,2005-07-10 15:04:37
9069,412,1,6264,5.99,2005-08-29 10:14:37
9070,27,2,12863,0.99,2005-08-09 07:42:37
9071,201,2,8402,8.99,2005-06-16 17:15:37
9072,359,2,8372,3.99,2005-05-26 10:24:37
9073,238,2,185,6.99,2005-05-29 09:15:37
9074,101,2,12577,7.99,2005-06-22 02:29:37
9075,79,2,6776,0.99,2005-07-21 01:14:37
9076,476,2,1371,1.99,2005-09-16 06:35:37
9077,370,2,2568,7.99,2005-09-22 08:08:37
9078,450,2,5524,5.99,2005-09-19 21:39:37
9079,330,2,1922,9.99,2005-08-09 05:58:37
9080,475,1,3900,5.99,2005-07-10 15:06:37
9081,178,2,8026,0.99,2005-06-01 04:03:37
9082,72,2,15026,2.99,2005-08-25 19:52:37
9083,37,1,7993,4.99,2005-06-11 00:44:37
9084,551,2,3631,3.99,2005-06-04 02:19:37
9085,461,2,4082,6.99,2005-08-14 12:57:37
9086,518,2,8193,9.99,2005-08-25 01:55:37
9087,70,1,11635,8.99,2005-07-12 14:13:37
9088,13,2,630,2.99,2005-08-04 19:52:37
9089,576,1,12489,9.99,2005-06-02 04:50:37
9090,424,2,10238,0.99,2005-07-01 09:41:37
9091,141,2,9210,3.99,2005-09-19 07:18:37
9092,469,2,7128,6.99,2005-07-28 14:14:37
9093,104,1,5658,0.99,2005-08-16 13:24:37
9094,342,2,15185,7.99,2005-09-09 12:54:37
9095,301,1,12474,0.99,2005-06-14 00:17:37
9096,454,1,14019,6.99,2005-07-31 00:40:37
9097,463,1,4719,5.99,2005-08-10 02:02:37
9098,280,1,88,6.99,2005-09-04 19:09:37
9099,153,2,10827,0.99,2005-08-21 20:46:37
9100,249,2,9422,3.99,2005-08-01 10:54:37
9101,450,1,7283,1.99,2005-07-26 05:17:37
9102,239,2,2800,2.99,2005-07-23 07:32:37
9103,481,2,7629,3.99,2005-06-23 14:00:37
9104,502,1,8903,8.99,2005-06-16 08:51:37
9105,400,2,2535,0.99,2005-08-10 14:13:37
9106,484,2,7664,3.99,2005-08-02 08:21:37
9107,585,2,13218,2.99,2005-07-26 17:06:37
9108,536,1,819,3.99,2005-09-04 09:24:37
9109,168,2,5173,3.99,2005-09-02 22:13:37
9110,567,1,2762,8.99,2005-08-24 19:29:37
9111,133,2,15662,6.99,2005-06-26 03:21:37
9112,419,2,9110,6.99,2005-08-12 05:16:37
9113,357,1,12220,8.99,2005-06-20 07:01:37
9114,391,1,205,7.99,2005-07-15 14:31:37
9115,290,2,6610,7.99,2005-09-15 02:10:37
9116,69,1,10321,5.99,2005-06-26 13:04:37
9117,101,2,10769,1.99,2005-08-17 09:51:37
9118,545,1,538,5.99,2005-07-25 23:04:37
9119,505,2,14996,8.99,2005-07-27 06:42:37
9120,48,1,14295,7.99,2005-06-09 13:58:37
9121,20,1,3597,9.99,2005-08-25 09:59:37
9122,241,1,8975,7.99,2005-06-15 04:04:37
9123,145,1,3501,4.99,2005-06-12 13:46:37
9124,67,2,12059,7.99,2005-06-20 19:35:37
9125,359,2,7380,5.99,2005-09-07 08:22:37
9126,175,2,9781,7.99,2005-07-27 12:56:37
9127,373,1,1502,3.99,2005-06-13 03:20:37
9128,466,2,4834,9.99,2005-09-21 17:25:37
9129,246,1,3009,5.99,2005-08-03 21:18:37
9130,337,1,2746,3.99,2005-09-01 04:26:37
9131,341,2,10607,6.99,2005-05-28 06:59:37
9132,200,2,6440,0.99,2005-08-20 18:19:37
9133,65,1,9385,8.99,2005-08-13 10:22:37
9134,202,1,3516,9.99,2005-08-17 02:33:37
9135,166,2,655,3.99,2005-09-17 08:42:37
9136,39,2,5657,9.99,2005-07-09 21:34:37
9137,488,2,7609,8.99,2005-06-12 10:57:37
9138,564,2,7062,1.99,2005-08-22 12:43:37
9139,112,1,10959,3.99,2005-06-16 21:33:37
9140,441,1,11558,7.99,2005-07-08 01:32:37
9141,311,1,14441,2.99,2005-07-28 07:01:37
9142,381,2,1452,5.99,2005-08-13 01:50:37
9143,202,2,3097,2.99,2005-09-02 11:22:37
9144,119,2,10146,1.99,2005-05-25 11:34:37
9145,255,2,1134,7.99,2005-07-08 20:55:37
9146,212,2,13968,2.99,2005-06-26 05:03:37
9147,418,2,12742,5.99,2005-09-02 04:53:37
9148,456,2,9293,5.99,2005-08-10 14:49:37
9149,338,1,1442,5.99,2005-08-28 21:42:37
9150,594,1,12158,2.99,2005-06-18 09:28:37
9151,37,1,15864,5.99,2005-06-26 19:00:37
9152,47,2,10579,1.99,2005-06-30 04:09:37
9153,136,1,3932,7.99,2005-06-23 14:17:37
9154,164,2,11081,4.99,2005-06-26 20:12:37
9155,344,1,3824,6.99,2005-08-30 22:11:37
9156,123,2,15677,3.99,2005-09-04 06:59:37
9157,258,1,5530,4.99,2005-08-26 01:15:37
9158,317,2,9029,9.99,2005-08-31 16:17:37
9159,325,1,1423,9.99,2005-09-22 07:00:37
9160,481,1,8868,4.99,2005-06-26 10:31:37
9161,540,1,5736,4.99,2005-06-28 19:20:37
9162,210,1,15761,5.99,2005-08-30 09:32:37
9163,314,2,10837,9.99,2005-06-22 09:09:37
9164,176,2,5990,8.99,2005-05-28 11:07:37
9165,6,2,68,5.99,2005-08-03 05:07:37
9166,147,1,8737,5.99,2005-09-10 09:41:37
9167,571,1,7947,1.99,2005-09-05 22:46:37
9168,447,2,7825,0.99,2005-05-31 20:06:37
9169,228,2,8908,2.99,2005-07-03 16:50:37
9170,332,2,44,2.99,2005-06-18 21:46:37
9171,282,1,7565,3.99,2005-09-18 22:50:37
9172,469,2,10586,1.99,2005-07-27 19:45:37
9173,548,2,7429,5.99,2005-07-10 12:21:37
9174,133,2,4309,5.99,2005-08-22 07:53:37
9175,77,1,15635,6.99,2005-05-31 10:46:37
9176,448,1,11209,0.99,2005-09-09 18:05:37
9177,64,2,1414,8.99,2005-09-06 13:08:37
9178,277,2,11134,8.99,2005-07-12 20:44:37
9179,85,1,12458,2.99,2005-08-09 10:09:37
9180,231,2,8293,4.99,2005-07-07 10:40:37
9181,300,2,6961,4.99,2005-08-23 17:36:37
9182,57,1,12205,8.99,2005-08-27 06:10:37
9183,571,1,13461,6.99,2005-08-03 12:06:37
9184,488,2,13695,2.99,2005-07-04 10:13:37
9185,126,2,5179,5.99,2005-06-04 23:27:37
9186,465,1,5100,6.99,2005-06-11 14:32:37
9187,14,1,5957,8.99,2005-06-17 10:55:37
9188,243,2,13402,7.99,2005-09-19 01:11:37
9189,505,2,3716,4.99,2005-07-03 21:23:37
9190,365,1,5612,6.99,2005-06-29 03:40:37
9191,13,2,15964,4.99,2005-09-10 01:17:37
9192,543,1,6711,1.99,2005-09-17 18:18:37
9193,536,1,12022,1.99,2005-09-11 18:25:37
9194,408,1,3621,8.99,2005-08-22 14:54:37
9195,347,1,2592,8.99,2005-06-28 17:53:37
9196,94,2,5236,0.99,2005-05-26 09:26:37
9197,59,2,4492,3.99,2005-06-06 13:12:37
9198,570,2,9006,3.99,2005-07-16 16:50:37
9199,261,2,9906,1.99,2005-07-11 20:49:37
9200,277,1,3971,6.99,2005-05-29 22:14:37
9201,388,1,849,9.99,2005-07-10 11:04:37
9202,164,2,7286,6.99,2005-06-05 04:07:37
9203,253,2,8274,8.99,2005-05-26 13:13:37
9204,43,2,14768,6.99,2005-07-27 02:08:37
9205,334,1,11114,0.99,2005-08-13 10:48:37
9206,107,2,7689,0.99,2005-06-24 05:39:37
9207,494,1,8300,3.99,2005-08-16 03:32:37
9208,394,2,13235,0.99,2005-07-09 12:04:37
9209,428,1,4613,8.99,2005-07-12 10:12:37
9210,548,2,9006,4.99,2005-08-19 18:44:37
9211,55,1,12782,7.99,2005-06-29 00:44:37
9212,327,1,4907,8.99,2005-09-12 02:24:37
9213,181,2,796,2.99,2005-09-19 04:57:37
9214,226,1,3116,8.99,2005-08-31 22:24:37
9215,241,2,14111,9.99,2005-07-10 07:03:37
9216,417,1,4184,0.99,2005-07-19 18:40:37
9217,437,2,332,4.99,2005-07-07 07:06:37
9218,536,2,2375,7.99,2005-08-06 06:12:37
9219,507,2,14507,4.99,2005-06-07 19:38:37
9220,268,1,14067,5.99,2005-08-29 20:06:37
9221,503,2,3017,5.99,2005-07-12 19:08:37
9222,126,1,6020,4.99,2005-08-09 19:00:37
9223,267,2,3345,7.99,2005-05-27 08:21:37
9224,256,1,9964,3.99,2005-09-22 11:46:37
9225,333,1,15296,5.99,2005-07-22 11:33:37
9226,434,2,3907,1.99,2005-07-22 13:08:37
9227,257,2,70,4.99,2005-05-30 02:30:37
9228,417,2,12037,7.99,2005-07-23 05:54:37
9229,259,2,2717,4.99,2005-06-26 20:09:37
9230,18,1,14770,1.99,2005-06-29 22:13:37
9231,463,2,9309,5.99,2005-08-27 17:29:37
9232,496,2,13737,9.99,2005-07-11 18:21:37
9233,285,1,12217,9.99,2005-06-25 02:47:37
9234,236,1,12727,2.99,2005-08-19 10:53:37
9235,65,1,5385,7.99,2005-06-15 18:25:37
9236,422,1,4063,7.99,2005-07-29 22:06:37
9237,570,1,7272,8.99,2005-06-05 07:03:37
9238,132,1,2477,0.99,2005-08-31 21:52:37
9239,534,2,5095,0.99,2005-06-23 02:13:37
9240,320,2,3282,2.99,2005-09-23 10:16:37
9241,20,2,4622,7.99,2005-06-22 03:56:37
9242,456,1,5330,6.99,2005-06-17 08:23:37
9243,554,1,11390,3.99,2005-09-05 01:18:37
9244,230,2,10127,3.99,2005-09-02 08:55:37
9245,475,1,10817,0.99,2005-09-06 05:41:37
9246,390,2,5216,5.99,2005-08-24 09:37:37
9247,268,2,7313,0.99,2005-08-25 07:06:37
9248,204,1,13487,1.99,2005-07-12 11:08:37
9249,343,2,6582,4.99,2005-08-30 12:28:37
9250,55,2,8541,3.99,2005-06-02 03:46:37
9251,189,1,12453,1.99,2005-08-07 04:26:37
9252,570,1,4061,0.99,2005-06-01 06:57:37
9253,452,2,15087,4.99,2005-09-01 23:34:37
9254,126,2,3002,9.99,2005-09-12 14:51:37
9255,197,2,11575,6.99,2005-06-09 19:31:37
9256,66,1,650,7.99,2005-06-28 05:07:37
9257,289,1,5405,7.99,2005-06-20 23:50:37
9258,494,2,13856,2.99,2005-06-14 15:36:37
9259,282,2,2630,6.99,2005-07-28 01:07:37
9260,151,2,6071,9.99,2005-07-21 22:08:37
9261,461,2,10940,5.99,2005-09-01 22:13:37
9262,454,2,3091,6.99,2005-08-11 12:00:37
9263,199,2,7165,9.99,2005-06-11 10:08:37
9264,285,2,1364,7.99,2005-06-11 10:43:37
9265,375,2,13277,7.99,2005-06-05 03:33:37
9266,415,1,11199,3.99,2005-08-22 21:12:37
9267,443,2,53,8.99,2005-08-01 14:25:37
9268,404,2,15399,3.99,2005-07-25 11:47:37
9269,14,2,12638,6.99,2005-07-19 22:37:37
9270,535,1,15308,5.99,2005-07-03 22:08:37
9271,405,2,9913,3.99,2005-07-30 10:14:37
9272,543,1,14146,5.99,2005-09-08 19:27:37
9273,17,2,6488,5.99,2005-08-17 06:10:37
9274,351,2,10527,2.99,2005-09-09 01:20:37
9275,364,1,5050,2.99,2005-08-14 18:29:37
9276,110,1,15045,9.99,2005-06-04 00:37:37
9277,309,2,1891,5.99,2005-06-16 16:21:37
9278,298,2,15787,6.99,2005-08-17 10:35:37
9279,503,2,1856,6.99,2005-07-07 08:47:37
9280,20,2,5357,2.99,2005-05-29 10:20:37
9281,315,1,9740,6.99,2005-06-19 00:34:37
9282,3,2,11319,6.99,2005-07-13 10:36:37
9283,300,1,9637,9.99,2005-07-02 08:50:37
9284,228,2,4932,7.99,2005-08-14 06:58:37
9285,204,2,5955,1.99,2005-06-21 12:28:37
9286,50,1,394,4.99,2005-07-14 12:20:37
9287,254,1,15587,9.99,2005-09-11 16:01:37
9288,142,2,3530,7.99,2005-05-30 22:38:37
9289,387,1,14166,5.99,2005-08-22 02:09:37
9290,452,1,8486,1.99,2005-09-18 14:54:37
9291,572,2,8101,8.99,2005-09-10 00:27:37
9292,247,1,12524,7.99,2005-08-10 09:36:37
9293,31,1,7131,1.99,2005-07-28 06:56:37
9294,47,1,15156,6.99,2005-07-16 16:10:37
9295,46,1,12454,9.99,2005-05-31 13:46:37
9296,95,2,13235,1.99,2005-09-21 15:43:37
9297,578,1,12465,1.99,2005-08-11 01:12:37
9298,110,1,15927,4.99,2005-07-02 11:22:37
9299,261,2,3297,4.99,2005-07-05 17:50:37
9300,536,1,13048,5.99,2005-09-03 07:23:37
9301,262,2,284,5.99,2005-08-10 15:36:37
9302,24,1,9342,7.99,2005-08-07 11:23:37
9303,215,2,8168,7.99,2005-06-10 21:13:37
9304,93,2,11402,6.99,2005-09-12 08:34:37
9305,59,2,8489,8.99,2005-08-23 07:14:37
9306,279,2,14475,6.99,2005-08-27 05:53:37
9307,236,2,10519,7.99,2005-07-02 22:02:37
9308,133,1,13375,6.99,2005-07-14 15:46:37
9309,1,1,14293,7.99,2005-07-01 13:26:37
9310,123,1,15882,8.99,2005-06-12 15:23:37
9311,485,2,1073,3.99,2005-08-10 19:15:37
9312,597,1,14573,5.99,2005-07-19 00:22:37
9313,396,2,1805,3.99,2005-08-10 22:57:37
9314,401,1,15077,4.99,2005-08-20 21:41:37
9315,342,2,13994,1.99,2005-06-30 02:54:37
9316,418,2,5246,7.99,2005-09-04 23:30:37
9317,151,2,2489,8.99,2005-07-25 13:02:37
9318,215,2,8620,5.99,2005-08-15 21:38:37
9319,357,1,14478,9.99,2005-09-08 00:55:37
9320,234,1,6648,1.99,2005-09-10 23:27:37
9321,557,2,8904,7.99,2005-09-16 22:54:37
9322,18,2,9783,2.99,2005-07-12 02:42:37
9323,473,1,10401,6.99,2005-06-19 17:36:37
9324,384,1,13630,9.99,2005-09-17 01:21:37
9325,567,2,11193,6.99,2005-08-06 00:55:37
9326,56,2,11597,7.99,2005-09-20 05:04:37
9327,206,1,11391,4.99,2005-09-14 17:06:37
9328,420,2,8655,6.99,2005-06-18 07:47:37
9329,217,2,13218,0.99,2005-09-09 00:34:37
9330,27,2,9608,7.99,2005-06-02 06:11:37
9331,212,2,14191,2.99,2005-07-30 23:47:37
9332,80,1,7822,0.99,2005-07-08 17:44:37
9333,584,1,14974,4.99,2005-08-20 15:13:37
9334,166,2,11723,0.99,2005-06-14 22:47:37
9335,228,1,11116,8.99,2005-07-17 08:50:37
9336,504,2,6983,6.99,2005-07-04 10:43:37
9337,339,1,15846,5.99,2005-06-30 07:34:37
9338,452,2,6161,3.99,2005-08-11 10:34:37
9339,16,1,2572,3.99,2005-06-01 11:15:37
9340,18,2,2336,9.99,2005-07-08 08:38:37
9341,302,1,12208,3.99,2005-06-12 00:12:37
9342,338,2,9084,8.99,2005-08-11 17:07:37
9343,267,1,8502,7.99,2005-09-15 18:18:37
9344,301,1,4319,2.99,2005-09-22 23:02:37
9345,325,2,9393,9.99,2005-09-16 09:45:37
9346,101,2,15118,4.99,2005-07-20 19:57:37
9347,247,2,7980,4.99,2005-08-26 14:04:37
9348,292,2,2347,4.99,2005-08-08 18:30:37
9349,134,1,1963,1.99,2005-05-27 15:31:37
9350,540,2,15149,7.99,2005-06-29 20:46:37
9351,411,2,4677,4.99,2005-09-11 19:35:37
9352,408,2,13980,2.99,2005-07-07 09:33:37
9353,136,1,8289,3.99,2005-08-07 17:26:37
9354,79,2,5487,4.99,2005-06-17 22:00:37
9355,368,2,11161,4.99,2005-08-23 19:18:37
9356,17,2,15136,7.99,2005-09-20 09:02:37
9357,432,1,14896,6.99,2005-06-21 11:10:37
9358,325,1,6290,6.99,2005-06-09 20:03:37
9359,460,2,562,7.99,2005-09-12 00:34:37
9360,132,1,12053,6.99,2005-08-11 17:41:37
9361,351,2,9612,6.99,2005-07-04 20:54:37
9362,341,1,12337,9.99,2005-07-22 07:34:37
9363,76,1,12751,6.99,2005-09-19 16:45:37
9364,543,2,2,0.99,2005-07-04 23:00:37
9365,46,1,1070,5.99,2005-08-18 23:27:37
9366,512,2,546,7.99,2005-09-14 14:41:37
9367,322,1,11933,4.99,2005-08-24 10:35:37
9368,523,2,15773,6.99,2005-05-27 10:10:37
9369,399,2,9357,0.99,2005-09-15 08:59:37
9370,142,2,6479,7.99,2005-07-07 13:46:37
9371,306,2,13325,0.99,2005-06-06 12:52:37
9372,385,1,10143,5.99,2005-07-21 20:42:37
9373,133,1,14282,6.99,2005-07-29 17:41:37
9374,117,1,12597,0.99,2005-06-23 03:47:37
9375,338,1,10627,3.99,2005-09-09 06:51:37
9376,118,1,10254,9.99,2005-09-07 18:31:37
9377,206,2,6739,4.99,2005-07-24 17:30:37
9378,371,2,1090,8.99,2005-09-03 12:49:37
9379,186,1,570,8.99,2005-07-07 12:34:37
9380,549,2,3190,5.99,2005-08-04 07:31:37
9381,558,1,12723,6.99,2005-09-19 16:21:37
9382,300,1,8919,7.99,2005-07-14 18:26:37
9383,495,2,9096,0.99,2005-08-22 13:23:37
9384,65,2,582,5.99,2005-06-24 09:55:37
9385,588,1,13641,9.99,2005-07-19 11:11:37
9386,158,1,2520,8.99,2005-09-12 23:18:37
9387,408,1,2258,9.99,2005-08-28 14:35:37
9388,225,2,8886,8.99,2005-08-29 15:19:37
9389,388,2,2308,7.99,2005-06-20 22:01:37
9390,87,2,13054,9.99,2005-06-29 18:03:37
9391,192,1,2817,8.99,2005-08-03 12:55:37
9392,75,2,9251,4.99,2005-08-31 20:06:37
9393,354,1,1130,6.99,2005-09-06 08:06:37
9394,311,1,2264,6.99,2005-05-29 18:02:37
9395,464,1,15670,4.99,2005-09-07 23:33:37
9396,133,1,336,2.99,2005-06-01 21:01:37
9397,516,2,4381,4.99,2005-06-05 09:03:37
9398,246,2,5046,4.99,2005-07-12 10:18:37
9399,238,1,2126,5.99,2005-08-28 08:50:37
9400,341,2,15432,9.99,2005-08-31 00:52:37
9401,550,1,6944,7.99,2005-07-20 14:09:37
9402,268,2,4513,9.99,2005-07-10 10:51:37
9403,350,2,833,4.99,2005-08-02 18:19:37
9404,206,2,10917,2.99,2005-07-25 15:47:37
9405,580,1,7633,2.99,2005-07-07 15:59:37
9406,416,2,10457,9.99,2005-09-05 15:27:37
9407,100,2,9403,4.99,2005-09-12 11:29:37
9408,562,2,7279,2.99,2005-06-30 01:04:37
9409,97,2,8191,9.99,2005-09-13 19:58:37
9410,334,2,10797,0.99,2005-08-30 08:23:37
9411,468,1,8911,7.99,2005-06-08 07:40:37
9412,23,1,14010,5.99,2005-06-16 18:31:37
9413,241,1,763,0.99,2005-08-12 10:01:37
9414,78,1,15492,9.99,2005-08-27 23:06:37
9415,28,2,6241,1.99,2005-06-07 13:39:37
9416,306,2,8186,1.99,2005-08-13 20:37:37
9417,395,2,5837,7.99,2005-05-31 21:39:37
9418,470,2,15238,1.99,2005-09-17 20:09:37
9419,156,2,12558,3.99,2005-07-13 01:29:37
9420,109,1,7743,0.99,2005-06-20 08:23:37
9421,75,2,14134,9.99,2005-07-26 20:58:37
9422,302,2,3351,7.99,2005-05-27 21:45:37
9423,173,1,15490,1.99,2005-08-22 23:45:37
9424,185,2,13738,2.99,2005-09-02 14:58:37
9425,92,2,10484,8.99,2005-08-02 18:09:37
9426,53,1,2751,4.99,2005-09-16 16:15:37
9427,592,2,9701,3.99,2005-06-08 05:23:37
9428,27,2,14784,4.99,2005-07-09 03:18:37
9429,486,1,11433,6.99,2005-06-28 10:51:37
9430,432,2,14178,4.99,2005-06-17 01:41:37
9431,222,2,11517,7.99,2005-07-03 22:49:37
9432,93,1,14217,7.99,2005-07-13 00:36:37
9433,219,2,5835,2.99,2005-08-09 07:46:37
9434,27,1,11986,6.99,2005-06-16 20:46:37
9435,12,2,14958,9.99,2005-06-10 04:10:37
9436,434,1,11063,0.99,2005-06-11 23:09:37
9437,464,2,15633,8.99,2005-07-13 16:51:37
9438,494,2,3801,5.99,2005-08-25 09:49:37
9439,201,2,1861,1.99,2005-06-05 12:38:37
9440,318,2,12709,2.99,2005-09-09 22:08:37
9441,317,2,2719,4.99,2005-07-07 01:46:37
9442,379,2,12816,7.99,2005-06-14 08:41:37
9443,121,2,5734,3.99,2005-08-26 19:53:37
9444,140,2,14441,0.99,2005-07-17 23:44:37
9445,523,1,9578,5.99,2005-08-31 04:47:37
9446,507,1,1408,4.99,2005-06-30 13:12:37
9447,119,1,5876,9.99,2005-06-12 09:49:37
9448,155,1,14565,1.99,2005-06-04 17:47:37
9449,61,1,6825,9.99,2005-06-06 12:15:37
9450,354,1,4052,3.99,2005-06-18 08:51:37
9451,377,1,15411,4.99,2005-06-30 03:32:37
9452,154,2,1981,2.99,2005-08-04 09:06:37
9453,448,2,6496,7.99,2005-07-20 11:14:37
9454,479,2,8019,1.99,2005-05-29 10:06:37
9455,70,1,9265,9.99,2005-05-30 11:07:37
9456,99,2,10327,7.99,2005-08-01 18:20:37
9457,441,1,9771,5.99,2005-06-08 15:20:37
9458,308,2,10085,7.99,2005-09-11 02:19:37
9459,364,1,4414,2.99,2005-08-22 21:38:37
9460,252,2,5655,5.99,2005-09-16 11:04:37
9461,445,2,14947,8.99,2005-08-23 08:33:37
9462,216,2,10877,9.99,2005-08-30 06:06:37
9463,160,2,3438,1.99,2005-07-09 07:03:37
9464,292,1,8440,8.99,2005-09-03 03:48:37
9465,453,1,15717,1.99,2005-06-13 18:16:37
9466,52,2,13440,1.99,2005-08-19 05:44:37
9467,342,2,5705,9.99,2005-08-13 23:39:37
9468,358,1,6437,5.99,2005-06-16 11:45:37
9469,236,1,1113,9.99,2005-06-18 05:06:37
9470,380,2,11756,6.99,2005-07-26 06:40:37
9471,151,1,15680,6.99,2005-05-28 19:24:37
9472,463,1,14141,1.99,2005-06-13 14:39:37
9473,71,2,9705,9.99,2005-06-23 00:11:37
9474,175,2,4138,5.99,2005-05-28 03:26:37
9475,539,2,4936,1.99,2005-08-19 10:50:37
9476,457,1,14719,1.99,2005-08-19 20:07:37
9477,141,1,11750,0.99,2005-08-03 22:00:37
9478,72,1,10575,2.99,2005-07-02 23:27:37
9479,365,2,2314,0.99,2005-08-14 11:22:37
9480,329,2,230,4.99,2005-06-17 06:51:37
9481,93,2,13267,5.99,2005-06-15 12:33:37
9482,348,2,7691,4.99,2005-06-17 22:16:37
9483,297,2,14267,3.99,2005-07-23 20:39:37
9484,422,2,2213,0.99,2005-07-08 05:11:37
9485,368,2,9198,3.99,2005-08-09 15:27:37
9486,264,2,11974,1.99,2005-07-14 08:31:37
9487,117,2,9284,4.99,2005-07-31 13:33:37
9488,555,1,1113,6.99,2005-07-15 15:57:37
9489,548,2,7655,8.99,2005-07-03 20:27:37
9490,484,2,552,5.99,2005-06-26 06:33:37
9491,489,1,4003,0.99,2005-07-22 15:00:37
9492,65,2,9199,7.99,2005-08-13 03:11:37
9493,356,2,11272,2.99,2005-09-18 00:01:37
9494,86,1,5160,0.99,2005-07-28 12:53:37
9495,455,2,14556,3.99,2005-06-28 10:36:37
9496,589,2,9964,9.99,2005-06-04 10:18:37
9497,78,2,353,6.99,2005-08-21 17:42:37
9498,241,1,5795,3.99,2005-07-01 00:10:37
9499,524,2,15839,9.99,2005-06-01 13:50:37
9500,9,2,7955,3.99,2005-08-10 01:06:37
9501,410,1,4098,8.99,2005-08-03 04:30:37
9502,219,1,6739,8.99,2005-08-27 15:51:37
9503,128,2,15985,9.99,2005-07-20 21:36:37
9504,535,2,43,0.99,2005-08-31 21:36:37
9505,143,2,4722,0.99,2005-08-18 02:13:37
9506,150,1,6844,7.99,2005-08-31 03:00:37
9507,377,2,2321,2.99,2005-09-18 11:18:37
9508,72,1,6296,1.99,2005-06-12 00:17:37
9509,269,1,13861,7.99,2005-06-26 08:37:37
9510,464,1,11275,0.99,2005-08-02 03:27:37
9511,264,2,4180,6.99,2005-08-27 01:45:37
9512,40,2,11792,8.99,2005-07-20 18:37:37
9513,16,2,14951,5.99,2005-06-07 10:18:37
9514,511,2,15411,5.99,2005-08-25 21:21:37
9515,265,1,3075,3.99,2005-07-07 08:10:37
9516,557,1,8092,3.99,2005-09-11 23:52:37
9517,237,1,14427,8.99,2005-08-03 12:14:37
9518,135,2,8581,4.99,2005-08-19 15:05:37
9519,5,1,1895,0.99,2005-06-20 21:07:37
9520,250,2,7658,1.99,2005-07-21 21:35:37
9521,462,1,2963,1.99,2005-07-12 21:57:37
9522,260,1,11915,1.99,2005-07-08 13:43:37
9523,402,2,14736,6.99,2005-08-15 14:25:37
9524,499,1,5655,6.99,2005-06-09 06:28:37
9525,351,1,11124,1.99,2005-08-03 02:57:37
9526,206,1,4283,3.99,2005-08-22 15:04:37
9527,143,1,13505,8.99,2005-06-30 21:14:37
9528,531,2,7462,7.99,2005-07-05 16:26:37
9529,25,2,8305,2.99,2005-08-13 23:20:37
9530,384,1,948,7.99,2005-07-20 05:49:37
9531,184,2,5275,9.99,2005-09-18 20:05:37
9532,7,2,13346,8.99,2005-07-06 17:11:37
9533,518,1,5192,2.99,2005-07-21 23:48:37
9534,311,2,574,0.99,2005-08-12 05:05:37
9535,196,2,848,8.99,2005-08-10 22:04:37
9536,544,1,13619,3.99,2005-09-01 19:31:37
9537,193,2,7371,3.99,2005-06-23 15:16:37
9538,492,2,9141,9.99,2005-06-23 12:17:37
9539,541,1,13960,3.99,2005-08-09 11:11:37
9540,437,2,15671,7.99,2005-08-31 14:27:37
9541,56,1,13575,6.99,2005-06-14 17:41:37
9542,39,2,12107,4.99,2005-08-03 07:00:37
9543,29,1,13792,3.99,2005-07-12 05:30:37
9544,506,2,1079,2.99,2005-07-06 20:05:37
9545,544,1,9850,4.99,2005-05-29 07:13:37
9546,157,2,5324,0.99,2005-08-25 02:20:37
9547,430,1,14614,0.99,2005-06-14 16:10:37
9548,178,1,4929,4.99,2005-07-04 09:44:37
9549,298,2,7218,8.99,2005-09-15 01:39:37
9550,57,1,15623,5.99,2005-05-26 06:17:37
9551,455,2,5145,6.99,2005-06-18 14:37:37
9552,518,1,2467,1.99,2005-06-15 09:06:37
9553,220,1,89,7.99,2005-09-07 23:15:37
9554,566,2,4087,8.99,2005-09-22 04:07:37
9555,584,2,8023,1.99,2005-07-13 09:02:37
9556,353,2,12607,1.99,2005-08-27 14:07:37
9557,373,1,10308,7.99,2005-08-17 01:13:37
9558,500,2,13573,1.99,2005-06-29 12:18:37
9559,387,1,13008,2.99,2005-07-23 00:23:37
9560,132,2,155,7.99,2005-05-27 13:16:37
9561,192,1,9184,0.99,2005-07-07 14:49:37
9562,351,2,1096,2.99,2005-06-11 08:38:37
9563,581,2,587,1.99,2005-09-08 05:26:37
9564,552,2,14739,2.99,2005-08-08 04:54:37
9565,385,2,15983,6.99,2005-07-22 10:00:37
9566,449,1,759,9.99,2005-09-09 22:33:37
9567,272,2,14629,3.99,2005-08-07 04:45:37
9568,599,2,10518,1.99,2005-07-07 06:53:37
9569,147,2,12603,7.99,2005-07-11 10:26:37
9570,587,1,10056,6.99,2005-09-17 02:43:37
9571,228,2,2736,9.99,2005-06-22 08:58:37
9572,140,1,15261,0.99,2005-09-22 15:08:37
9573,396,1,8429,1.99,2005-06-08 14:00:37
9574,372,1,3166,5.99,2005-08-02 13:58:37
9575,402,1,10974,6.99,2005-06-08 12:07:37
9576,590,1,2639,1.99,2005-09-17 09:30:37
9577,388,2,11710,3.99,2005-08-25 18:49:37
9578,439,1,8771,8.99,2005-07-27 05:15:37
9579,436,2,7690,6.99,2005-08-26 11:03:37
9580,433,1,5540,8.99,2005-06-08 12:10:37
9581,513,1,15945,1.99,2005-06-15 23:28:37
9582,257,1,1802,8.99,2005-08-31 15:26:37
9583,110,1,13470,6.99,2005-07-02 07:45:37
9584,307,2,7520,1.99,2005-09-15 22:25:37
9585,340,1,8245,6.99,2005-06-28 03:22:37
9586,444,2,10541,3.99,2005-06-22 05:48:37
9587,303,1,13615,9.99,2005-09-04 02:02:37
9588,78,2,4322,8.99,2005-06-13 21:50:37
9589,405,2,15796,2.99,2005-05-29 13:21:37
9590,50,2,2623,5.99,2005-07-25 12:56:37
9591,351,1,4421,0.99,2005-06-03 09:30:37
9592,191,2,3752,1.99,2005-09-02 20:56:37
9593,527,1,13379,1.99,2005-06-21 23:33:37
9594,17,2,1450,1.99,2005-08-22 21:55:37
9595,461,2,6590,3.99,2005-07-31 14:02:37
9596,194,2,11586,0.99,2005-07-20 19:51:37
9597,543,2,2236,2.99,2005-08-12 21:42:37
9598,212,1,6853,2.99,2005-07-28 21:03:37
9599,306,1,14494,3.99,2005-07-27 01:02:37
9600,561,2,12435,2.99,2005-06-30 09:03:37
9601,151,1,295,7.99,2005-06-18 03:37:37
9602,553,2,15556,0.99,2005-05-27 16:54:37
9603,213,2,636,0.99,2005-08-20 11:18:37
9604,485,2,12234,9.99,2005-08-25 07:28:37
9605,556,1,15220,3.99,2005-07-29 02:36:37
9606,131,1,8462,3.99,2005-08-14 22:05:37
9607,141,2,4057,4.99,2005-07-08 15:04:37
9608,503,2,3790,5.99,2005-09-12 04:56:37
9609,176,1,13036,4.99,2005-09-10 15:29:37
9610,352,1,11376,4.99,2005-08-02 18:38:37
9611,345,2,11129,0.99,2005-07-31 17:04:37
9612,531,2,7188,3.99,2005-08-14 20:35:37
9613,377,2,12752,6.99,2005-09-12 03:25:37
9614,92,2,14382,7.99,2005-06-29 02:08:37
9615,547,2,221,7.99,2005-09-01 21:45:37
9616,134,2,8488,3.99,2005-07-27 07:54:37
9617,447,1,789,2.99,2005-08-26 09:27:37
9618,185,2,13766,6.99,2005-08-11 16:55:37
9619,478,2,4395,2.99,2005-08-10 10:28:37
9620,579,1,9592,8.99,2005-09-17 06:54:37
9621,102,1,4473,3.99,2005-08-29 23:54:37
9622,210,2,8758,5.99,2005-08-17 04:06:37
9623,378,1,2042,1.99,2005-06-22 07:55:37
9624,447,1,1223,8.99,2005-09-15 22:16:37
9625,558,1,6034,8.99,2005-06-05 00:38:37
9626,389,2,4466,8.99,2005-08-17 11:56:37
9627,570,2,12086,9.99,2005-06-22 19:50:37
9628,167,1,10865,7.99,2005-09-21 10:55:37
9629,7,1,8020,8.99,2005-06-04 02:55:37
9630,238,1,11331,6.99,2005-06-10 23:28:37
9631,346,2,5073,5.99,2005-09-03 11:17:37
9632,316,1,15159,7.99,2005-06-02 22:09:37
9633,588,2,1505,1.99,2005-08-03 05:08:37
9634,226,2,56,6.99,2005-07-11 12:03:37
9635,335,1,5418,1.99,2005-09-11 20:12:37
9636,373,1,2985,1.99,2005-05-26 02:59:37
9637,527,2,2410,0.99,2005-06-17 05:54:37
9638,283,2,8063,5.99,2005-08-23 19:41:37
9639,43,1,14750,4.99,2005-09-17 17:28:37
9640,166,2,9675,1.99,2005-06-05 09:51:37
9641,203,2,15238,5.99,2005-06-04 14:59:37
9642,134,2,9635,2.99,2005-06-25 14:35:37
9643,261,2,8587,1.99,2005-05-27 00:03:37
9644,29,1,11452,0.99,2005-07-11 00:06:37
9645,568,2,13622,0.99,2005-09-01 12:37:37
9646,423,2,15937,6.99,2005-06-17 04:20:37
9647,276,1,3733,6.99,2005-06-07 09:20:37
9648,463,1,207,0.99,2005-07-19 06:47:37
9649,384,1,8388,6.99,2005-08-11 08:46:37
9650,184,2,1809,4.99,2005-06-04 10:13:37
9651,170,2,7806,8.99,2005-08-30 04:05:37
9652,568,1,5700,2.99,2005-08-10 05:40:37
9653,288,2,268,3.99,2005-06-25 07:33:37
9654,190,1,15524,5.99,2005-09-01 00:39:37
9655,340,1,4069,0.99,2005-09-14 13:59:37
9656,316,2,4078,6.99,2005-06-07 04:11:37
9657,453,1,6627,0.99,2005-06-09 14:19:37
9658,549,1,1117,8.99,2005-06-08 03:27:37
9659,43,2,4377,9.99,2005-06-10 21:52:37
9660,217,1,4249,7.99,2005-08-12 04:27:37
9661,186,2,11570,1.99,2005-06-11 20:03:37
9662,182,2,8737,6.99,2005-07-21 19:09:37
9663,15,1,2982,8.99,2005-07-17 23:57:37
9664,5,2,10598,9.99,2005-06-26 18:53:37
9665,40,1,4791,4.99,2005-07-14 08:06:37
9666,200,1,11060,9.99,2005-06-29 21:16:37
9667,578,2,4958,6.99,2005-06-08 04:50:37
9668,550,1,14299,2.99,2005-06-13 22:48:37
9669,468,1,2797,8.99,2005-06-01 15:44:37
9670,244,1,3226,0.99,2005-07-18 13:11:37
9671,501,1,13593,1.99,2005-06-09 03:32:37
9672,152,1,4972,1.99,2005-08-03 12:38:37
9673,42,1,4363,2.99,2005-07-09 19:03:37
9674,173,2,1458,2.99,2005-06-23 00:03:37
9675,289,1,9657,6.99,2005-08-16 02:34:37
9676,349,1,929,0.99,2005-08-31 18:01:37
9677,425,2,11580,4.99,2005-06-07 13:50:37
9678,503,2,12963,0.99,2005-08-22 15:02:37
9679,588,2,14617,8.99,2005-06-12 23:16:37
9680,146,2,8020,9.99,2005-07-13 12:59:37
9681,218,1,3363,5.99,2005-05-30 12:04:37
9682,390,1,12256,1.99,2005-07-17 17:08:37
9683,108,2,9261,9.99,2005-07-26 00:06:37
9684,173,1,2495,6.99,2005-08-27 05:57:37
9685,94,1,9185,7.99,2005-05-28 07:58:37
9686,429,2,8298,6.99,2005-06-08 10:49:37
9687,232,1,12246,7.99,2005-06-25 14:33:37
9688,548,2,15441,9.99,2005-07-29 08:34:37
9689,41,1,14502,2.99,2005-06-26 13:59:37
9690,89,1,6730,4.99,2005-07-08 15:57:37
9691,118,1,3855,3.99,2005-08-01 18:24:37
9692,599,1,15163,5.99,2005-08-09 20:44:37
9693,180,2,12886,4.99,2005-09-18 21:08:37
9694,326,2,6883,8.99,2005-09-06 07:44:37
9695,573,1,4711,8.99,2005-09-18 02:13:37
9696,517,2,8098,9.99,2005-08-07 15:34:37
9697,397,2,12194,6.99,2005-08-19 18:20:37
9698,349,2,14881,4.99,2005-08-27 07:09:37
9699,268,2,8800,7.99,2005-07-17 02:32:37
9700,29,2,9890,6.99,2005-08-29 23:56:37
9701,532,1,8437,3.99,2005-06-22 01:22:37
9702,393,2,3379,1.99,2005-08-03 20:52:37
9703,436,1,7821,1.99,2005-08-27 12:54:37
9704,546,2,4109,1.99,2005-07-26 12:06:37
9705,185,1,15462,9.99,2005-08-21 21:11:37
9706,191,1,920,5.99,2005-06-23 06:17:37
9707,86,1,9078,8.99,2005-06-27 03:49:37
9708,171,1,7772,0.99,2005-07-19 12:28:37
9709,205,1,2668,7.99,2005-07-31 17:50:37
9710,315,1,3729,8.99,2005-09-21 03:54:37
9711,578,1,10302,5.99,2005-07-01 02:16:37
9712,371,2,5367,2.99,2005-07-06 18:31:37
9713,9,1,14374,2.99,2005-07-12 05:28:37
9714,79,2,13441,6.99,2005-07-24 22:07:37
9715,55,1,15889,2.99,2005-09-22 08:49:37
9716,419,2,7482,1.99,2005-07-12 17:13:37
9717,348,2,7402,2.99,2005-09-20 19:00:37
9718,460,1,9427,5.99,2005-09-18 22:19:37
9719,323,2,13975,7.99,2005-06-15 15:01:37
9720,214,1,15398,3.99,2005-07-11 03:48:37
9721,382,1,1776,9.99,2005-07-25 18:03:37
9722,36,1,7625,5.99,2005-06-08 13:49:37
9723,598,1,11180,0.99,2005-07-21 22:39:37
9724,23,2,5811,2.99,2005-05-31 15:43:37
9725,293,2,13438,5.99,2005-08-08 15:37:37
9726,544,1,9588,4.99,2005-06-16 17:58:37
9727,257,1,4384,0.99,2005-05-30 15:51:37
9728,564,1,5488,9.99,2005-06-19 15:05:37
9729,500,2,12420,4.99,2005-05-31 19:04:37
9730,524,2,14915,4.99,2005-09-12 15:35:37
9731,555,1,9086,2.99,2005-06-20 04:06:37
9732,120,1,2573,0.99,2005-09-23 08:02:37
9733,144,1,11075,4.99,2005-05-29 23:34:37
9734,437,2,111,1.99,2005-09-17 09:03:37
9735,455,1,9022,1.99,2005-05-26 17:30:37
9736,99,2,9771,0.99,2005-07-22 11:08:37
9737,396,2,7032,0.99,2005-07-20 12:08:37
9738,86,1,1374,8.99,2005-08-13 11:41:37
9739,166,2,2716,2.99,2005-08-26 12:56:37
9740,447,2,14096,9.99,2005-08-04 23:34:37
9741,432,1,6503,5.99,2005-07-29 21:34:37
9742,126,2,1009,4.99,2005-09-09 10:06:37
9743,63,1,4185,3.99,2005-06-25 07:23:37
9744,130,1,11998,7.99,2005-09-14 16:24:37
9745,10,2,1313,8.99,2005-07-24 00:55:37
9746,95,2,4973,1.99,2005-08-03 14:33:37
9747,594,1,12429,8.99,2005-06-11 07:08:37
9748,73,2,10135,3.99,2005-08-19 16:00:37
9749,385,2,13785,6.99,2005-06-23 14:41:37
9750,6,2,9746,3.99,2005-07-07 16:26:37
9751,478,2,3710,6.99,2005-08-17 06:43:37
9752,200,2,13050,7.99,2005-07-08 18:23:37
9753,565,1,8612,7.99,2005-07-10 10:00:37
9754,14,1,8147,3.99,2005-09-20 08:28:37
9755,76,1,8078,7.99,2005-08-10 03:49:37
9756,400,1,10654,0.99,2005-07-08 17:48:37
9757,410,1,13135,8.99,2005-09-08 18:34:37
9758,319,1,9695,9.99,2005-06-27 22:16:37
9759,300,2,5469,7.99,2005-09-16 16:42:37
9760,483,1,136,7.99,2005-08-04 00:46:37
9761,30,2,12180,0.99,2005-08-10 15:50:37
9762,243,2,7328,0.99,2005-08-03 09:05:37
9763,58,2,12862,3.99,2005-06-27 00:40:37
9764,406,1,4950,4.99,2005-05-29 14:22:37
9765,441,2,2256,3.99,2005-08-22 06:58:37
9766,119,2,15612,6.99,2005-06-20 21:35:37
9767,21,2,9980,3.99,2005-07-04 02:12:37
9768,247,1,6098,3.99,2005-05-27 13:52:37
9769,330,1,9532,6.99,2005-06-07 23:10:37
9770,527,1,12679,8.99,2005-06-08 14:23:37
9771,33,2,11586,0.99,2005-06-08 13:08:37
9772,264,2,603,7.99,2005-07-22 15:49:37
9773,362,2,15869,7.99,2005-08-15 14:08:37
9774,237,1,448,1.99,2005-09-19 21:39:37
9775,341,2,8582,2.99,2005-07-25 06:51:37
9776,227,2,4339,9.99,2005-05-30 04:36:37
9777,458,2,14453,6.99,2005-06-29 19:46:37
9778,333,2,2099,4.99,2005-05-25 18:09:37
9779,270,2,14916,1.99,2005-08-11 23:22:37
9780,512,2,8022,9.99,2005-07-08 10:43:37
9781,62,2,12993,6.99,2005-07-10 00:07:37
9782,493,1,7893,6.99,2005-06-04 08:30:37
9783,19,1,12298,4.99,2005-08-01 04:25:37
9784,578,1,12205,3.99,2005-06-23 17:24:37
9785,33,1,10202,9.99,2005-07-09 12:57:37
9786,50,1,12705,6.99,2005-08-19 12:07:37
9787,340,1,7343,5.99,2005-08-07 08:19:37
9788,60,2,7857,7.99,2005-06-26 18:38:37
9789,227,1,4118,1.99,2005-07-01 05:16:37
9790,436,2,12037,7.99,2005-09-03 01:26:37
9791,50,2,13963,8.99,2005-08-13 18:53:37
9792,541,1,13273,6.99,2005-07-10 14:27:37
9793,400,1,2191,1.99,2005-08-24 19:12:37
9794,163,2,7862,4.99,2005-07-02 08:20:37
9795,349,2,13741,7.99,2005-07-01 08:30:37
9796,455,2,15210,6.99,2005-09-23 04:58:37
9797,447,1,8031,9.99,2005-08-10 06:33:37
9798,426,2,9685,0.99,2005-06-23 17:18:37
9799,264,1,6990,3.99,2005-07-18 00:49:37
9800,357,2,13761,0.99,2005-06-20 10:24:37
9801,316,1,8006,7.99,2005-08-02 17:01:37
9802,64,2,7948,6.99,2005-05-31 06:22:37
9803,57,1,11260,0.99,2005-08-09 15:49:37
9804,144,2,3946,5.99,2005-06-16 14:39:37
9805,275,2,13419,4.99,2005-09-07 14:40:37
9806,255,1,5093,6.99,2005-05-26 17:50:37
9807,235,2,10990,3.99,2005-08-26 22:00:37
9808,431,1,448,5.99,2005-08-23 01:47:37
9809,406,1,3309,3.99,2005-06-03 21:08:37
9810,208,2,3972,1.99,2005-08-10 04:10:37
9811,89,1,6099,6.99,2005-09-14 11:20:37
9812,343,2,2480,4.99,2005-08-19 03:14:37
9813,292,2,13632,1.99,2005-08-01 09:14:37
9814,511,1,4620,9.99,2005-09-13 03:32:37
9815,169,1,3627,1.99,2005-08-26 07:04:37
9816,463,2,15354,8.99,2005-08-06 21:36:37
9817,415,1,15618,3.99,2005-08-21 09:21:37
9818,510,1,541,0.99,2005-08-29 09:47:37
9819,164,1,10947,0.99,2005-07-01 06:47:37
9820,75,2,4328,9.99,2005-08-31 16:12:37
9821,97,2,5157,9.99,2005-07-20 02:39:37
9822,36,1,9057,1.99,2005-08-27 15:55:37
9823,24,1,1159,9.99,2005-09-12 17:59:37
9824,333,1,12958,3.99,2005-08-10 07:04:37
9825,74,2,6902,9.99,2005-08-22 15:11:37
9826,303,2,1806,3.99,2005-06-27 14:42:37
9827,466,1,13244,5.99,2005-08-08 07:35:37
9828,441,1,15628,9.99,2005-09-10 17:06:37
9829,371,2,10489,8.99,2005-09-03 02:26:37
9830,366,1,4375,0.99,2005-05-30 05:02:37
9831,288,2,10133,6.99,2005-06-10 18:16:37
9832,94,2,12589,0.99,2005-09-17 22:53:37
9833,304,1,134,8.99,2005-09-14 14:23:37
9834,119,1,8281,4.99,2005-07-30 17:40:37
9835,590,2,7627,5.99,2005-06-09 00:45:37
9836,143,1,4242,7.99,2005-09-15 06:57:37
9837,319,2,12915,8.99,2005-06-07 00:36:37
9838,407,1,3308,1.99,2005-08-13 02:46:37
9839,301,1,3110,5.99,2005-05-26 01:40:37
9840,258,1,6999,8.99,2005-09-15 14:46:37
9841,69,2,1224,9.99,2005-06-25 22:10:37
9842,354,2,9101,4.99,2005-08-21 12:48:37
9843,173,1,7494,4.99,2005-09-12 11:14:37
9844,137,1,2757,9.99,2005-06-20 17:36:37
9845,336,1,673,1.99,2005-07-15 08:03:37
9846,312,1,1878,3.99,2005-06-21 02:24:37
9847,243,2,2418,2.99,2005-07-31 07:38:37
9848,25,2,5977,0.99,2005-06-13 00:23:37
9849,404,2,1138,0.99,2005-06-11 00:31:37
9850,206,2,4278,3.99,2005-06-22 05:16:37
9851,84,1,1028,6.99,2005-07-08 07:19:37
9852,266,1,10353,6.99,2005-07-15 11:01:37
9853,240,2,2276,2.99,2005-07-01 04:20:37
9854,136,1,5734,0.99,2005-06-01 08:33:37
9855,61,2,15556,3.99,2005-06-09 20:24:37
9856,371,1,5579,7.99,2005-08-18 12:43:37
9857,530,1,5989,7.99,2005-08-07 00:26:37
9858,513,1,770,9.99,2005-06-02 10:24:37
9859,183,2,9652,3.99,2005-09-17 05:50:37
9860,83,2,5548,2.99,2005-08-05 02:16:37
9861,217,2,7468,5.99,2005-08-08 01:50:37
9862,372,2,5811,4.99,2005-07-08 13:44:37
9863,455,2,6431,0.99,2005-07-19 10:48:37
9864,361,2,7804,7.99,2005-07-01 09:14:37
9865,450,1,6856,0.99,2005-09-09 14:59:37
9866,199,2,5172,4.99,2005-07-01 01:11:37
9867,433,1,13854,5.99,2005-08-10 13:52:37
9868,452,2,3649,1.99,2005-08-09 23:15:37
9869,29,2,13438,3.99,2005-08-22 02:22:37
9870,573,2,6925,4.99,2005-09-18 05:55:37
9871,204,1,9884,1.99,2005-07-15 03:22:37
9872,304,2,3029,6.99,2005-08-28 20:29:37
9873,50,1,14095,2.99,2005-08-18 04:46:37
9874,362,1,2205,5.99,2005-09-21 07:15:37
9875,183,1,1483,6.99,2005-07-06 09:54:37
9876,520,2,15846,2.99,2005-09-03 09:02:37
9877,214,2,10428,9.99,2005-06-22 08:22:37
9878,441,2,3551,2.99,2005-05-26 15:14:37
9879,356,1,9256,4.99,2005-09-01 13:42:37
9880,115,1,15671,4.99,2005-07-15 00:42:37
9881,353,2,682,8.99,2005-09-06 04:44:37
9882,501,1,10107,7.99,2005-09-16 09:04:37
9883,527,2,6804,3.99,2005-08-31 03:46:37
9884,80,1,12463,0.99,2005-08-25 19:39:37
9885,331,2,8014,8.99,2005-06-30 02:38:37
9886,397,1,6384,1.99,2005-07-13 23:15:37
9887,594,2,11103,8.99,2005-06-21 02:48:37
9888,135,2,1781,6.99,2005-09-12 09:57:37
9889,288,1,13596,0.99,2005-07-12 12:47:37
9890,488,1,15069,6.99,2005-06-22 21:42:37
9891,415,1,2756,3.99,2005-06-17 23:38:37
9892,278,1,2163,5.99,2005-08-19 07:49:37
9893,73,1,3092,3.99,2005-08-20 03:40:37
9894,547,2,1151,0.99,2005-07-13 22:40:37
9895,490,2,3788,9.99,2005-06-19 14:01:37
9896,316,2,3497,7.99,2005-07-15 18:30:37
9897,109,2,8695,6.99,2005-06-22 10:11:37
9898,445,2,4045,5.99,2005-08-21 12:16:37
9899,285,1,6330,7.99,2005-05-30 11:08:37
9900,199,2,8973,4.99,2005-08-25 07:05:37
9901,270,2,10942,2.99,2005-07-09 15:13:37
9902,502,2,4960,1.99,2005-07-26 22:34:37
9903,4,2,7503,4.99,2005-06-02 05:33:37
9904,503,2,14841,3.99,2005-07-06 20:20:37
9905,488,2,3150,4.99,2005-06-13 13:47:37
9906,463,2,3737,3.99,2005-09-07 13:08:37
9907,342,1,9772,5.99,2005-07-23 00:49:37
9908,548,1,346,6.99,2005-05-30 01:06:37
9909,91,2,14422,0.99,2005-08-30 08:31:37
9910,328,1,11295,3.99,2005-07-11 05:44:37
9911,248,1,1938,1.99,2005-08-18 20:46:37
9912,443,1,13875,8.99,2005-08-30 00:23:37
9913,534,1,12453,1.99,2005-08-01 04:07:37
9914,488,1,5269,0.99,2005-06-14 01:31:37
9915,583,2,2680,0.99,2005-08-28 14:00:37
9916,514,2,8086,3.99,2005-06-09 19:54:37
9917,265,1,2564,0.99,2005-07-07 14:09:37
9918,562,2,3754,8.99,2005-06-06 02:06:37
9919,540,2,1928,5.99,2005-08-29 17:15:37
9920,247,2,12346,0.99,2005-07-16 20:32:37
9921,165,1,12647,4.99,2005-07-05 15:52:37
9922,180,1,1144,8.99,2005-07-23 19:32:37
9923,586,2,4348,6.99,2005-07-22 09:27:37
9924,65,1,12690,3.99,2005-06-06 02:31:37
9925,202,1,15981,9.99,2005-08-21 02:09:37
9926,393,1,6446,7.99,2005-07-13 17:06:37
9927,374,1,11846,3.99,2005-09-09 04:56:37
9928,459,1,5011,9.99,2005-07-24 12:39:37
9929,533,2,1503,2.99,2005-07-31 20:27:37
9930,467,1,14073,7.99,2005-08-23 19:49:37
9931,292,2,15007,0.99,2005-08-14 19:59:37
9932,201,1,355,2.99,2005-09-13 02:04:37
9933,535,2,15592,2.99,2005-07-29 23:16:37
9934,269,1,8185,8.99,2005-09-10 03:20:37
9935,584,2,8785,1.99,2005-07-07 13:46:37
9936,377,1,14208,8.99,2005-08-21 04:03:37
9937,566,1,503,6.99,2005-08-23 21:23:37
9938,235,2,8560,2.99,2005-09-08 00:32:37
9939,337,1,3571,7.99,2005-08-20 02:51:37
9940,115,1,1302,5.99,2005-07-22 18:45:37
9941,184,1,6456,8.99,2005-08-31 17:00:37
9942,142,1,3283,1.99,2005-06-24 11:04:37
9943,573,1,14984,4.99,2005-07-31 16:34:37
9944,571,2,674,0.99,2005-05-30 16:15:37
9945,358,2,1396,2.99,2005-06-06 01:35:37
9946,491,1,6079,0.99,2005-07-05 23:49:37
9947,567,1,10311,4.99,2005-08-16 05:44:37
9948,276,1,1069,9.99,2005-05-31 15:51:37
9949,254,1,13121,7.99,2005-05-28 06:08:37
9950,317,1,14139,1.99,2005-07-04 22:38:37
9951,529,2,6988,2.99,2005-08-19 04:30:37
9952,387,1,8511,3.99,2005-07-13 23:38:37
9953,481,1,5355,0.99,2005-07-16 04:53:37
9954,462,2,4452,3.99,2005-08-28 03:55:37
9955,540,2,5244,3.99,2005-06-28 14:04:37
9956,355,2,11391,3.99,2005-07-18 20:16:37
9957,576,1,6660,6.99,2005-06-23 00:13:37
9958,59,2,1666,9.99,2005-08-26 04:36:37
9959,596,1,14402,9.99,2005-06-02 02:14:37
9960,383,1,252,1.99,2005-07-15 00:42:37
9961,234,2,11088,9.99,2005-07-10 02:18:37
9962,164,2,11408,5.99,2005-06-17 04:18:37
9963,129,1,7066,5.99,2005-07-07 23:05:37
9964,284,2,6952,3.99,2005-08-25 11:49:37
9965,51,1,7646,8.99,2005-09-17 00:12:37
9966,554,1,14861,3.99,2005-06-08 19:13:37
9967,178,1,5869,8.99,2005-09-11 09:55:37
9968,588,2,9917,0.99,2005-06-06 02:24:37
9969,487,1,9413,6.99,2005-08-03 22:41:37
9970,278,1,11874,2.99,2005-06-15 13:47:37
9971,486,2,2019,2.99,2005-06-14 08:40:37
9972,375,1,8276,8.99,2005-06-06 08:36:37
9973,494,2,12047,8.99,2005-09-12 06:36:37
9974,93,1,12342,5.99,2005-09-01 00:19:37
9975,571,2,10246,7.99,2005-09-04 14:40:37
9976,37,1,13279,9.99,2005-08-22 04:41:37
9977,114,1,12081,4.99,2005-08-04 14:08:37
9978,226,2,6210,2.99,2005-06-30 16:09:37
9979,105,1,11149,3.99,2005-07-06 20:10:37
9980,265,2,2347,2.99,2005-08-26 10:15:37
9981,220,2,14767,1.99,2005-06-01 10:27:37
9982,161,1,761,2.99,2005-07-17 16:04:37
9983,382,1,7143,5.99,2005-09-18 00:23:37
9984,82,1,9359,3.99,2005-07-12 00:14:37
9985,116,2,3950,8.99,2005-06-13 08:30:37
9986,40,1,1701,2.99,2005-06-25 04:24:37
9987,204,2,1908,9.99,2005-06-12 14:18:37
9988,375,2,11278,8.99,2005-07-15 08:43:37
9989,474,1,12541,6.99,2005-07-14 16:34:37
9990,246,2,6508,2.99,2005-07-03 01:04:37
9991,471,1,4691,7.99,2005-09-02 11:17:37
9992,291,1,7726,2.99,2005-07-15 10:04:37
9993,543,2,221,7.99,2005-09-23 05:46:37
9994,78,1,9493,8.99,2005-07-22 07:25:37
9995,507,2,9891,8.99,2005-07-28 17:20:37
9996,217,1,1664,5.99,2005-09-10 21:48:37
9997,523,1,6664,0.99,2005-06-28 00:00:37
9998,155,1,8847,3.99,2005-08-28 19:09:37
9999,9,2,13940,3.99,2005-06-13 08:08:37
10000,450,2,6596,8.99,2005-08-19 05:02:37
10001,80,2,2321,1.99,2005-07-06 10:45:37
10002,15,1,13413,2.99,2005-07-03 22:05:37
10003,193,1,8236,7.99,2005-09-15 15:50:37
10004,426,1,3875,7.99,2005-08-03 02:37:37
10005,261,1,1880,5.99,2005-08-28 10:37:37
10006,289,1,3459,4.99,2005-07-03 21:29:37
10007,315,1,2417,8.99,2005-07-16 12:55:37
10008,480,2,2227,7.99,2005-07-29 15:55:37
10009,405,2,5744,7.99,2005-06-30 15:05:37
10010,104,2,10189,5.99,2005-07-20 23:20:37
10011,395,1,4837,6.99,2005-08-28 19:41:37
10012,122,1,14742,1.99,2005-08-08 04:08:37
10013,64,2,12786,2.99,2005-08-26 04:18:37
10014,302,2,10749,0.99,2005-06-25 20:51:37
10015,189,2,4548,9.99,2005-08-05 01:38:37
10016,360,2,2460,7.99,2005-09-03 16:58:37
10017,487,1,10253,6.99,2005-07-18 09:33:37
10018,444,2,4889,7.99,2005-08-25 11:39:37
10019,264,2,9544,5.99,2005-09-18 07:23:37
10020,345,2,2630,0.99,2005-06-06 23:00:37
10021,85,2,7777,9.99,2005-07-20 20:11:37
10022,251,1,5313,8.99,2005-07-18 18:04:37
10023,406,2,4272,8.99,2005-08-01 10:39:37
10024,124,2,3674,8.99,2005-07-13 01:44:37
10025,482,1,10614,3.99,2005-07-20 01:05:37
10026,117,2,12526,2.99,2005-08-17 22:31:37
10027,360,1,11328,5.99,2005-07-30 19:23:37
10028,394,2,3224,5.99,2005-07-25 20:26:37
10029,52,1,604,0.99,2005-08-23 22:06:37
10030,333,2,7655,9.99,2005-08-21 10:58:37
10031,96,1,8514,8.99,2005-07-27 15:06:37
10032,177,2,6062,8.99,2005-06-26 19:38:37
10033,346,1,12792,9.99,2005-06-20 02:36:37
10034,338,2,3779,9.99,2005-05-26 20:32:37
10035,356,1,8363,8.99,2005-07-05 20:59:37
10036,247,2,11017,9.99,2005-06-19 19:17:37
10037,439,2,3258,4.99,2005-06-07 23:28:37
10038,126,2,510,5.99,2005-07-01 20:05:37
10039,445,1,14554,5.99,2005-08-22 01:12:37
10040,177,2,612,9.99,2005-09-14 02:39:37
10041,474,1,15598,0.99,2005-07-04 19:19:37
10042,50,1,7588,8.99,2005-09-15 12:53:37
10043,329,1,4901,0.99,2005-05-30 09:10:37
10044,225,2,7502,4.99,2005-08-26 13:56:37
10045,482,1,8784,1.99,2005-09-01 06:55:37
10046,341,1,8164,9.99,2005-06-01 06:09:37
10047,158,1,9964,7.99,2005-07-23 19:14:37
10048,220,2,14450,8.99,2005-08-23 22:54:37
10049,199,2,8481,5.99,2005-06-21 20:46:37
10050,520,2,11291,1.99,2005-06-25 11:28:37
10051,258,2,851,9.99,2005-06-10 11:36:37
10052,207,2,10989,2.99,2005-08-27 03:56:37
10053,259,2,4912,0.99,2005-07-02 11:44:37
10054,333,2,6633,8.99,2005-07-08 20:53:37
10055,305,2,10747,2.99,2005-07-07 06:26:37
10056,561,2,14411,6.99,2005-07-22 19:29:37
10057,395,2,4605,4.99,2005-08-18 07:56:37
10058,167,1,810,9.99,2005-09-19 05:22:37
10059,490,2,2573,7.99,2005-08-10 05:20:37
10060,557,1,582,4.99,2005-09-14 22:59:37
10061,479,1,7463,8.99,2005-08-17 18:23:37
10062,82,1,5942,6.99,2005-07-29 10:43:37
10063,312,2,4877,3.99,2005-05-27 12:37:37
10064,125,2,13421,8.99,2005-08-03 15:13:37
10065,497,1,485,7.99,2005-07-06 09:58:37
10066,593,2,1670,2.99,2005-07-24 11:10:37
10067,308,2,1581,0.99,2005-08-25 01:54:37
10068,238,2,629,9.99,2005-07-16 21:05:37
10069,402,2,15694,1.99,2005-06-06 15:48:37
10070,525,1,14464,1.99,2005-05-28 06:01:37
10071,21,1,1978,5.99,2005-06-04 22:11:37
10072,568,2,12167,8.99,2005-07-29 18:55:37
10073,311,2,13855,9.99,2005-08-02 08:49:37
10074,574,1,2366,3.99,2005-08-30 20:08:37
10075,270,1,14524,7.99,2005-09-06 08:51:37
10076,319,2,5987,3.99,2005-09-16 09:13:37
10077,534,1,4609,5.99,2005-09-05 07:51:37
10078,210,1,4521,4.99,2005-09-06 16:34:37
10079,45,2,2360,2.99,2005-06-02 12:59:37
10080,324,2,1465,6.99,2005-07-17 13:29:37
10081,46,1,8939,6.99,2005-09-22 01:33:37
10082,543,2,13235,9.99,2005-07-24 17:36:37
10083,96,2,4464,9.99,2005-08-13 17:57:37
10084,564,1,1233,8.99,2005-09-03 16:50:37
10085,220,1,14036,4.99,2005-08-30 19:46:37
10086,328,2,13364,8.99,2005-08-07 11:40:37
10087,70,1,5033,5.99,2005-08-26 20:52:37
10088,138,2,11124,7.99,2005-08-28 23:38:37
10089,159,1,12136,1.99,2005-07-10 05:02:37
10090,398,2,8862,6.99,2005-09-13 07:06:37
10091,539,1,1956,0.99,2005-06-27 18:19:37
10092,542,2,4787,0.99,2005-09-03 10:38:37
10093,230,1,10240,0.99,2005-09-04 14:46:37
10094,147,1,11535,2.99,2005-06-30 02:57:37
10095,223,2,14077,8.99,2005-08-02 05:49:37
10096,221,2,11461,5.99,2005-06-22 18:51:37
10097,430,1,1440,5.99,2005-08-23 20:46:37
10098,461,2,10863,0.99,2005-08-16 19:09:37
10099,221,1,13102,9.99,2005-08-13 20:01:37
10100,2,1,3131,2.99,2005-06-18 06:30:37
10101,366,2,8054,6.99,2005-09-03 10:01:37
10102,371,2,11137,5.99,2005-06-21 16:06:37
10103,508,1,12861,8.99,2005-07-18 04:29:37
10104,101,2,8614,5.99,2005-09-16 07:12:37
10105,23,2,4620,5.99,2005-08-05 17:39:37
10106,594,1,7372,8.99,2005-07-13 15:15:37
10107,464,1,6904,4.99,2005-06-19 09:39:37
10108,133,1,6038,7.99,2005-06-09 11:56:37
10109,16,2,502,8.99,2005-06-06 07:04:37
10110,441,1,16002,6.99,2005-09-11 22:21:37
10111,16,1,337,0.99,2005-07-30 16:53:37
10112,465,1,2239,7.99,2005-09-11 01:18:37
10113,301,2,12733,4.99,2005-06-25 05:27:37
10114,126,1,15569,3.99,2005-07-02 15:32:37
10115,430,1,12911,2.99,2005-07-22 18:41:37
10116,31,1,11553,5.99,2005-08-25 12:45:37
10117,515,2,2484,1.99,2005-06-25 05:44:37
10118,297,1,2660,6.99,2005-08-22 09:18:37
10119,548,1,11633,2.99,2005-06-03 19:33:37
10120,404,1,7002,4.99,2005-06-26 01:56:37
10121,334,1,14174,4.99,2005-08-15 04:51:37
10122,322,2,1888,0.99,2005-07-13 06:43:37
10123,138,2,10361,7.99,2005-07-12 20:38:37
10124,183,2,5590,6.99,2005-08-16 15:41:37
10125,334,2,12450,9.99,2005-06-12 06:26:37
10126,78,1,2716,0.99,2005-06-15 22:52:37
10127,141,2,2713,6.99,2005-07-31 07:56:37
10128,417,2,10643,8.99,2005-06-23 18:45:37
10129,48,2,12794,9.99,2005-07-27 15:28:37
10130,59,1,1221,2.99,2005-05-27 17:35:37
10131,214,1,11162,2.99,2005-09-13 05:34:37
10132,233,1,166,1.99,2005-07-07 05:21:37
10133,556,1,2086,9.99,2005-07-22 03:33:37
10134,448,1,1289,6.99,2005-06-29 20:38:37
10135,160,1,6673,5.99,2005-07-31 19:50:37
10136,189,2,10154,3.99,2005-07-30 16:11:37
10137,214,2,13426,1.99,2005-07-15 13:40:37
10138,138,2,5740,5.99,2005-08-05 13:06:37
10139,63,2,9104,6.99,2005-07-08 09:37:37
10140,52,2,9844,8.99,2005-07-12 00:06:37
10141,87,1,9265,9.99,2005-07-25 19:53:37
10142,351,1,7876,8.99,2005-06-28 10:32:37
10143,88,1,15687,9.99,2005-07-01 04:42:37
10144,211,1,11335,1.99,2005-06-25 00:46:37
10145,116,1,5889,0.99,2005-08-06 00:35:37
10146,269,2,10126,0.99,2005-08-16 17:01:37
10147,223,1,11992,0.99,2005-09-18 14:26:37
10148,322,2,13509,0.99,2005-08-28 21:17:37
10149,259,2,11693,2.99,2005-08-28 13:53:37
10150,13,1,13482,6.99,2005-07-14 10:11:37
10151,167,1,13918,6.99,2005-07-27 04:28:37
10152,593,2,1729,2.99,2005-07-22 19:09:37
10153,352,2,14980,8.99,2005-06-12 17:31:37
10154,545,2,13395,8.99,2005-06-05 14:51:37
10155,571,2,6431,5.99,2005-06-10 16:45:37
10156,174,2,7808,2.99,2005-08-20 06:56:37
10157,547,2,15562,3.99,2005-08-29 04:55:37
10158,359,2,14048,2.99,2005-08-14 03:52:37
10159,267,1,11477,4.99,2005-08-02 02:32:37
10160,32,2,11790,3.99,2005-06-04 20:47:37
10161,330,1,8472,4.99,2005-07-22 01:29:37
10162,169,2,9429,3.99,2005-07-12 09:51:37
10163,1,2,4660,4.99,2005-08-01 09:20:37
10164,565,2,13817,1.99,2005-06-16 21:21:37
10165,548,1,15349,7.99,2005-07-04 14:32:37
10166,276,1,13208,1.99,2005-06-06 19:39:37
10167,101,1,1827,1.99,2005-08-19 03:33:37
10168,109,1,14117,5.99,2005-07-25 22:06:37
10169,405,2,4581,2.99,2005-06-14 14:52:37
10170,378,2,9618,0.99,2005-08-27 19:02:37
10171,107,1,4631,4.99,2005-07-27 04:16:37
10172,386,2,15749,4.99,2005-08-21 07:13:37
10173,474,1,2835,8.99,2005-08-15 22:17:37
10174,408,2,14244,9.99,2005-06-23 07:02:37
10175,298,2,1870,9.99,2005-07-09 23:30:37
10176,586,2,1155,9.99,2005-08-27 07:31:37
10177,551,1,13169,4.99,2005-07-04 03:20:37
10178,332,1,3607,1.99,2005-09-07 05:59:37
10179,557,1,8301,2.99,2005-09-09 16:38:37
10180,140,2,8804,3.99,2005-07-01 05:18:37
10181,291,1,13455,9.99,2005-08-07 06:15:37
10182,141,1,7926,9.99,2005-06-14 04:26:37
10183,55,2,13193,5.99,2005-08-24 23:32:37
10184,115,2,11343,8.99,2005-08-06 09:11:37
10185,263,1,1548,0.99,2005-09-11 11:34:37
10186,191,1,3100,2.99,2005-05-26 05:11:37
10187,200,1,6061,7.99,2005-07-29 15:38:37
10188,584,2,13418,5.99,2005-06-21 05:47:37
10189,330,1,404,0.99,2005-09-06 13:17:37
10190,477,1,14048,2.99,2005-08-15 08:16:37
10191,303,2,4029,7.99,2005-08-26 20:21:37
10192,319,1,2551,0.99,2005-08-16 00:57:37
10193,327,1,7790,6.99,2005-06-26 06:16:37
10194,153,1,4049,1.99,2005-08-13 09:02:37
10195,375,2,7571,8.99,2005-07-03 19:58:37
10196,59,2,12782,4.99,2005-07-14 21:31:37
10197,481,2,15200,1.99,2005-07-28 18:44:37
10198,83,1,9125,4.99,2005-06-06 11:45:37
10199,277,2,9780,1.99,2005-07-18 19:24:37
10200,496,2,3149,3.99,2005-06-16 10:56:37
10201,405,2,3774,8.99,2005-07-05 04:57:37
10202,181,1,15285,1.99,2005-08-02 17:59:37
10203,68,2,7227,2.99,2005-07-07 17:08:37
10204,352,1,5454,9.99,2005-06-08 14:28:37
10205,108,2,13407,3.99,2005-07-05 06:57:37
10206,421,1,9112,7.99,2005-06-26 06:39:37
10207,416,2,15698,8.99,2005-05-28 22:12:37
10208,470,2,1928,8.99,2005-08-28 06:35:37
10209,301,2,14174,2.99,2005-08-09 22:37:37
10210,332,1,12515,2.99,2005-07-23 11:54:37
10211,342,2,7463,1.99,2005-07-14 23:23:37
10212,318,1,1315,0.99,2005-08-17 17:53:37
10213,4,2,8600,5.99,2005-09-21 19:41:37
10214,263,2,8831,6.99,2005-07-03 11:38:37
10215,324,1,10294,5.99,2005-07-11 18:42:37
10216,518,2,11407,3.99,2005-07-04 16:28:37
10217,320,2,1963,9.99,2005-06-21 05:02:37
10218,241,1,11030,4.99,2005-08-11 16:37:37
10219,119,2,7749,0.99,2005-07-18 06:29:37
10220,98,1,8870,3.99,2005-09-17 15:38:37
10221,37,2,3027,6.99,2005-06-15 17:24:37
10222,529,1,10967,1.99,2005-07-02 01:38:37
10223,572,2,642,7.99,2005-06-05 13:09:37
10224,444,1,4290,8.99,2005-07-18 10:52:37
10225,217,2,10144,2.99,2005-07-30 20:50:37
10226,252,1,13565,4.99,2005-09-20 16:48:37
10227,292,2,15862,1.99,2005-06-14 07:42:37
10228,292,2,9112,8.99,2005-06-05 22:49:37
10229,358,2,12190,7.99,2005-06-24 00:01:37
10230,515,1,13603,7.99,2005-06-17 07:02:37
10231,273,1,4231,1.99,2005-09-05 19:45:37
10232,257,1,12242,2.99,2005-06-09 15:22:37
10233,34,1,6333,4.99,2005-09-14 12:19:37
10234,346,1,11872,7.99,2005-08-17 07:07:37
10235,449,1,5926,9.99,2005-06-01 03:31:37
10236,191,1,12115,2.99,2005-06-09 12:40:37
10237,385,2,7261,1.99,2005-07-10 03:18:37
10238,592,1,5016,2.99,2005-08-27 05:22:37
10239,66,2,5976,1.99,2005-08-01 03:10:37
10240,83,1,4913,0.99,2005-07-24 08:14:37
10241,456,2,3345,8.99,2005-09-18 03:26:37
10242,54,1,9940,3.99,2005-06-12 07:15:37
10243,412,1,11552,2.99,2005-09-18 14:42:37
10244,468,1,1246,5.99,2005-07-17 23:00:37
10245,362,1,676,8.99,2005-08-30 12:43:37
10246,488,1,7278,8.99,2005-06-02 09:31:37
10247,142,2,13518,4.99,2005-08-30 09:57:37
10248,202,2,12795,5.99,2005-08-17 00:28:37
10249,154,1,3724,5.99,2005-06-13 21:59:37
10250,85,2,7013,3.99,2005-08-26 00:22:37
10251,571,1,7298,9.99,2005-06-19 16:02:37
10252,378,1,2565,6.99,2005-08-01 12:45:37
10253,336,1,5710,1.99,2005-07-28 17:03:37
10254,583,1,4975,8.99,2005-07-25 23:35:37
10255,106,1,1075,0.99,2005-07-11 00:53:37
10256,192,1,10069,4.99,2005-07-05 22:07:37
10257,537,1,13974,5.99,2005-07-09 17:04:37
10258,200,1,3714,2.99,2005-06-28 19:28:37
10259,27,1,91,6.99,2005-08-12 21:57:37
10260,497,1,9700,1.99,2005-07-22 08:44:37
10261,541,2,10128,1.99,2005-09-01 09:34:37
10262,90,1,4794,1.99,2005-07-03 00:20:37
10263,195,2,12996,0.99,2005-06-25 20:46:37
10264,119,2,12559,6.99,2005-09-21 15:33:37
10265,587,1,6603,8.99,2005-07-04 19:55:37
10266,212,2,503,4.99,2005-07-12 09:23:37
10267,423,2,9019,3.99,2005-09-16 02:00:37
10268,155,2,1391,2.99,2005-07-22 11:12:37
10269,64,2,8223,8.99,2005-08-24 11:40:37
10270,104,2,3811,9.99,2005-06-15 21:28:37
10271,141,2,9990,8.99,2005-07-24 20:59:37
10272,549,1,5483,0.99,2005-08-01 01:13:37
10273,283,1,10890,8.99,2005-07-10 04:44:37
10274,451,2,10426,6.99,2005-09-10 05:01:37
10275,491,1,5866,7.99,2005-06-18 23:31:37
10276,10,1,5613,9.99,2005-08-03 16:41:37
10277,377,1,12411,1.99,2005-07-18 22:12:37
10278,337,2,1844,7.99,2005-08-16 04:59:37
10279,156,2,3811,6.99,2005-08-13 10:35:37
10280,537,2,4664,3.99,2005-05-29 03:57:37
10281,516,1,14237,7.99,2005-07-26 12:37:37
10282,209,2,7020,4.99,2005-06-28 06:45:37
10283,459,1,15443,5.99,2005-08-31 00:15:37
10284,295,1,5795,9.99,2005-06-24 14:13:37
10285,117,1,13363,4.99,2005-08-23 17:12:37
10286,138,1,158,1.99,2005-08-14 20:24:37
10287,58,2,2773,3.99,2005-06-10 07:37:37
10288,435,1,13607,2.99,2005-06-14 03:52:37
10289,130,2,13734,2.99,2005-09-18 20:39:37
10290,236,2,259,5.99,2005-08-04 01:02:37
10291,14,2,5502,1.99,2005-06-16 07:53:37
10292,188,1,8932,1.99,2005-06-26 01:58:37
10293,93,2,3305,5.99,2005-07-29 18:30:37
10294,421,1,14588,7.99,2005-09-20 06:12:37
10295,118,1,13587,5.99,2005-06-29 02:12:37
10296,225,2,1255,9.99,2005-09-06 11:24:37
10297,203,1,2194,7.99,2005-08-29 03:44:37
10298,372,2,15116,0.99,2005-06-21 23:49:37
10299,479,1,6896,2.99,2005-06-05 03:37:37
10300,19,2,9375,9.99,2005-05-26 06:16:37
10301,288,1,9701,6.99,2005-07-07 13:51:37
10302,512,2,119,1.99,2005-06-02 23:04:37
10303,208,2,8017,0.99,2005-06-02 21:04:37
10304,43,2,12382,7.99,2005-06-29 05:48:37
10305,354,2,11679,7.99,2005-09-12 22:38:37
10306,409,1,5637,8.99,2005-07-15 11:26:37
10307,397,1,528,0.99,2005-06-22 00:11:37
10308,483,1,14690,9.99,2005-07-10 15:54:37
10309,288,2,14764,0.99,2005-07-02 12:45:37
10310,132,1,6351,1.99,2005-05-25 22:09:37
10311,340,1,3085,6.99,2005-07-16 02:54:37
10312,136,2,12162,0.99,2005-06-24 02:17:37
10313,281,2,13563,5.99,2005-06-26 04:42:37
10314,303,1,12723,0.99,2005-09-12 03:56:37
10315,86,2,13715,2.99,2005-06-06 11:44:37
10316,561,2,4488,9.99,2005-08-02 10:45:37
10317,57,1,286,0.99,2005-07-16 23:15:37
10318,280,2,10046,7.99,2005-08-18 22:33:37
10319,430,1,9065,5.99,2005-09-18 10:34:37
10320,61,2,13377,1.99,2005-08-06 01:01:37
10321,54,2,9082,6.99,2005-08-22 09:54:37
10322,162,2,260,4.99,2005-06-18 04:10:37
10323,52,1,7608,4.99,2005-07-31 15:43:37
10324,195,2,7125,6.99,2005-05-28 16:29:37
10325,156,1,15026,8.99,2005-09-15 16:52:37
10326,590,1,987,9.99,2005-07-26 02:56:37
10327,374,2,893,7.99,2005-06-27 20:30:37
10328,405,1,11815,0.99,2005-07-08 19:15:37
10329,510,1,1126,7.99,2005-08-27 21:30:37
10330,355,1,10084,2.99,2005-07-20 18:36:37
10331,101,1,6969,0.99,2005-07-28 06:11:37
10332,100,1,13808,7.99,2005-08-26 11:05:37
10333,494,1,12786,5.99,2005-09-12 01:38:37
10334,562,2,4218,7.99,2005-06-22 21:31:37
10335,281,1,7917,8.99,2005-06-08 09:00:37
10336,568,1,15896,8.99,2005-07-29 13:11:37
10337,440,1,15372,0.99,2005-07-17 22:15:37
10338,527,2,11196,5.99,2005-08-16 10:43:37
10339,253,1,5086,2.99,2005-07-05 04:11:37
10340,576,1,14995,6.99,2005-06-01 13:22:37
10341,538,2,11519,3.99,2005-07-30 21:42:37
10342,469,1,11477,7.99,2005-05-26 18:05:37
10343,357,2,4086,4.99,2005-09-16 18:01:37
10344,79,2,8931,2.99,2005-07-13 11:16:37
10345,505,1,5833,3.99,2005-07-07 09:28:37
10346,16,2,3060,1.99,2005-07-26 12:08:37
10347,520,2,7991,3.99,2005-07-12 13:51:37
10348,343,2,3652,1.99,2005-08-30 20:16:37
10349,80,1,2562,1.99,2005-07-19 22:26:37
10350,169,1,6643,6.99,2005-07-10 02:04:37
10351,489,1,4639,4.99,2005-06-25 08:45:37
10352,44,1,14247,9.99,2005-09-08 20:46:37
10353,206,1,4184,5.99,2005-07-28 17:23:37
10354,491,1,15824,0.99,2005-08-05 04:05:37
10355,150,1,10507,0.99,2005-07-25 07:15:37
10356,369,2,11070,5.99,2005-07-20 23:33:37
10357,62,1,2450,5.99,2005-05-29 04:26:37
10358,130,1,1942,8.99,2005-07-12 04:29:37
10359,20,1,5934,6.99,2005-06-17 04:19:37
10360,584,1,15627,3.99,2005-08-07 00:13:37
10361,119,2,15913,0.99,2005-08-19 07:12:37
10362,455,2,7654,5.99,2005-05-29 02:32:37
10363,558,2,2936,1.99,2005-06-09 06:04:37
10364,381,1,14366,2.99,2005-09-01 16:37:37
10365,24,1,3200,4.99,2005-06-12 16:31:37
10366,349,1,12352,6.99,2005-09-04 17:46:37
10367,282,2,1457,1.99,2005-05-29 05:32:37
10368,419,2,4425,4.99,2005-08-24 15:03:37
10369,151,1,12674,8.99,2005-08-05 02:13:37
10370,393,1,2415,8.99,2005-07-16 11:50:37
10371,243,1,6761,2.99,2005-07-21 18:39:37
10372,257,2,2040,7.99,2005-07-18 13:50:37
10373,233,2,14829,3.99,2005-06-01 21:49:37
10374,20,2,12822,2.99,2005-08-17 01:18:37
10375,369,2,4404,5.99,2005-08-27 03:47:37
10376,227,2,3484,2.99,2005-09-03 21:19:37
10377,175,2,1448,1.99,2005-07-24 20:46:37
10378,213,1,7756,3.99,2005-07-31 11:52:37
10379,260,2,407,7.99,2005-08-24 20:18:37
10380,518,2,3236,6.99,2005-07-11 12:30:37
10381,42,2,1849,2.99,2005-06-02 00:14:37
10382,190,2,1666,1.99,2005-06-15 00:45:37
10383,428,2,3545,2.99,2005-08-16 10:26:37
10384,140,1,7985,0.99,2005-05-30 11:55:37
10385,486,2,7520,1.99,2005-07-04 17:47:37
10386,311,1,2271,4.99,2005-07-26 02:36:37
10387,548,2,9507,5.99,2005-08-31 00:39:37
10388,37,2,7435,7.99,2005-06-08 13:20:37
10389,309,2,2446,0.99,2005-07-24 19:00:37
10390,492,2,1211,8.99,2005-06-30 10:41:37
10391,254,1,11471,1.99,2005-06-30 06:49:37
10392,162,2,7901,2.99,2005-07-19 18:14:37
10393,544,1,6502,2.99,2005-06-17 21:30:37
10394,450,2,7726,0.99,2005-07-03 01:35:37
10395,172,2,12060,5.99,2005-08-03 10:08:37
10396,540,2,8641,8.99,2005-06-22 23:44:37
10397,427,2,12476,0.99,2005-05-30 06:24:37
10398,378,2,9925,0.99,2005-07-28 16:10:37
10399,55,1,2580,9.99,2005-06-20 17:29:37
10400,233,2,11635,8.99,2005-07-02 13:30:37
10401,154,2,6192,9.99,2005-09-15 05:32:37
10402,198,2,15605,2.99,2005-09-04 16:09:37
10403,508,1,6681,0.99,2005-08-26 11:18:37
10404,309,1,13713,0.99,2005-06-29 17:49:37
10405,551,1,2444,7.99,2005-08-12 08:52:37
10406,482,1,2274,6.99,2005-07-17 03:15:37
10407,318,1,11133,3.99,2005-05-30 19:02:37
10408,364,1,13479,5.99,2005-06-11 16:14:37
10409,293,2,15083,6.99,2005-07-25 04:54:37
10410,391,2,9088,2.99,2005-06-27 17:32:37
10411,540,1,7143,3.99,2005-07-04 13:29:37
10412,114,1,10374,2.99,2005-09-16 05:48:37
10413,446,1,2519,5.99,2005-08-19 02:48:37
10414,421,1,15461,9.99,2005-09-13 20:22:37
10415,221,1,2694,7.99,2005-05-30 23:12:37
10416,21,1,3625,8.99,2005-06-12 05:47:37
10417,222,1,6247,5.99,2005-09-14 14:24:37
10418,305,1,11170,5.99,2005-08-12 04:41:37
10419,44,1,6362,4.99,2005-08-17 14:19:37
10420,21,1,7640,8.99,2005-06-29 02:12:37
10421,550,2,11152,5.99,2005-09-07 11:49:37
10422,544,2,5966,9.99,2005-06-25 11:21:37
10423,431,1,3321,3.99,2005-08-27 00:27:37
10424,548,2,6377,4.99,2005-08-11 22:50:37
10425,489,2,10801,6.99,2005-07-23 16:05:37
10426,287,1,16040,7.99,2005-08-20 07:39:37
10427,544,1,6815,4.99,2005-06-11 10:48:37
10428,5,1,7999,5.99,2005-06-06 04:30:37
10429,61,1,1861,2.99,2005-07-30 10:35:37
10430,397,2,5481,7.99,2005-08-26 17:44:37
10431,282,1,9863,0.99,2005-08-11 06:30:37
10432,483,2,69,5.99,2005-07-26 12:18:37
10433,386,1,2111,3.99,2005-07-19 01:52:37
10434,422,2,8822,1.99,2005-09-07 12:44:37
10435,196,1,10974,3.99,2005-08-16 13:02:37
10436,38,2,7364,4.99,2005-09-18 10:47:37
10437,195,1,11501,0.99,2005-09-19 17:31:37
10438,314,1,5817,3.99,2005-08-16 08:16:37
10439,194,1,14130,7.99,2005-08-21 05:58:37
10440,533,1,2310,8.99,2005-09-16 18:04:37
10441,175,2,15112,4.99,2005-08-04 12:52:37
10442,463,2,2458,9.99,2005-08-28 17:18:37
10443,523,1,716,0.99,2005-06-20 06:14:37
10444,491,2,11055,2.99,2005-06-23 06:56:37
10445,475,2,3209,0.99,2005-05-26 21:43:37
10446,322,1,13229,0.99,2005-08-27 21:03:37
10447,139,2,13886,9.99,2005-07-29 03:30:37
10448,599,1,13018,7.99,2005-07-25 07:58:37
10449,57,1,4318,3.99,2005-06-26 10:28:37
10450,156,2,14025,7.99,2005-08-30 00:50:37
10451,540,1,14723,4.99,2005-07-10 16:05:37
10452,510,2,4652,7.99,2005-06-11 22:17:37
10453,284,1,4726,5.99,2005-08-05 05:56:37
10454,101,2,11913,5.99,2005-07-18 01:28:37
10455,464,2,2667,7.99,2005-06-08 03:35:37
10456,527,2,4848,1.99,2005-08-13 08:44:37
10457,258,2,10331,1.99,2005-07-27 16:17:37
10458,339,2,4166,2.99,2005-08-31 09:13:37
10459,399,1,14592,9.99,2005-08-08 01:34:37
10460,499,1,15554,0.99,2005-08-23 04:05:37
10461,297,2,6283,9.99,2005-09-08 16:14:37
10462,346,1,6426,9.99,2005-07-10 15:42:37
10463,247,2,8594,3.99,2005-08-28 19:42:37
10464,431,1,2968,0.99,2005-06-26 16:05:37
10465,513,2,1389,7.99,2005-07-23 15:34:37
10466,352,2,4283,9.99,2005-08-17 10:35:37
10467,46,2,235,2.99,2005-07-17 07:55:37
10468,131,1,11771,9.99,2005-07-03 21:16:37
10469,360,1,14346,6.99,2005-05-28 15:13:37
10470,255,1,2174,8.99,2005-09-22 15:19:37
10471,24,1,5927,0.99,2005-07-08 15:08:37
10472,530,1,12966,8.99,2005-06-30 16:08:37
10473,145,1,13406,1.99,2005-08-31 19:29:37
10474,397,1,5185,6.99,2005-09-05 20:09:37
10475,117,2,5504,4.99,2005-08-21 01:40:37
10476,99,1,13718,9.99,2005-06-24 15:12:37
10477,22,1,12341,7.99,2005-09-18 12:41:37
10478,576,1,11645,1.99,2005-09-05 07:52:37
10479,537,1,6983,5.99,2005-08-25 11:11:37
10480,175,1,6424,5.99,2005-08-03 22:34:37
10481,593,2,3287,5.99,2005-06-13 18:07:37
10482,172,2,14874,8.99,2005-06-28 22:44:37
10483,347,2,4144,8.99,2005-08-25 06:46:37
10484,191,1,7092,4.99,2005-06-11 12:14:37
10485,372,1,2567,3.99,2005-08-08 14:28:37
10486,192,2,9963,6.99,2005-08-02 06:06:37
10487,295,2,10077,4.99,2005-07-26 22:12:37
10488,508,1,11114,8.99,2005-08-13 07:10:37
10489,336,2,1018,0.99,2005-06-24 09:09:37
10490,111,2,8110,6.99,2005-07-07 17:45:37
10491,58,2,3092,1.99,2005-05-31 03:19:37
10492,547,2,363,6.99,2005-08-02 12:16:37
10493,136,1,9006,9.99,2005-06-30 19:15:37
10494,455,2,10808,3.99,2005-09-08 09:48:37
10495,444,1,13002,1.99,2005-06-17 22:15:37
10496,303,2,10098,6.99,2005-06-12 08:08:37
10497,569,1,6246,6.99,2005-09-05 09:27:37
10498,180,2,11202,0.99,2005-09-18 23:50:37
10499,48,2,13973,1.99,2005-08-19 23:40:37
10500,415,1,7477,3.99,2005-08-03 12:13:37
10501,580,2,5704,1.99,2005-07-19 14:18:37
10502,310,1,10440,0.99,2005-05-31 19:56:37
10503,107,1,1581,2.99,2005-09-17 20:55:37
10504,588,2,6922,4.99,2005-07-03 22:45:37
10505,497,2,4678,2.99,2005-09-07 16:49:37
10506,8,1,14527,5.99,2005-07-12 00:03:37
10507,141,1,2451,6.99,2005-06-15 05:00:37
10508,60,1,2361,6.99,2005-08-06 19:29:37
10509,104,2,11637,1.99,2005-08-10 01:11:37
10510,217,1,12170,1.99,2005-06-07 13:39:37
10511,461,1,11687,5.99,2005-09-10 08:14:37
10512,323,1,12239,1.99,2005-08-24 05:13:37
10513,333,1,10209,2.99,2005-09-15 20:20:37
10514,251,1,6014,7.99,2005-09-21 08:22:37
10515,516,1,7831,0.99,2005-08-08 19:49:37
10516,105,1,1141,7.99,2005-07-16 17:08:37
10517,387,2,15602,8.99,2005-08-31 11:18:37
10518,129,1,14683,1.99,2005-08-25 18:51:37
10519,8,1,12793,9.99,2005-09-22 08:10:37
10520,530,1,1587,1.99,2005-07-12 20:52:37
10521,435,2,8662,5.99,2005-06-06 16:16:37
10522,131,1,14135,1.99,2005-09-12 13:08:37
10523,163,2,14219,8.99,2005-05-28 10:39:37
10524,39,1,13108,4.99,2005-07-09 10:15:37
10525,412,2,12045,4.99,2005-07-31 21:59:37
10526,334,1,10695,6.99,2005-06-09 01:17:37
10527,570,2,11804,0.99,2005-08-30 12:06:37
10528,421,1,4376,3.99,2005-07-14 17:09:37
10529,175,2,926,7.99,2005-06-23 12:01:37
10530,317,1,12239,3.99,2005-08-10 15:12:37
10531,119,1,3215,8.99,2005-07-12 19:36:37
10532,215,1,6030,5.99,2005-09-14 15:29:37
10533,396,1,463,1.99,2005-06-19 06:45:37
10534,391,2,14728,8.99,2005-08-01 17:55:37
10535,471,2,11515,1.99,2005-09-08 09:00:37
10536,595,1,7769,0.99,2005-09-06 01:26:37
10537,385,2,2825,3.99,2005-09-07 01:22:37
10538,391,2,3396,4.99,2005-07-03 22:02:37
10539,366,1,280,8.99,2005-06-07 04:04:37
10540,65,2,6462,0.99,2005-06-24 23:10:37
10541,243,2,2006,3.99,2005-06-28 18:30:37
10542,556,2,8958,7.99,2005-08-21 00:38:37
10543,144,2,11539,5.99,2005-07-19 10:52:37
10544,474,1,2921,7.99,2005-09-05 20:01:37
10545,15,2,4283,6.99,2005-06-01 15:44:37
10546,114,1,1473,0.99,2005-06-09 00:11:37
10547,324,1,2128,3.99,2005-06-10 22:22:37
10548,92,2,8140,8.99,2005-07-27 18:06:37
10549,47,2,9542,4.99,2005-09-19 23:24:37
10550,581,1,1462,6.99,2005-07-07 08:32:37
10551,252,2,7993,3.99,2005-07-16 03:44:37
10552,5,1,6033,7.99,2005-09-14 03:22:37
10553,54,2,12970,5.99,2005-09-13 02:36:37
10554,87,1,9955,1.99,2005-06-01 06:04:37
10555,101,1,11534,7.99,2005-07-31 07:13:37
10556,34,1,7586,0.99,2005-08-04 19:34:37
10557,536,1,11377,0.99,2005-08-31 12:22:37
10558,319,1,1927,4.99,2005-06-25 09:46:37
10559,79,2,2925,3.99,2005-09-14 04:20:37
10560,5,2,14983,3.99,2005-09-04 14:32:37
10561,450,1,7081,3.99,2005-06-26 11:45:37
10562,167,2,1668,2.99,2005-08-24 04:08:37
10563,455,2,5529,2.99,2005-09-08 22:25:37
10564,79,1,11712,6.99,2005-08-16 17:23:37
10565,337,2,10755,9.99,2005-09-10 08:16:37
10566,568,2,1788,9.99,2005-09-10 12:21:37
10567,579,1,2023,1.99,2005-09-21 15:44:37
10568,35,2,1268,9.99,2005-08-15 14:07:37
10569,27,2,10562,5.99,2005-08-31 20:13:37
10570,82,1,4355,8.99,2005-09-05 08:18:37
10571,552,1,4886,9.99,2005-07-16 12:39:37
10572,128,2,8042,7.99,2005-05-29 03:00:37
10573,112,2,142,2.99,2005-08-22 15:24:37
10574,580,1,6638,0.99,2005-08-13 15:19:37
10575,387,2,4985,1.99,2005-07-06 21:38:37
10576,214,2,15677,2.99,2005-05-29 22:19:37
10577,65,1,14008,7.99,2005-08-21 17:27:37
10578,505,1,10399,1.99,2005-08-17 09:27:37
10579,468,2,14424,7.99,2005-09-15 20:04:37
10580,449,1,9101,6.99,2005-06-18 20:19:37
10581,490,1,15367,7.99,2005-08-18 13:21:37
10582,178,2,4828,9.99,2005-09-14 09:18:37
10583,355,2,412,6.99,2005-07-27 16:04:37
10584,530,1,7732,0.99,2005-06-08 17:51:37
10585,579,1,1735,5.99,2005-09-04 13:31:37
10586,139,2,6545,9.99,2005-09-03 13:59:37
10587,210,2,13420,0.99,2005-07-20 05:39:37
10588,317,2,321,6.99,2005-06-15 18:25:37
10589,572,1,9743,5.99,2005-08-30 23:49:37
10590,141,1,6484,0.99,2005-08-25 05:51:37
10591,583,2,10794,6.99,2005-06-05 14:02:37
10592,288,2,1274,6.99,2005-07-24 15:56:37
10593,458,1,13772,6.99,2005-09-06 13:46:37
10594,129,2,6330,0.99,2005-08-04 14:36:37
10595,243,1,15119,6.99,2005-09-22 07:03:37
10596,554,1,15769,0.99,2005-06-13 20:58:37
10597,498,2,14860,3.99,2005-07-01 08:58:37
10598,63,2,6511,8.99,2005-08-15 14:15:37
10599,490,1,10455,5.99,2005-09-15 21:34:37
10600,128,1,15524,5.99,2005-07-13 09:20:37
10601,444,2,9325,7.99,2005-08-17 06:53:37
10602,164,1,11758,2.99,2005-06-26 02:48:37
10603,532,2,12883,3.99,2005-08-20 06:36:37
10604,42,1,9394,2.99,2005-09-20 21:07:37
10605,235,2,12693,8.99,2005-05-26 02:51:37
10606,402,2,3021,9.99,2005-06-27 20:02:37
10607,486,2,3392,6.99,2005-08-27 05:49:37
10608,360,1,3354,6.99,2005-06-05 05:10:37
10609,327,2,7706,7.99,2005-07-13 06:22:37
10610,306,2,6323,2.99,2005-05-27 09:42:37
10611,427,2,5001,4.99,2005-07-16 00:45:37
10612,248,1,8832,2.99,2005-08-08 18:17:37
10613,476,2,3265,9.99,2005-09-11 03:37:37
10614,497,2,4492,8.99,2005-08-07 02:48:37
10615,586,2,6710,7.99,2005-09-03 14:23:37
10616,330,2,4191,6.99,2005-06-14 20:37:37
10617,373,2,8090,7.99,2005-07-21 14:12:37
10618,216,1,5339,1.99,2005-06-23 14:22:37
10619,544,1,8909,8.99,2005-09-11 10:56:37
10620,334,1,7196,7.99,2005-06-16 08:44:37
10621,411,2,4209,7.99,2005-06-28 10:42:37
10622,467,2,1557,1.99,2005-08-03 02:07:37
10623,376,1,10283,5.99,2005-05-27 12:08:37
10624,519,2,13530,2.99,2005-07-19 03:33:37
10625,478,1,15897,2.99,2005-06-17 23:10:37
10626,149,1,6305,9.99,2005-06-06 03:37:37
10627,154,1,11013,3.99,2005-07-10 07:25:37
10628,29,2,3162,1.99,2005-09-11 02:19:37
10629,142,1,7283,8.99,2005-06-30 15:28:37
10630,432,1,13407,3.99,2005-06-08 09:52:37
10631,9,1,10018,9.99,2005-07-04 00:06:37
10632,149,1,15110,0.99,2005-09-08 15:15:37
10633,149,2,2158,2.99,2005-09-08 07:30:37
10634,391,2,2290,7.99,2005-07-28 15:02:37
10635,211,2,15226,2.99,2005-09-08 00:31:37
10636,336,2,3810,5.99,2005-06-04 17:29:37
10637,158,2,11936,4.99,2005-05-25 16:58:37
10638,188,2,1387,2.99,2005-06-04 19:51:37
10639,186,1,2001,7.99,2005-07-08 13:23:37
10640,184,2,13146,0.99,2005-08-04 05:11:37
10641,133,2,11677,7.99,2005-08-11 11:53:37
10642,256,1,6096,5.99,2005-09-13 12:32:37
10643,90,2,295,7.99,2005-06-17 03:45:37
10644,55,1,12356,7.99,2005-06-10 14:27:37
10645,312,2,6660,4.99,2005-07-26 05:35:37
10646,482,1,7351,4.99,2005-07-06 11:22:37
10647,50,2,4331,4.99,2005-05-27 07:39:37
10648,78,2,3466,3.99,2005-05-31 21:37:37
10649,470,2,1048,5.99,2005-09-14 22:24:37
10650,285,2,1650,4.99,2005-06-29 09:50:37
10651,302,2,5552,8.99,2005-08-16 19:30:37
10652,221,2,4328,1.99,2005-06-23 06:53:37
10653,75,1,392,4.99,2005-07-06 10:31:37
10654,241,1,14963,4.99,2005-07-30 11:06:37
10655,468,1,691,7.99,2005-09-12 07:07:37
10656,145,2,8952,3.99,2005-06-02 13:54:37
10657,275,2,6122,6.99,2005-08-09 23:51:37
10658,459,1,15172,9.99,2005-09-21 18:36:37
10659,101,1,6863,1.99,2005-07-11 21:05:37
10660,200,1,6413,3.99,2005-09-22 06:22:37
10661,198,1,1670,2.99,2005-09-04 02:26:37
10662,358,2,11555,9.99,2005-07-19 17:30:37
10663,54,1,12711,9.99,2005-07-22 23:34:37
10664,274,1,3272,6.99,2005-08-21 06:37:37
10665,341,2,5843,6.99,2005-08-24 22:56:37
10666,367,2,10578,1.99,2005-08-20 15:04:37
10667,517,2,3939,9.99,2005-06-12 00:44:37
10668,78,2,6549,5.99,2005-06-24 07:22:37
10669,202,2,9654,1.99,2005-08-27 06:31:37
10670,341,1,4204,7.99,2005-08-29 00:58:37
10671,154,1,12404,7.99,2005-07-08 00:05:37
10672,254,2,11814,5.99,2005-06-25 08:56:37
10673,225,2,2277,5.99,2005-08-13 00:46:37
10674,564,1,506,9.99,2005-07-05 23:47:37
10675,211,2,3816,3.99,2005-09-23 06:22:37
10676,285,2,11881,8.99,2005-07-01 18:24:37
10677,565,2,8577,5.99,2005-09-16 01:41:37
10678,240,1,2967,1.99,2005-05-26 15:48:37
10679,46,2,13093,0.99,2005-09-18 18:34:37
10680,585,1,3712,2.99,2005-06-08 01:23:37
10681,193,1,10258,3.99,2005-06-28 20:29:37
10682,116,1,6826,4.99,2005-09-17 14:27:37
10683,518,1,3498,9.99,2005-08-02 00:53:37
10684,536,2,13694,3.99,2005-09-21 08:28:37
10685,220,1,4237,8.99,2005-05-27 18:34:37
10686,431,2,12517,7.99,2005-09-03 19:22:37
10687,147,1,9969,0.99,2005-06-18 13:36:37
10688,267,1,4397,5.99,2005-05-25 23:55:37
10689,286,2,138,3.99,2005-07-26 12:19:37
10690,117,1,9221,9.99,2005-08-31 07:38:37
10691,304,1,4102,7.99,2005-06-24 00:08:37
10692,320,1,5355,7.99,2005-08-21 08:25:37
10693,174,2,4514,0.99,2005-08-30 02:44:37
10694,456,2,6734,3.99,2005-06-28 12:33:37
10695,138,1,1297,3.99,2005-06-24 11:26:37
10696,345,1,13117,7.99,2005-09-22 06:26:37
10697,332,2,8552,7.99,2005-06-16 09:24:37
10698,103,1,14648,0.99,2005-06-21 09:14:37
10699,400,2,6562,9.99,2005-07-20 01:48:37
10700,112,1,6029,4.99,2005-09-10 11:12:37
10701,583,1,4075,8.99,2005-09-07 18:42:37
10702,58,2,8374,1.99,2005-06-12 14:33:37
10703,452,1,6265,0.99,2005-06-01 16:24:37
10704,110,1,12821,5.99,2005-06-16 02:52:37
10705,253,1,5161,2.99,2005-09-13 15:41:37
10706,497,2,3187,3.99,2005-08-07 00:04:37
10707,569,2,13794,3.99,2005-07-18 16:55:37
10708,51,2,7206,8.99,2005-08-29 07:17:37
10709,34,1,4565,6.99,2005-08-13 08:10:37
10710,437,1,13052,2.99,2005-09-18 08:25:37
10711,305,1,10880,4.99,2005-08-11 19:43:37
10712,313,2,3539,7.99,2005-07-12 09:50:37
10713,104,2,7471,1.99,2005-07-10 21:16:37
10714,123,2,10535,9.99,2005-08-19 08:43:37
10715,412,1,1167,4.99,2005-07-11 00:04:37
10716,476,2,5859,1.99,2005-07-21 01:02:37
10717,309,1,15428,2.99,2005-09-11 20:03:37
10718,197,1,1670,5.99,2005-07-18 14:48:37
10719,167,1,8244,9.99,2005-07-17 12:20:37
10720,536,1,3796,0.99,2005-07-16 05:52:37
10721,61,1,15802,9.99,2005-09-05 17:11:37
10722,510,2,10886,8.99,2005-08-01 02:51:37
10723,419,2,14767,9.99,2005-07-07 18:00:37
10724,449,2,3176,0.99,2005-07-30 04:07:37
10725,549,2,4205,4.99,2005-08-02 15:43:37
10726,149,1,10502,5.99,2005-09-12 01:55:37
10727,196,2,2321,8.99,2005-07-06 22:41:37
10728,108,1,1046,0.99,2005-07-24 07:51:37
10729,150,2,14402,3.99,2005-07-29 13:26:37
10730,582,1,5224,9.99,2005-07-22 14:57:37
10731,509,1,5544,4.99,2005-08-12 13:55:37
10732,10,1,2132,1.99,2005-06-21 22:14:37
10733,245,1,6543,0.99,2005-07-03 08:29:37
10734,200,2,4542,3.99,2005-07-30 22:51:37
10735,251,2,14584,8.99,2005-07-06 04:49:37
10736,31,2,9901,8.99,2005-08-27 09:43:37
10737,440,2,1902,3.99,2005-08-10 16:03:37
10738,132,2,14291,1.99,2005-06-25 22:01:37
10739,305,1,1336,1.99,2005-08-04 13:05:37
10740,141,1,5222,8.99,2005-08-15 20:51:37
10741,286,2,4083,5.99,2005-09-17 06:05:37
10742,595,1,786,9.99,2005-06-30 06:41:37
10743,540,1,11228,0.99,2005-06-30 07:02:37
10744,394,2,11692,1.99,2005-09-07 02:59:37
10745,325,2,7032,9.99,2005-08-28 16:14:37
10746,77,2,10030,3.99,2005-08-17 10:00:37
10747,538,1,3114,2.99,2005-06-26 20:49:37
10748,124,2,12759,3.99,2005-08-05 07:19:37
10749,154,2,5822,0.99,2005-06-09 13:57:37
10750,223,2,15339,5.99,2005-08-04 22:16:37
10751,229,1,12389,6.99,2005-09-10 12:15:37
10752,300,2,14129,5.99,2005-06-22 14:50:37
10753,101,2,9025,1.99,2005-07-11 10:22:37
10754,67,1,3678,5.99,2005-09-01 13:01:37
10755,254,1,12711,6.99,2005-09-16 01:19:37
10756,331,1,12661,7.99,2005-08-28 13:15:37
10757,594,1,7908,8.99,2005-09-14 13:42:37
10758,580,1,4998,2.99,2005-07-29 08:46:37
10759,487,2,727,0.99,2005-09-18 16:34:37
10760,178,1,14628,2.99,2005-08-07 00:06:37
10761,372,2,7925,5.99,2005-09-06 13:37:37
10762,468,2,10699,8.99,2005-09-16 18:57:37
10763,506,1,7573,4.99,2005-08-13 01:14:37
10764,288,2,10054,8.99,2005-09-03 04:11:37
10765,236,2,9535,3.99,2005-08-07 01:50:37
10766,372,2,9842,6.99,2005-08-28 14:31:37
10767,484,1,3014,0.99,2005-09-13 01:57:37
10768,364,1,14297,9.99,2005-09-19 08:38:37
10769,18,2,12206,0.99,2005-07-16 21:53:37
10770,93,1,9013,3.99,2005-08-21 13:43:37
10771,398,2,11761,8.99,2005-07-13 04:10:37
10772,219,1,13202,9.99,2005-06-01 17:17:37
10773,85,2,5962,6.99,2005-08-18 16:05:37
10774,570,2,10252,3.99,2005-08-21 03:09:37
10775,184,2,10661,1.99,2005-07-25 17:26:37
10776,349,1,1446,5.99,2005-06-14 23:09:37
10777,257,2,1880,3.99,2005-06-17 01:30:37
10778,222,1,11246,0.99,2005-09-11 03:12:37
10779,4,1,8081,6.99,2005-06-01 11:33:37
10780,487,1,11886,5.99,2005-05-27 08:03:37
10781,327,1,1370,5.99,2005-08-23 10:01:37
10782,548,2,15867,5.99,2005-05-31 03:26:37
10783,262,2,2433,6.99,2005-08-04 17:04:37
10784,39,2,14202,1.99,2005-07-18 02:06:37
10785,467,1,13187,1.99,2005-08-24 22:19:37
10786,545,2,7797,1.99,2005-08-18 15:35:37
10787,343,2,2100,0.99,2005-07-10 13:52:37
10788,117,2,15034,4.99,2005-08-07 10:58:37
10789,417,1,6853,2.99,2005-07-03 08:38:37
10790,88,1,5997,2.99,2005-06-16 14:01:37
10791,209,2,7261,8.99,2005-05-29 22:59:37
10792,43,2,1572,0.99,2005-07-22 17:05:37
10793,472,2,12031,1.99,2005-07-20 19:42:37
10794,249,1,13842,3.99,2005-06-29 09:55:37
10795,209,2,11633,1.99,2005-05-27 08:20:37
10796,554,1,8535,5.99,2005-07-25 11:07:37
10797,268,1,3785,8.99,2005-08-14 00:51:37
10798,170,2,2259,7.99,2005-08-26 19:25:37
10799,364,2,8066,7.99,2005-07-27 13:13:37
10800,598,1,13810,4.99,2005-07-12 05:21:37
10801,240,1,9275,9.99,2005-07-07 02:28:37
10802,438,2,8736,6.99,2005-07-13 12:33:37
10803,80,2,7769,2.99,2005-07-29 08:49:37
10804,536,1,13060,9.99,2005-09-14 08:56:37
10805,573,1,5919,2.99,2005-08-31 23:22:37
10806,244,2,12001,4.99,2005-08-21 11:22:37
10807,577,2,2211,1.99,2005-09-23 03:21:37
10808,473,1,3704,8.99,2005-09-02 01:00:37
10809,114,2,15963,4.99,2005-08-17 00:16:37
10810,151,1,5463,5.99,2005-08-02 16:13:37
10811,13,2,13230,8.99,2005-09-17 22:25:37
10812,43,2,13638,9.99,2005-06-24 01:40:37
10813,599,1,6796,9.99,2005-09-16 20:43:37
10814,479,2,15833,0.99,2005-07-17 14:12:37
10815,469,2,8509,4.99,2005-07-21 15:16:37
10816,384,1,667,8.99,2005-06-07 00:37:37
10817,53,1,8047,4.99,2005-09-16 01:45:37
10818,23,2,9671,6.99,2005-08-30 23:43:37
10819,589,2,12515,5.99,2005-07-04 16:47:37
10820,527,1,8105,7.99,2005-07-18 20:51:37
10821,439,1,1893,8.99,2005-08-30 14:12:37
10822,365,1,9341,5.99,2005-07-24 22:14:37
10823,528,2,12774,6.99,2005-08-09 01:09:37
10824,341,1,5812,7.99,2005-07-07 06:42:37
10825,495,2,10977,4.99,2005-06-19 08:48:37
10826,321,1,12616,0.99,2005-07-13 23:52:37
10827,212,1,64,8.99,2005-08-26 01:29:37
10828,235,2,1586,8.99,2005-09-06 03:39:37
10829,73,2,1103,4.99,2005-06-27 00:16:37
10830,293,2,265,2.99,2005-08-01 21:50:37
10831,266,1,10618,2.99,2005-05-28 17:42:37
10832,39,1,14972,5.99,2005-06-28 16:55:37
10833,173,2,10735,3.99,2005-06-17 14:54:37
10834,437,2,8933,1.99,2005-05-27 02:21:37
10835,180,2,8764,1.99,2005-06-07 03:26:37
10836,419,1,9668,8.99,2005-07-15 09:33:37
10837,239,1,13760,9.99,2005-06-29 19:42:37
10838,188,1,15123,3.99,2005-06-30 10:12:37
10839,176,1,1245,0.99,2005-08-16 20:15:37
10840,223,1,6290,1.99,2005-07-31 23:05:37
10841,89,1,8432,7.99,2005-06-17 19:49:37
10842,349,2,2510,7.99,2005-06-24 03:29:37
10843,384,2,13310,8.99,2005-08-20 16:54:37
10844,199,2,12875,7.99,2005-08-04 18:31:37
10845,449,1,12835,7.99,2005-09-07 01:39:37
10846,169,1,9538,1.99,2005-08-02 21:12:37
10847,244,2,4849,4.99,2005-08-17 06:13:37
10848,470,2,6061,8.99,2005-06-24 16:18:37
10849,325,2,753,6.99,2005-06-01 19:20:37
10850,140,1,15821,3.99,2005-05-31 06:51:37
10851,112,1,11284,1.99,2005-09-06 04:25:37
10852,362,2,4487,9.99,2005-07-26 19:27:37
10853,542,1,14391,6.99,2005-07-16 20:14:37
10854,416,2,8060,5.99,2005-06-04 08:40:37
10855,339,1,1166,6.99,2005-09-17 20:05:37
10856,197,2,11050,3.99,2005-07-23 09:26:37
10857,134,2,11155,5.99,2005-05-27 07:49:37
10858,560,1,12164,6.99,2005-07-22 01:59:37
10859,412,1,10248,7.99,2005-09-02 05:32:37
10860,111,1,4237,5.99,2005-09-13 20:04:37
10861,448,1,3580,9.99,2005-07-20 06:58:37
10862,468,2,15403,0.99,2005-05-27 08:07:37
10863,137,1,369,4.99,2005-08-23 14:08:37
10864,284,1,9919,6.99,2005-06-11 08:32:37
10865,336,1,15846,0.99,2005-07-25 05:41:37
10866,528,2,10767,0.99,2005-08-31 12:24:37
10867,236,2,11367,8.99,2005-09-12 21:27:37
10868,535,1,1304,1.99,2005-06-27 09:46:37
10869,95,2,4526,3.99,2005-09-11 21:43:37
10870,226,2,15782,5.99,2005-06-04 21:50:37
10871,467,1,7442,9.99,2005-06-04 04:34:37
10872,223,2,13691,2.99,2005-07-23 13:10:37
10873,114,2,14630,2.99,2005-09-02 09:13:37
10874,558,1,11147,9.99,2005-08-05 03:31:37
10875,424,2,4850,8.99,2005-09-19 01:36:37
10876,533,2,3826,1.99,2005-06-18 16:17:37
10877,417,1,1553,4.99,2005-07-07 00:41:37
10878,40,1,4400,2.99,2005-07-29 02:20:37
10879,577,2,318,4.99,2005-05-30 13:09:37
10880,111,2,6428,5.99,2005-07-22 00:48:37
10881,174,2,850,6.99,2005-08-20 09:44:37
10882,576,2,8042,2.99,2005-06-11 07:08:37
10883,392,1,8903,4.99,2005-09-21 18:25:37
10884,509,1,11049,1.99,2005-06-10 14:00:37
10885,526,2,14237,8.99,2005-09-23 09:16:37
10886,239,1,10504,8.99,2005-08-17 01:30:37
10887,103,2,4086,9.99,2005-06-21 12:01:37
10888,314,2,1504,4.99,2005-06-29 19:56:37
10889,273,1,7321,5.99,2005-09-01 04:34:37
10890,541,2,5768,1.99,2005-09-17 07:45:37
10891,484,2,9904,2.99,2005-08-12 10:10:37
10892,420,1,3974,9.99,2005-06-06 10:51:37
10893,510,2,6336,7.99,2005-07-25 20:26:37
10894,514,1,3704,8.99,2005-09-10 09:46:37
10895,542,2,12409,2.99,2005-06-13 18:12:37
10896,567,1,2984,6.99,2005-07-19 06:15:37
10897,558,1,10907,7.99,2005-08-24 04:33:37
10898,492,2,6915,4.99,2005-07-27 19:26:37
10899,421,1,6794,7.99,2005-05-25 21:17:37
10900,323,1,9997,9.99,2005-08-18 03:24:37
10901,190,1,1028,0.99,2005-08-02 16:25:37
10902,593,2,2558,1.99,2005-06-17 16:35:37
10903,558,1,13524,6.99,2005-09-19 05:44:37
10904,54,2,14164,4.99,2005-07-08 10:53:37
10905,440,1,12494,0.99,2005-06-04 15:00:37
10906,453,1,6101,9.99,2005-06-08 12:12:37
10907,501,1,9882,8.99,2005-06-17 05:06:37
10908,79,2,4873,7.99,2005-09-08 02:43:37
10909,268,1,9785,2.99,2005-06-21 23:45:37
10910,297,1,1582,1.99,2005-06-03 00:40:37
10911,585,1,10883,8.99,2005-08-22 23:45:37
10912,299,1,10224,1.99,2005-06-25 06:06:37
10913,166,1,4966,2.99,2005-07-22 17:48:37
10914,112,2,11838,8.99,2005-07-23 21:50:37
10915,530,2,11366,1.99,2005-06-09 21:39:37
10916,191,2,14310,1.99,2005-06-10 11:26:37
10917,548,2,830,9.99,2005-08-24 02:43:37
10918,543,2,14195,5.99,2005-07-01 08:17:37
10919,415,2,15247,2.99,2005-06-04 09:06:37
10920,449,2,754,1.99,2005-07-06 22:27:37
10921,509,1,1444,3.99,2005-06-30 19:46:37
10922,478,2,14645,7.99,2005-08-30 14:28:37
10923,437,2,8532,8.99,2005-08-01 20:07:37
10924,411,2,13992,0.99,2005-06-01 18:39:37
10925,27,1,13821,4.99,2005-06-18 17:33:37
10926,223,2,3719,0.99,2005-07-26 00:23:37
10927,153,1,8345,2.99,2005-08-29 02:31:37
10928,64,2,4729,7.99,2005-06-03 19:39:37
10929,286,1,4809,2.99,2005-05-28 14:15:37
10930,409,1,5357,5.99,2005-09-07 09:51:37
10931,18,1,13198,0.99,2005-09-05 04:55:37
10932,542,1,12593,2.99,2005-08-17 15:26:37
10933,294,2,9940,1.99,2005-09-14 09:23:37
10934,346,2,12155,4.99,2005-07-13 15:04:37
10935,591,1,10787,9.99,2005-08-20 02:34:37
10936,129,1,11541,2.99,2005-08-07 05:04:37
10937,519,2,15648,3.99,2005-09-19 06:41:37
10938,291,2,7569,9.99,2005-05-28 22:57:37
10939,221,1,9424,4.99,2005-08-05 08:25:37
10940,100,1,5509,9.99,2005-07-22 07:46:37
10941,57,2,14347,3.99,2005-06-13 19:12:37
10942,250,2,2283,4.99,2005-07-03 21:00:37
10943,283,1,15817,6.99,2005-06-19 02:20:37
10944,244,1,12780,0.99,2005-09-09 03:12:37
10945,241,2,5683,4.99,2005-09-18 09:53:37
10946,488,2,9921,8.99,2005-06-11 05:27:37
10947,170,1,15819,2.99,2005-07-21 21:11:37
10948,547,1,4715,2.99,2005-06-22 22:11:37
10949,461,1,4943,2.99,2005-08-14 11:30:37
10950,91,2,15498,3.99,2005-07-20 14:09:37
10951,374,1,13031,0.99,2005-09-09 08:37:37
10952,412,2,12017,4.99,2005-06-22 11:59:37
10953,165,1,3333,7.99,2005-07-24 03:32:37
10954,288,1,9510,4.99,2005-08-22 09:37:37
10955,394,1,14311,0.99,2005-06-30 11:47:37
10956,594,1,3380,3.99,2005-07-29 00:34:37
10957,172,2,14122,4.99,2005-05-26 00:22:37
10958,436,2,10549,9.99,2005-07-14 01:38:37
10959,35,1,9576,1.99,2005-09-19 10:31:37
10960,474,2,6225,9.99,2005-09-19 15:47:37
10961,347,2,5785,9.99,2005-06-11 10:41:37
10962,450,2,588,7.99,2005-07-13 18:25:37
10963,157,1,619,8.99,2005-07-15 15:25:37
10964,158,2,3230,5.99,2005-08-02 12:59:37
10965,421,1,8009,0.99,2005-07-04 01:38:37
10966,456,1,233,2.99,2005-08-12 09:48:37
10967,304,2,6860,5.99,2005-08-22 14:01:37
10968,373,1,586,5.99,2005-05-31 19:48:37
10969,230,1,6249,5.99,2005-09-13 03:32:37
10970,132,2,11094,0.99,2005-08-14 06:00:37
10971,562,1,10062,7.99,2005-06-18 03:15:37
10972,33,2,318,8.99,2005-09-18 10:34:37
10973,86,1,7831,2.99,2005-06-24 06:52:37
10974,83,2,11235,7.99,2005-06-24 17:47:37
10975,14,2,7426,0.99,2005-07-02 12:11:37
10976,195,1,12353,8.99,2005-08-21 00:49:37
10977,231,1,11770,9.99,2005-08-22 10:34:37
10978,45,1,13144,4.99,2005-09-16 14:17:37
10979,239,2,659,9.99,2005-07-08 22:31:37
10980,23,2,12271,6.99,2005-09-15 21:19:37
10981,32,2,6545,5.99,2005-06-26 13:15:37
10982,153,2,12416,5.99,2005-06-28 17:26:37
10983,320,2,10351,3.99,2005-09-12 09:25:37
10984,290,2,14742,3.99,2005-06-05 18:50:37
10985,487,2,5307,7.99,2005-08-02 17:31:37
10986,291,1,14609,6.99,2005-06-03 12:38:37
10987,576,1,6672,0.99,2005-06-25 13:00:37
10988,548,1,4130,0.99,2005-07-26 09:04:37
10989,593,1,2566,1.99,2005-08-23 20:56:37
10990,598,1,11813,7.99,2005-09-17 09:32:37
10991,140,2,11193,8.99,2005-09-04 06:01:37
10992,277,2,4362,8.99,2005-06-21 08:23:37
10993,509,1,12116,0.99,2005-07-08 21:59:37
10994,553,2,7965,3.99,2005-08-11 04:27:37
10995,494,2,5962,3.99,2005-06-12 22:10:37
10996,231,2,3263,6.99,2005-06-07 13:01:37
10997,591,2,5557,5.99,2005-08-01 00:38:37
10998,222,2,10351,5.99,2005-07-22 00:48:37
10999,590,1,8103,1.99,2005-06-04 01:08:37
11000,494,2,8382,0.99,2005-07-10 16:57:37
11001,308,2,6337,2.99,2005-07-13 11:26:37
11002,517,1,12721,0.99,2005-06-14 06:57:37
11003,419,2,11718,6.99,2005-09-11 19:54:37
11004,215,2,7650,0.99,2005-07-24 08:39:37
11005,592,2,7588,1.99,2005-07-04 04:21:37
11006,258,1,5127,0.99,2005-08-03 19:37:37
11007,31,2,1814,9.99,2005-08-23 15:37:37
11008,105,2,6086,4.99,2005-09-04 12:39:37
11009,512,2,3758,9.99,2005-06-04 06:22:37
11010,196,1,14528,8.99,2005-06-10 01:46:37
11011,286,1,9740,3.99,2005-09-22 17:48:37
11012,591,1,1638,7.99,2005-08-18 12:18:37
11013,20,1,11171,4.99,2005-08-09 04:04:37
11014,199,1,2566,5.99,2005-08-05 17:13:37
11015,235,1,1473,6.99,2005-08-04 08:11:37
11016,229,2,2526,8.99,2005-08-28 08:22:37
11017,333,1,2747,3.99,2005-08-22 12:47:37
11018,136,1,5695,5.99,2005-09-11 03:38:37
11019,195,1,13116,3.99,2005-05-29 01:05:37
11020,94,1,2007,1.99,2005-06-15 14:09:37
11021,193,2,10064,8.99,2005-09-06 05:16:37
11022,571,2,2137,8.99,2005-06-16 21:39:37
11023,598,2,1766,6.99,2005-06-14 00:33:37
11024,195,1,7278,7.99,2005-06-26 17:53:37
11025,73,1,4013,5.99,2005-09-17 03:24:37
11026,402,2,10736,0.99,2005-09-21 19:52:37
11027,275,2,8544,8.99,2005-06-12 21:39:37
11028,164,1,6963,0.99,2005-08-02 02:29:37
11029,120,1,1404,5.99,2005-07-16 21:19:37
11030,565,2,4972,2.99,2005-08-28 17:49:37
11031,6,1,10329,1.99,2005-06-17 04:21:37
11032,393,2,14497,1.99,2005-09-04 17:20:37
11033,19,2,8590,3.99,2005-05-31 08:58:37
11034,332,2,7317,5.99,2005-09-22 00:00:37
11035,480,1,9728,3.99,2005-06-15 06:45:37
11036,344,2,13496,3.99,2005-09-12 15:02:37
11037,152,1,7605,5.99,2005-06-11 11:24:37
11038,41,2,13773,7.99,2005-07-07 07:57:37
11039,515,1,10076,2.99,2005-06-11 20:21:37
11040,419,1,12027,6.99,2005-07-14 01:57:37
11041,16,2,116,1.99,2005-08-28 09:48:37
11042,239,2,15410,8.99,2005-08-01 02:14:37
11043,269,2,10046,8.99,2005-09-20 07:12:37
11044,361,1,2806,7.99,2005-08-28 04:03:37
11045,532,2,14610,7.99,2005-07-12 21:32:37
11046,49,2,9627,5.99,2005-09-14 14:57:37
11047,124,2,5661,5.99,2005-08-23 13:45:37
11048,330,1,13866,4.99,2005-08-27 04:55:37
11049,289,2,5940,0.99,2005-06-23 05:00:37
11050,155,1,1902,1.99,2005-06-13 03:52:37
11051,538,1,3872,0.99,2005-08-12 17:53:37
11052,327,2,2930,0.99,2005-08-01 18:50:37
11053,360,1,4696,6.99,2005-08-20 02:05:37
11054,12,1,9195,6.99,2005-07-14 10:26:37
11055,370,1,6848,5.99,2005-07-16 09:09:37
11056,59,2,6268,1.99,2005-07-23 12:26:37
11057,7,1,15522,6.99,2005-07-17 16:09:37
11058,3,2,8568,4.99,2005-06-04 06:22:37
11059,477,2,5732,2.99,2005-06-30 22:25:37
11060,353,2,7006,1.99,2005-07-15 04:00:37
11061,254,2,8117,2.99,2005-08-05 02:30:37
11062,26,2,292,9.99,2005-08-26 18:06:37
11063,245,2,2537,3.99,2005-06-08 05:48:37
11064,572,1,13935,1.99,2005-08-02 11:55:37
11065,259,2,8469,0.99,2005-07-23 15:04:37
11066,554,1,3448,4.99,2005-06-07 08:15:37
11067,38,1,4618,5.99,2005-06-13 18:40:37
11068,517,1,12711,3.99,2005-09-12 15:58:37
11069,521,2,591,0.99,2005-08-13 02:06:37
11070,45,1,15083,2.99,2005-06-10 11:59:37
11071,518,2,13875,0.99,2005-09-12 01:23:37
11072,416,2,10596,4.99,2005-08-16 17:04:37
11073,152,2,11462,5.99,2005-09-17 13:33:37
11074,235,1,7591,4.99,2005-06-28 15:29:37
11075,509,1,3826,0.99,2005-06-28 04:29:37
11076,201,2,4798,0.99,2005-08-13 00:40:37
11077,34,1,9493,9.99,2005-07-05 12:19:37
11078,453,1,11361,1.99,2005-09-13 21:58:37
11079,459,1,8993,6.99,2005-07-13 09:20:37
11080,140,1,6444,4.99,2005-07-31 01:25:37
11081,485,1,9229,2.99,2005-07-29 08:50:37
11082,481,2,7788,9.99,2005-06-06 14:35:37
11083,74,2,13343,3.99,2005-06-27 00:04:37
11084,321,2,6130,2.99,2005-08-14 19:19:37
11085,572,1,8809,7.99,2005-07-21 09:26:37
11086,486,1,14318,3.99,2005-07-30 15:27:37
11087,306,1,10938,3.99,2005-08-23 05:36:37
11088,535,2,916,2.99,2005-05-30 19:46:37
11089,406,1,690,8.99,2005-07-31 00:20:37
11090,415,2,2346,6.99,2005-06-25 14:48:37
11091,239,2,15543,7.99,2005-07-11 01:31:37
11092,398,2,15260,9.99,2005-08-03 04:33:37
11093,372,1,8202,4.99,2005-08-01 03:38:37
11094,563,2,8430,9.99,2005-08-09 14:19:37
11095,84,2,10741,4.99,2005-08-07 06:59:37
11096,378,1,9083,6.99,2005-08-22 16:30:37
11097,296,1,14920,9.99,2005-08-30 05:34:37
11098,267,2,3328,6.99,2005-07-21 15:57:37
11099,54,1,11568,7.99,2005-07-23 16:01:37
11100,99,1,7260,9.99,2005-09-13 01:29:37
11101,242,2,12225,8.99,2005-07-15 13:56:37
11102,454,2,335,8.99,2005-07-05 05:11:37
11103,540,1,12521,1.99,2005-08-08 12:02:37
11104,387,2,14561,2.99,2005-05-29 22:49:37
11105,486,1,37,8.99,2005-06-20 12:32:37
11106,414,1,14128,0.99,2005-06-01 11:49:37
11107,508,2,14810,1.99,2005-07-20 06:45:37
11108,491,2,13507,2.99,2005-07-28 22:15:37
11109,60,2,9140,3.99,2005-08-09 14:26:37
11110,71,1,15194,1.99,2005-08-14 02:42:37
11111,10,2,1376,5.99,2005-05-28 17:17:37
11112,87,2,1467,5.99,2005-08-12 13:29:37
11113,483,1,9511,6.99,2005-08-09 18:05:37
11114,355,1,10547,4.99,2005-09-09 21:13:37
11115,409,2,671,7.99,2005-06-15 13:18:37
11116,463,2,11690,5.99,2005-06-23 11:27:37
11117,522,1,12963,9.99,2005-06-01 09:48:37
11118,515,1,6950,0.99,2005-07-09 01:55:37
11119,353,1,2190,1.99,2005-09-01 12:57:37
11120,6,1,12606,4.99,2005-05-26 15:31:37
11121,243,2,2830,3.99,2005-07-03 03:13:37
11122,499,2,7288,8.99,2005-07-15 22:19:37
11123,373,2,12246,8.99,2005-07-16 20:40:37
11124,197,2,5996,4.99,2005-09-10 23:21:37
11125,257,1,7875,0.99,2005-08-26 17:57:37
11126,294,1,10216,0.99,2005-09-22 04:15:37
11127,347,2,4746,3.99,2005-08-12 02:53:37
11128,265,1,10854,5.99,2005-08-31 07:34:37
11129,163,2,15700,4.99,2005-06-12 07:54:37
11130,496,2,12722,6.99,2005-06-10 19:37:37
11131,211,1,12109,4.99,2005-08-14 22:14:37
11132,546,1,330,2.99,2005-09-05 23:29:37
11133,599,2,7495,9.99,2005-07-15 20:43:37
11134,272,2,10012,8.99,2005-09-04 20:15:37
11135,431,2,11814,5.99,2005-06-26 17:35:37
11136,537,2,2090,1.99,2005-07-15 18:51:37
11137,435,2,2934,2.99,2005-07-10 21:19:37
11138,90,1,11227,7.99,2005-09-23 09:23:37
11139,281,1,9702,8.99,2005-06-04 10:41:37
11140,345,1,11730,5.99,2005-06-21 08:36:37
11141,535,1,13202,0.99,2005-05-31 08:13:37
11142,420,1,8841,4.99,2005-09-16 10:04:37
11143,107,1,12913,2.99,2005-07-05 15:55:37
11144,474,2,4937,3.99,2005-07-04 15:38:37
11145,404,1,11394,1.99,2005-07-27 04:45:37
11146,593,2,11254,9.99,2005-05-31 16:16:37
11147,414,1,5922,1.99,2005-06-03 01:53:37
11148,149,2,4867,8.99,2005-08-19 03:36:37
11149,487,2,10556,7.99,2005-08-16 00:31:37
11150,593,2,4734,4.99,2005-06-18 18:41:37
11151,96,1,5376,2.99,2005-05-28 02:36:37
11152,283,2,3376,2.99,2005-07-31 05:55:37
11153,315,1,4592,8.99,2005-05-30 14:40:37
11154,217,1,3605,3.99,2005-08-05 05:12:37
11155,128,1,11548,8.99,2005-07-01 16:35:37
11156,493,2,9541,6.99,2005-05-27 11:50:37
11157,346,1,7375,1.99,2005-09-03 01:57:37
11158,261,1,9763,1.99,2005-06-13 12:17:37
11159,36,1,14625,4.99,2005-09-13 20:45:37
11160,518,1,6217,2.99,2005-07-29 20:12:37
11161,263,2,2007,0.99,2005-06-13 08:17:37
11162,357,2,3803,7.99,2005-06-11 17:16:37
11163,40,1,11508,1.99,2005-06-18 18:15:37
11164,514,2,4033,0.99,2005-08-05 13:12:37
11165,574,1,14342,2.99,2005-06-26 06:29:37
11166,191,1,1987,0.99,2005-06-14 11:57:37
11167,207,2,10789,7.99,2005-06-13 23:17:37
11168,228,2,1469,3.99,2005-05-31 10:04:37
11169,6,2,14935,5.99,2005-08-24 13:08:37
11170,416,1,7629,8.99,2005-07-22 06:14:37
11171,377,2,2354,0.99,2005-06-27 19:00:37
11172,6,2,5188,4.99,2005-08-06 09:04:37
11173,241,2,15123,2.99,2005-09-01 20:48:37
11174,366,1,7177,4.99,2005-09-16 07:09:37
11175,199,1,14379,6.99,2005-08-17 13:15:37
11176,46,2,5083,7.99,2005-08-10 13:29:37
11177,177,2,1954,1.99,2005-06-13 12:47:37
11178,324,2,10693,6.99,2005-07-08 21:31:37
11179,240,2,9810,3.99,2005-07-22 08:10:37
11180,229,1,11947,9.99,2005-09-07 06:49:37
11181,514,2,7094,1.99,2005-07-05 18:48:37
11182,351,1,4124,7.99,2005-08-25 20:17:37
11183,398,1,577,3.99,2005-08-08 05:10:37
11184,147,2,6954,1.99,2005-06-19 19:24:37
11185,109,1,4096,2.99,2005-06-23 11:10:37
11186,544,1,7584,0.99,2005-06-10 04:18:37
11187,224,1,8972,7.99,2005-07-25 09:13:37
11188,119,2,9200,2.99,2005-06-06 03:06:37
11189,552,1,234,1.99,2005-09-21 20:54:37
11190,569,1,7687,5.99,2005-07-11 14:15:37
11191,4,2,4944,4.99,2005-05-29 08:22:37
11192,211,2,7306,7.99,2005-07-16 16:28:37
11193,401,2,813,1.99,2005-07-02 13:29:37
11194,130,1,14152,1.99,2005-06-30 20:55:37
11195,212,1,2944,1.99,2005-08-28 10:41:37
11196,88,1,12303,0.99,2005-08-29 05:04:37
11197,81,2,6890,5.99,2005-06-19 21:46:37
11198,192,1,6166,0.99,2005-05-30 06:17:37
11199,63,1,5424,7.99,2005-07-18 22:29:37
11200,476,1,9745,6.99,2005-06-23 06:01:37
11201,250,1,1298,5.99,2005-07-04 21:34:37
11202,539,1,9536,0.99,2005-09-21 14:31:37
11203,391,2,365,7.99,2005-06-17 20:32:37
11204,503,1,5356,3.99,2005-06-30 00:50:37
11205,173,2,14319,9.99,2005-08-10 06:24:37
11206,87,1,8839,7.99,2005-07-07 04:42:37
11207,584,2,10169,4.99,2005-07-01 10:38:37
11208,284,2,14671,0.99,2005-07-11 23:04:37
11209,513,2,3076,0.99,2005-09-05 05:06:37
11210,378,2,1959,3.99,2005-07-11 15:00:37
11211,298,1,600,8.99,2005-08-17 08:21:37
11212,411,2,14027,9.99,2005-08-06 16:18:37
11213,143,2,14911,2.99,2005-06-27 18:47:37
11214,334,1,10743,5.99,2005-09-20 01:50:37
11215,26,2,1692,9.99,2005-09-04 03:28:37
11216,68,2,3299,6.99,2005-08-12 04:40:37
11217,29,1,669,2.99,2005-07-30 06:53:37
11218,434,1,1845,1.99,2005-08-30 17:26:37
11219,68,1,5305,7.99,2005-06-23 00:08:37
11220,113,2,1333,7.99,2005-08-01 07:37:37
11221,61,2,8782,6.99,2005-08-07 14:00:37
11222,26,2,4281,4.99,2005-08-30 09:49:37
11223,192,2,12773,0.99,2005-07-14 11:30:37
11224,306,2,15545,4.99,2005-06-17 00:21:37
11225,329,2,7552,9.99,2005-09-18 18:07:37
11226,281,2,7867,1.99,2005-06-05 21:34:37
11227,444,1,4842,4.99,2005-08-02 19:22:37
11228,467,1,11830,1.99,2005-08-29 14:05:37
11229,509,2,3454,4.99,2005-08-05 02:59:37
11230,401,2,7106,8.99,2005-08-16 04:21:37
11231,254,1,13517,3.99,2005-08-07 10:16:37
11232,486,2,15534,6.99,2005-06-19 11:16:37
11233,403,2,13443,1.99,2005-06-11 12:07:37
11234,593,1,12275,5.99,2005-08-28 00:34:37
11235,161,2,9670,8.99,2005-08-09 11:51:37
11236,588,2,13210,1.99,2005-06-18 06:32:37
11237,546,1,12977,3.99,2005-08-13 05:29:37
11238,38,2,10915,5.99,2005-08-13 16:56:37
11239,19,1,13070,8.99,2005-07-07 04:02:37
11240,485,1,11611,5.99,2005-09-19 21:11:37
11241,503,1,15480,9.99,2005-06-20 00:34:37
11242,17,2,1852,1.99,2005-09-05 12:42:37
11243,153,2,5711,9.99,2005-08-29 10:27:37
11244,490,1,5885,8.99,2005-06-08 22:36:37
11245,529,1,13124,6.99,2005-07-01 18:43:37
11246,354,2,9416,4.99,2005-08-11 19:30:37
11247,73,2,11353,4.99,2005-08-08 20:03:37
11248,266,1,9734,1.99,2005-07-24 04:31:37
11249,4,2,1708,0.99,2005-06-05 10:38:37
11250,522,1,6887,5.99,2005-08-26 11:09:37
11251,125,2,8187,1.99,2005-08-02 10:11:37
11252,186,2,5549,4.99,2005-06-13 00:56:37
11253,430,1,8161,8.99,2005-08-01 16:05:37
11254,71,1,5939,5.99,2005-07-11 07:45:37
11255,241,1,15262,8.99,2005-07-08 08:44:37
11256,359,1,641,9.99,2005-08-28 19:11:37
11257,563,2,9424,9.99,2005-07-16 03:39:37
11258,52,2,11718,1.99,2005-08-27 12:35:37
11259,173,1,9338,1.99,2005-06-05 22:24:37
11260,229,1,10236,7.99,2005-08-12 15:37:37
11261,69,1,14262,7.99,2005-09-09 08:40:37
11262,432,2,10070,9.99,2005-06-11 13:48:37
11263,215,1,10612,5.99,2005-08-31 14:48:37
11264,573,1,11912,7.99,2005-09-09 06:03:37
11265,220,2,2141,7.99,2005-07-25 12:28:37
11266,271,2,6793,8.99,2005-06-18 09:04:37
11267,215,2,3667,9.99,2005-07-07 01:31:37
11268,105,2,3508,8.99,2005-06-01 06:39:37
11269,7,1,1199,9.99,2005-06-07 01:51:37
11270,500,1,3023,6.99,2005-06-01 20:24:37
11271,228,1,10918,6.99,2005-06-23 05:05:37
11272,302,2,12148,5.99,2005-06-17 23:41:37
11273,583,2,14785,4.99,2005-06-22 06:56:37
11274,417,1,14440,0.99,2005-06-29 17:01:37
11275,276,1,4822,2.99,2005-06-23 14:17:37
11276,443,2,3602,8.99,2005-06-03 01:00:37
11277,379,1,7543,9.99,2005-06-04 15:21:37
11278,348,1,3107,8.99,2005-07-28 23:11:37
11279,533,2,8515,9.99,2005-07-27 12:32:37
11280,284,1,3875,9.99,2005-07-14 20:44:37
11281,226,2,10077,1.99,2005-06-25 09:33:37
11282,19,1,3013,2.99,2005-06-01 03:22:37
11283,464,1,7255,7.99,2005-08-11 14:20:37
11284,454,2,14069,5.99,2005-07-22 22:39:37
11285,516,1,15310,6.99,2005-08-26 02:42:37
11286,342,2,10860,2.99,2005-07-29 02:21:37
11287,211,1,11852,4.99,2005-07-13 15:12:37
11288,210,2,3737,7.99,2005-06-28 21:07:37
11289,2,2,9914,7.99,2005-07-21 08:40:37
11290,121,1,8630,2.99,2005-05-30 03:42:37
11291,325,2,7015,1.99,2005-07-23 10:54:37
11292,211,1,1089,0.99,2005-06-30 22:00:37
11293,264,2,14483,4.99,2005-06-24 02:03:37
11294,488,1,8197,0.99,2005-08-20 03:38:37
11295,66,1,2935,3.99,2005-07-22 23:18:37
11296,9,2,10316,8.99,2005-07-11 17:09:37
11297,368,2,11137,1.99,2005-07-18 03:15:37
11298,307,2,13083,7.99,2005-06-06 03:13:37
11299,430,2,984,7.99,2005-06-30 17:44:37
11300,562,2,11235,8.99,2005-09-19 03:55:37
11301,555,1,10810,8.99,2005-07-10 08:42:37
11302,305,2,14317,2.99,2005-05-28 21:05:37
11303,339,1,9253,3.99,2005-09-06 12:47:37
11304,521,2,507,0.99,2005-09-17 21:10:37
11305,399,2,5638,4.99,2005-09-17 20:05:37
11306,225,1,15256,7.99,2005-08-20 23:42:37
11307,66,1,7974,2.99,2005-09-08 02:52:37
11308,310,1,6841,0.99,2005-08-08 14:33:37
11309,407,2,12101,4.99,2005-07-25 00:20:37
11310,493,2,12629,0.99,2005-05-31 11:41:37
11311,136,2,10734,1.99,2005-07-31 14:15:37
11312,248,2,13124,0.99,2005-08-25 18:38:37
11313,522,2,6184,3.99,2005-06-20 00:11:37
11314,300,1,4869,2.99,2005-09-22 19:47:37
11315,377,2,3235,8.99,2005-08-09 15:47:37
11316,299,2,15431,0.99,2005-05-29 18:45:37
11317,65,2,5363,7.99,2005-06-21 04:27:37
11318,369,1,11822,8.99,2005-07-22 23:13:37
11319,258,1,14735,5.99,2005-08-20 23:17:37
11320,495,2,4253,1.99,2005-06-09 07:52:37
11321,101,1,4341,1.99,2005-06-22 21:53:37
11322,156,2,7766,7.99,2005-08-13 19:30:37
11323,185,1,15667,1.99,2005-08-17 00:34:37
11324,235,1,8164,3.99,2005-09-01 22:46:37
11325,192,1,9655,0.99,2005-09-04 00:56:37
11326,586,1,10770,2.99,2005-06-01 19:40:37
11327,238,1,12484,0.99,2005-06-11 06:00:37
11328,91,1,15748,4.99,2005-06-29 19:16:37
11329,228,2,13806,4.99,2005-09-17 14:26:37
11330,540,2,10890,8.99,2005-08-25 00:49:37
11331,599,1,14518,6.99,2005-06-22 09:29:37
11332,365,2,4037,6.99,2005-08-19 05:40:37
11333,468,2,10684,5.99,2005-06-28 04:05:37
11334,423,2,13450,1.99,2005-06-21 16:59:37
11335,331,1,3716,3.99,2005-06-19 15:39:37
11336,590,1,12920,0.99,2005-07-13 06:16:37
11337,19,2,11612,2.99,2005-07-06 05:37:37
11338,157,1,4471,4.99,2005-09-10 04:47:37
11339,297,1,8321,0.99,2005-08-14 22:33:37
11340,379,1,4838,4.99,2005-08-03 12:17:37
11341,326,2,7842,8.99,2005-09-10 07:10:37
11342,121,1,13906,8.99,2005-07-19 20:47:37
11343,52,2,14526,3.99,2005-07-19 07:59:37
11344,7,1,882,7.99,2005-06-28 04:53:37
11345,353,1,11926,7.99,2005-08-24 19:13:37
11346,92,2,9738,9.99,2005-09-12 01:47:37
11347,571,2,1966,2.99,2005-06-09 06:02:37
11348,41,1,2926,1.99,2005-06-12 19:02:37
11349,344,1,2232,6.99,2005-06-07 18:06:37
11350,415,1,1928,6.99,2005-06-01 01:26:37
11351,98,1,5100,5.99,2005-06-22 15:33:37
11352,381,2,8301,1.99,2005-09-17 08:01:37
11353,16,2,10211,6.99,2005-05-26 16:04:37
11354,214,1,6230,7.99,2005-07-06 03:45:37
11355,317,1,8276,0.99,2005-06-18 02:24:37
11356,59,2,9286,9.99,2005-06-07 23:26:37
11357,301,2,7264,1.99,2005-07-14 14:09:37
11358,337,1,1589,0.99,2005-07-10 20:18:37
11359,498,2,12074,8.99,2005-07-27 06:36:37
11360,558,1,1450,7.99,2005-06-24 02:25:37
11361,418,1,10958,9.99,2005-08-19 03:21:37
11362,507,2,10139,9.99,2005-08-05 02:27:37
11363,311,1,440,8.99,2005-06-24 13:46:37
11364,561,2,402,5.99,2005-08-15 07:04:37
11365,372,1,6566,1.99,2005-07-22 05:21:37
11366,256,1,2226,6.99,2005-08-20 10:29:37
11367,596,1,15495,9.99,2005-06-18 14:54:37
11368,351,1,15183,9.99,2005-07-28 03:15:37
11369,139,2,4921,0.99,2005-08-30 17:43:37
11370,344,1,12056,1.99,2005-09-05 13:35:37
11371,1,2,2087,5.99,2005-06-11 18:26:37
11372,423,1,10699,4.99,2005-08-16 14:32:37
11373,180,1,2981,9.99,2005-06-03 13:41:37
11374,455,2,10346,9.99,2005-08-14 05:55:37
11375,538,1,13048,3.99,2005-05-29 19:05:37
11376,105,2,7258,3.99,2005-07-10 07:01:37
11377,359,2,8997,1.99,2005-06-08 15:46:37
11378,456,2,2613,7.99,2005-09-23 08:44:37
11379,34,1,10044,4.99,2005-07-28 00:18:37
11380,507,2,1964,6.99,2005-09-03 21:37:37
11381,388,2,9243,6.99,2005-06-29 03:39:37
11382,116,1,12809,5.99,2005-08-01 14:38:37
11383,389,2,9156,0.99,2005-07-14 19:37:37
11384,199,2,14444,8.99,2005-07-01 05:15:37
11385,471,1,7384,2.99,2005-08-22 14:36:37
11386,499,2,1290,7.99,2005-06-21 14:21:37
11387,241,2,14939,9.99,2005-07-10 03:41:37
11388,122,2,9752,4.99,2005-06-07 11:48:37
11389,544,2,13548,9.99,2005-09-17 20:54:37
11390,387,1,4201,8.99,2005-09-22 12:18:37
11391,39,1,5358,1.99,2005-06-25 18:25:37
11392,599,2,14405,9.99,2005-05-31 01:04:37
11393,532,2,13852,6.99,2005-06-12 07:25:37
11394,546,1,11668,2.99,2005-08-15 23:15:37
11395,294,2,2032,3.99,2005-08-11 20:38:37
11396,37,1,3656,8.99,2005-08-24 21:24:37
11397,424,2,904,9.99,2005-09-05 07:15:37
11398,291,1,3238,8.99,2005-06-22 08:39:37
11399,153,2,14657,5.99,2005-08-29 16:00:37
11400,180,2,8878,4.99,2005-06-15 22:19:37
11401,347,2,12428,3.99,2005-07-13 11:42:37
11402,174,2,6033,8.99,2005-08-10 10:30:37
11403,163,2,8288,4.99,2005-07-24 11:18:37
11404,400,1,4391,9.99,2005-06-19 20:54:37
11405,106,2,8003,6.99,2005-07-10 10:24:37
11406,458,1,7553,8.99,2005-09-08 10:27:37
11407,561,2,12026,1.99,2005-06-15 23:31:37
11408,507,1,15822,6.99,2005-07-19 12:24:37
11409,193,2,6863,2.99,2005-08-08 06:36:37
11410,101,2,2566,2.99,2005-06-01 14:00:37
11411,299,1,9656,6.99,2005-05-30 08:13:37
11412,466,2,12830,0.99,2005-09-10 20:49:37
11413,280,2,15738,9.99,2005-09-13 10:56:37
11414,555,1,9873,2.99,2005-06-13 08:16:37
11415,396,2,14496,1.99,2005-07-13 23:50:37
11416,594,1,1206,4.99,2005-06-15 16:02:37
11417,586,2,2684,7.99,2005-07-15 06:12:37
11418,219,1,5353,1.99,2005-06-06 13:04:37
11419,2,2,5735,8.99,2005-09-22 10:36:37
11420,560,2,14713,4.99,2005-09-06 10:58:37
11421,77,2,8086,7.99,2005-09-01 09:26:37
11422,249,1,8549,7.99,2005-06-02 12:47:37
11423,246,2,15561,3.99,2005-07-20 06:29:37
11424,239,2,8524,1.99,2005-06-20 21:32:37
11425,439,1,3833,5.99,2005-08-30 16:44:37
11426,164,2,6517,2.99,2005-06-15 02:05:37
11427,323,2,2503,9.99,2005-09-11 07:01:37
11428,196,2,2848,4.99,2005-06-18 23:13:37
11429,113,2,8907,5.99,2005-07-21 09:10:37
11430,119,1,2702,2.99,2005-09-03 12:38:37
11431,444,2,353,2.99,2005-06-12 21:21:37
11432,535,1,4172,3.99,2005-08-06 23:54:37
11433,182,1,2595,6.99,2005-08-22 23:35:37
11434,514,2,11022,6.99,2005-08-20 08:50:37
11435,318,2,10646,0.99,2005-08-25 21:05:37
11436,230,1,1832,0.99,2005-06-05 07:47:37
11437,358,1,4477,8.99,2005-07-11 18:23:37
11438,140,1,10576,1.99,2005-07-31 13:22:37
11439,427,1,9451,4.99,2005-07-23 23:51:37
11440,233,2,4212,8.99,2005-06-10 07:25:37
11441,543,1,8917,6.99,2005-08-10 05:45:37
11442,334,1,13399,3.99,2005-08-08 21:47:37
11443,588,1,15342,2.99,2005-07-05 04:10:37
11444,492,2,9701,5.99,2005-07-07 09:42:37
11445,419,1,274,2.99,2005-07-20 10:49:37
11446,575,1,7213,9.99,2005-06-26 01:39:37
11447,556,2,1874,8.99,2005-06-02 12:54:37
11448,355,1,10257,7.99,2005-06-08 16:35:37
11449,313,2,944,2.99,2005-09-05 13:21:37
11450,235,2,1089,1.99,2005-07-21 10:31:37
11451,540,2,4602,0.99,2005-06-04 00:23:37
11452,462,1,11644,2.99,2005-09-08 06:36:37
11453,426,1,7378,3.99,2005-08-20 16:56:37
11454,92,1,10234,4.99,2005-08-02 19:02:37
11455,561,1,11182,6.99,2005-06-05 21:11:37
11456,479,1,11626,0.99,2005-08-21 16:15:37
11457,278,1,45,9.99,2005-06-24 06:10:37
11458,264,2,13302,7.99,2005-08-22 02:14:37
11459,70,2,10738,5.99,2005-06-19 20:20:37
11460,263,1,10863,7.99,2005-07-14 21:24:37
11461,16,2,4865,9.99,2005-05-31 04:11:37
11462,35,2,6635,3.99,2005-07-31 07:59:37
11463,265,2,13761,3.99,2005-08-30 10:11:37
11464,422,1,8549,5.99,2005-09-03 08:31:37
11465,183,1,3450,8.99,2005-07-05 05:54:37
11466,523,2,12083,6.99,2005-09-10 12:33:37
11467,9,1,2854,6.99,2005-07-24 20:29:37
11468,97,2,6616,6.99,2005-07-21 16:49:37
11469,408,2,7565,2.99,2005-08-27 03:15:37
11470,186,1,7992,2.99,2005-06-04 13:04:37
11471,205,1,10936,9.99,2005-09-09 03:11:37
11472,479,1,13697,3.99,2005-08-02 11:38:37
11473,304,2,3389,8.99,2005-07-29 13:41:37
11474,453,1,7486,1.99,2005-07-11 19:12:37
11475,35,2,7276,4.99,2005-06-25 22:19:37
11476,429,2,11511,5.99,2005-08-06 03:22:37
11477,249,2,14171,1.99,2005-08-11 02:18:37
11478,238,1,5614,5.99,2005-09-21 21:05:37
11479,493,1,12360,4.99,2005-07-03 11:14:37
11480,405,1,14635,3.99,2005-08-05 19:17:37
11481,44,1,4379,9.99,2005-07-19 18:50:37
11482,398,2,15026,7.99,2005-08-18 09:09:37
11483,236,1,14097,2.99,2005-05-31 17:23:37
11484,309,2,1650,2.99,2005-08-11 15:14:37
11485,131,2,14070,0.99,2005-06-28 11:49:37
11486,476,1,9612,5.99,2005-06-01 16:39:37
11487,379,2,11705,6.99,2005-06-04 12:46:37
11488,178,1,715,5.99,2005-06-06 09:03:37
11489,328,1,10584,8.99,2005-06-16 01:56:37
11490,367,1,11497,4.99,2005-09-09 20:05:37
11491,16,1,11967,9.99,2005-09-22 05:23:37
11492,68,1,10542,5.99,2005-05-31 22:25:37
11493,562,2,8013,1.99,2005-06-08 05:44:37
11494,544,2,11430,8.99,2005-08-12 04:31:37
11495,464,1,3451,1.99,2005-08-24 03:46:37
11496,452,1,8812,1.99,2005-06-15 03:55:37
11497,478,1,4016,1.99,2005-06-12 00:10:37
11498,137,1,3470,7.99,2005-08-01 19:37:37
11499,204,1,1689,3.99,2005-05-28 07:50:37
11500,216,1,5943,3.99,2005-08-27 02:41:37
11501,320,2,1401,9.99,2005-06-06 06:36:37
11502,562,1,12341,5.99,2005-06-16 20:02:37
11503,477,2,6646,1.99,2005-07-03 14:54:37
11504,159,1,12311,1.99,2005-08-30 13:56:37
11505,336,2,12922,3.99,2005-09-07 23:11:37
11506,160,1,13401,4.99,2005-07-29 11:54:37
11507,343,1,13378,8.99,2005-07-27 07:03:37
11508,266,2,2217,4.99,2005-07-25 05:46:37
11509,304,1,12768,2.99,2005-08-20 03:52:37
11510,349,2,2226,3.99,2005-09-06 08:01:37
11511,521,2,11259,7.99,2005-06-11 12:11:37
11512,65,2,5070,2.99,2005-07-01 07:37:37
11513,554,2,14766,3.99,2005-08-20 22:15:37
11514,485,1,2955,8.99,2005-07-04 12:29:37
11515,224,2,8333,6.99,2005-09-15 12:04:37
11516,226,1,10539,3.99,2005-08-25 00:53:37
11517,232,1,23,4.99,2005-08-29 18:09:37
11518,178,1,15054,1.99,2005-07-16 05:33:37
11519,324,2,15533,8.99,2005-09-21 04:14:37
11520,143,2,9974,3.99,2005-09-04 01:02:37
11521,139,1,237,9.99,2005-09-04 19:55:37
11522,336,1,6487,5.99,2005-08-26 18:34:37
11523,286,2,8550,5.99,2005-06-27 00:20:37
11524,551,2,8912,7.99,2005-09-08 02:38:37
11525,410,1,856,9.99,2005-08-19 13:33:37
11526,572,2,2754,5.99,2005-07-14 03:28:37
11527,201,2,4323,2.99,2005-07-10 03:15:37
11528,130,1,13689,5.99,2005-05-29 04:48:37
11529,345,1,2962,9.99,2005-08-17 18:22:37
11530,482,1,9144,0.99,2005-06-20 12:01:37
11531,394,1,14965,8.99,2005-09-08 08:05:37
11532,75,1,9025,4.99,2005-05-25 20:58:37
11533,175,1,6352,6.99,2005-07-13 05:52:37
11534,279,2,9570,7.99,2005-07-08 14:01:37
11535,128,2,2575,1.99,2005-08-11 17:03:37
11536,436,2,11353,1.99,2005-09-06 04:56:37
11537,104,2,7801,6.99,2005-09-09 21:00:37
11538,91,1,5939,8.99,2005-06-24 14:41:37
11539,225,1,2487,5.99,2005-08-24 13:24:37
11540,352,1,5435,3.99,2005-06-12 09:03:37
11541,168,2,8456,5.99,2005-05-29 09:47:37
11542,219,1,163,4.99,2005-08-17 11:33:37
11543,315,2,5474,3.99,2005-06-05 19:51:37
11544,350,2,10361,0.99,2005-08-15 00:05:37
11545,132,1,5506,7.99,2005-07-25 10:22:37
11546,291,2,4223,2.99,2005-06-20 08:30:37
11547,136,1,570,0.99,2005-05-29 07:33:37
11548,367,2,15396,0.99,2005-07-29 17:11:37
11549,82,2,7290,3.99,2005-07-12 03:38:37
11550,577,2,11765,1.99,2005-06-02 15:32:37
11551,568,1,2623,8.99,2005-07-19 19:51:37
11552,245,2,624,6.99,2005-08-17 00:06:37
11553,90,1,11140,9.99,2005-08-22 15:51:37
11554,577,2,14118,8.99,2005-06-19 07:45:37
11555,287,1,13834,9.99,2005-08-12 12:09:37
11556,551,2,2582,0.99,2005-09-06 20:13:37
11557,163,1,11348,7.99,2005-06-16 00:18:37
11558,170,1,3897,3.99,2005-05-27 04:29:37
11559,162,1,1085,2.99,2005-07-22 14:25:37
11560,185,1,10940,0.99,2005-07-26 09:43:37
11561,352,2,13968,8.99,2005-09-04 02:11:37
11562,236,1,1850,0.99,2005-07-03 21:41:37
11563,158,2,10077,6.99,2005-07-05 04:09:37
11564,308,1,13144,3.99,2005-06-24 07:27:37
11565,144,1,10828,6.99,2005-08-05 01:11:37
11566,303,1,7407,1.99,2005-06-02 19:22:37
11567,67,2,3910,1.99,2005-08-11 04:32:37
11568,334,1,6189,1.99,2005-06-27 00:34:37
11569,264,1,7772,5.99,2005-09-02 04:39:37
11570,89,1,5561,7.99,2005-09-07 23:15:37
11571,149,1,7483,2.99,2005-07-11 05:54:37
11572,85,2,3784,5.99,2005-06-02 10:10:37
11573,583,1,8033,3.99,2005-05-26 01:33:37
11574,193,2,9329,2.99,2005-08-02 05:27:37
11575,307,2,6672,7.99,2005-06-22 17:48:37
11576,532,2,14579,8.99,2005-08-31 03:47:37
11577,285,1,16003,7.99,2005-08-30 22:40:37
11578,91,2,6547,8.99,2005-09-09 04:25:37
11579,114,2,338,8.99,2005-05-31 22:07:37
11580,407,2,13189,8.99,2005-08-09 19:35:37
11581,222,2,7171,1.99,2005-09-17 06:20:37
11582,437,2,7728,7.99,2005-06-25 05:51:37
11583,31,1,14612,3.99,2005-08-04 21:11:37
11584,21,2,1011,7.99,2005-06-23 04:17:37
11585,257,1,15017,1.99,2005-06-06 14:16:37
11586,153,2,10731,9.99,2005-09-14 12:57:37
11587,181,2,969,8.99,2005-08-11 18:07:37
11588,487,2,7476,0.99,2005-09-21 20:50:37
11589,422,1,7124,7.99,2005-06-05 12:47:37
11590,245,2,9292,1.99,2005-08-18 01:17:37
11591,28,1,6906,6.99,2005-06-30 17:14:37
11592,209,1,15220,5.99,2005-07-12 16:06:37
11593,159,1,2263,1.99,2005-08-18 22:02:37
11594,346,1,3468,8.99,2005-05-29 15:23:37
11595,596,1,10542,9.99,2005-08-17 07:15:37
11596,401,1,5922,6.99,2005-06-13 01:51:37
11597,229,1,2058,6.99,2005-09-09 03:38:37
11598,46,1,531,9.99,2005-06-10 16:58:37
11599,11,1,13445,2.99,2005-06-04 07:51:37
11600,313,1,10135,7.99,2005-07-06 08:05:37
11601,261,2,6896,5.99,2005-09-04 15:41:37
11602,437,1,2173,1.99,2005-07-22 05:25:37
11603,26,2,15420,5.99,2005-08-03 19:09:37
11604,492,2,6647,0.99,2005-08-25 12:21:37
11605,123,1,15763,5.99,2005-09-03 01:08:37
11606,400,2,7001,2.99,2005-05-31 17:47:37
11607,76,2,1843,5.99,2005-06-05 21:58:37
11608,400,2,2501,7.99,2005-08-01 10:06:37
11609,145,1,7753,0.99,2005-06-17 20:01:37
11610,355,1,9901,6.99,2005-06-18 17:52:37
11611,13,2,4295,5.99,2005-05-27 20:11:37
11612,497,1,7596,6.99,2005-08-01 21:02:37
11613,495,2,12524,2.99,2005-08-06 11:55:37
11614,353,2,3296,8.99,2005-09-16 06:02:37
11615,330,1,15308,8.99,2005-06-13 14:08:37
11616,88,2,3682,5.99,2005-08-03 09:54:37
11617,429,1,6664,6.99,2005-09-18 11:15:37
11618,196,2,5901,5.99,2005-06-25 09:55:37
11619,343,1,10675,0.99,2005-08-05 14:46:37
11620,481,2,12410,4.99,2005-06-28 09:10:37
11621,563,2,11946,0.99,2005-06-07 12:22:37
11622,566,2,3793,9.99,2005-08-27 05:43:37
11623,397,2,4864,9.99,2005-06-12 17:04:37
11624,495,2,7190,9.99,2005-08-24 15:24:37
11625,294,2,3536,6.99,2005-06-06 13:53:37
11626,171,2,9018,1.99,2005-09-16 01:07:37
11627,164,1,1623,8.99,2005-07-11 12:38:37
11628,559,1,7949,1.99,2005-08-14 13:36:37
11629,592,1,867,3.99,2005-09-09 09:57:37
11630,89,1,4974,6.99,2005-08-16 07:52:37
11631,577,2,12380,2.99,2005-08-13 10:03:37
11632,81,1,2332,3.99,2005-06-04 06:03:37
11633,103,2,8697,4.99,2005-09-20 17:47:37
11634,196,2,12628,0.99,2005-08-06 15:37:37
11635,248,2,2530,7.99,2005-06-21 06:28:37
11636,437,2,14781,0.99,2005-06-14 01:21:37
11637,569,2,15790,8.99,2005-06-17 09:28:37
11638,175,2,3966,7.99,2005-07-31 13:08:37
11639,140,2,2411,0.99,2005-08-26 22:13:37
11640,333,2,10614,8.99,2005-05-27 01:56:37
11641,1,2,6467,8.99,2005-08-19 21:52:37
11642,360,2,4155,4.99,2005-06-27 14:37:37
11643,14,2,21,6.99,2005-08-16 19:59:37
11644,443,2,15610,3.99,2005-06-09 14:53:37
11645,552,1,15129,1.99,2005-07-01 23:47:37
11646,89,2,14204,8.99,2005-08-09 18:08:37
11647,109,2,10096,4.99,2005-06-29 02:01:37
11648,47,2,3175,3.99,2005-06-25 09:45:37
11649,509,1,6908,5.99,2005-07-03 11:10:37
11650,288,1,3934,9.99,2005-08-08 07:22:37
11651,40,1,13111,0.99,2005-06-03 08:03:37
11652,527,1,14410,8.99,2005-07-28 08:20:37
11653,397,2,13690,0.99,2005-08-04 11:47:37
11654,248,1,4090,3.99,2005-06-28 10:12:37
11655,345,1,8325,6.99,2005-08-27 02:30:37
11656,327,1,4251,1.99,2005-06-05 04:28:37
11657,52,2,11903,7.99,2005-06-09 08:19:37
11658,342,1,14740,0.99,2005-08-31 01:09:37
11659,397,2,11923,7.99,2005-09-12 07:48:37
11660,575,1,2831,7.99,2005-06-19 06:37:37
11661,219,2,14013,5.99,2005-07-03 18:49:37
11662,553,2,8424,1.99,2005-06-09 08:30:37
11663,595,2,10357,9.99,2005-06-03 20:22:37
11664,491,2,6115,1.99,2005-09-05 02:37:37
11665,92,2,462,9.99,2005-05-26 03:42:37
11666,482,1,8327,4.99,2005-06-24 19:14:37
11667,30,1,10366,7.99,2005-09-19 19:28:37
11668,467,2,12741,1.99,2005-07-21 17:02:37
11669,40,1,5287,4.99,2005-08-13 16:16:37
11670,568,1,3763,1.99,2005-06-17 06:41:37
11671,333,1,7806,8.99,2005-05-29 15:16:37
11672,182,2,6243,8.99,2005-07-08 14:52:37
11673,21,1,12707,5.99,2005-07-21 03:14:37
11674,332,1,44,5.99,2005-06-10 10:36:37
11675,433,1,10709,7.99,2005-07-25 05:43:37
11676,243,1,4804,4.99,2005-06-06 06:15:37
11677,454,2,9656,2.99,2005-05-29 21:24:37
11678,157,1,9508,7.99,2005-06-10 21:30:37
11679,562,1,3816,9.99,2005-06-16 04:04:37
11680,194,2,1365,8.99,2005-07-10 15:07:37
11681,556,1,1370,3.99,2005-09-09 11:17:37
11682,150,1,4692,0.99,2005-08-02 15:57:37
11683,581,1,1138,3.99,2005-07-03 16:58:37
11684,494,1,8543,9.99,2005-06-07 15:56:37
11685,132,2,6959,6.99,2005-06-23 17:50:37
11686,570,2,5535,2.99,2005-07-21 16:11:37
11687,50,2,13245,5.99,2005-07-21 13:51:37
11688,388,1,7987,0.99,2005-09-14 14:36:37
11689,259,2,7335,7.99,2005-08-28 19:31:37
11690,530,2,6789,3.99,2005-09-11 14:31:37
11691,341,2,1794,8.99,2005-05-27 06:14:37
11692,70,2,5086,6.99,2005-06-01 13:04:37
11693,302,2,9738,3.99,2005-06-08 17:01:37
11694,572,2,7683,6.99,2005-09-05 02:41:37
11695,52,1,4333,5.99,2005-09-22 19:34:37
11696,173,1,3259,9.99,2005-07-10 19:48:37
11697,507,1,2312,7.99,2005-06-28 21:52:37
11698,553,2,195,7.99,2005-09-11 00:06:37
11699,503,2,2672,1.99,2005-06-09 00:31:37
11700,183,1,922,0.99,2005-08-23 22:42:37
11701,330,1,6516,7.99,2005-09-07 15:36:37
11702,448,1,15239,5.99,2005-06-19 06:39:37
11703,352,1,12631,1.99,2005-09-03 22:57:37
11704,452,1,11863,2.99,2005-09-01 18:02:37
11705,56,1,10754,5.99,2005-09-18 15:52:37
11706,248,2,786,0.99,2005-06-29 23:35:37
11707,179,1,9798,9.99,2005-08-21 08:13:37
11708,473,1,15443,9.99,2005-05-29 06:17:37
11709,220,2,7626,0.99,2005-09-14 01:09:37
11710,149,1,361,2.99,2005-08-12 05:40:37
11711,391,2,1213,5.99,2005-09-18 19:57:37
11712,492,1,5443,0.99,2005-07-15 06:48:37
11713,490,2,10114,9.99,2005-07-13 00:32:37
11714,563,2,15669,3.99,2005-09-15 21:33:37
11715,562,2,11032,0.99,2005-06-04 00:38:37
11716,319,2,5928,0.99,2005-07-12 20:02:37
11717,323,1,15315,4.99,2005-08-22 19:55:37
11718,343,1,4772,2.99,2005-06-20 15:12:37
11719,99,1,2591,0.99,2005-09-13 21:22:37
11720,324,2,299,3.99,2005-06-27 15:47:37
11721,492,1,13961,9.99,2005-06-22 22:54:37
11722,263,1,14104,1.99,2005-06-05 01:51:37
11723,118,1,13313,8.99,2005-07-14 21:52:37
11724,472,1,722,4.99,2005-09-16 03:29:37
11725,291,2,2457,4.99,2005-06-16 15:15:37
11726,79,1,3966,9.99,2005-08-09 19:13:37
11727,47,1,13280,8.99,2005-08-28 23:50:37
11728,157,1,7803,8.99,2005-08-23 09:31:37
11729,32,2,8322,2.99,2005-09-02 21:27:37
11730,52,2,11698,9.99,2005-07-22 01:33:37
11731,577,2,14081,7.99,2005-06-08 03:12:37
11732,555,1,10298,1.99,2005-06-12 02:43:37
11733,448,2,9680,4.99,2005-06-22 04:34:37
11734,361,2,11000,7.99,2005-09-12 06:29:37
11735,334,1,15024,3.99,2005-09-11 17:47:37
11736,364,2,1226,6.99,2005-06-27 18:37:37
11737,365,2,2316,6.99,2005-08-24 04:50:37
11738,36,1,7403,2.99,2005-09-11 10:51:37
11739,512,1,15859,2.99,2005-09-07 04:52:37
11740,72,2,13433,2.99,2005-07-10 09:38:37
11741,35,2,13018,9.99,2005-07-12 10:29:37
11742,511,2,1786,1.99,2005-05-31 02:59:37
11743,583,1,1168,0.99,2005-06-30 10:15:37
11744,250,1,6798,4.99,2005-08-06 05:59:37
11745,103,1,7082,3.99,2005-08-30 15:30:37
11746,359,2,4635,5.99,2005-05-29 19:30:37
11747,390,2,784,8.99,2005-06-03 07:38:37
11748,139,2,3825,0.99,2005-09-21 21:08:37
11749,263,1,8703,7.99,2005-06-18 00:10:37
11750,141,2,12515,2.99,2005-07-18 22:52:37
11751,495,2,8116,2.99,2005-08-03 05:15:37
11752,127,1,9426,5.99,2005-09-09 20:26:37
11753,326,1,4746,8.99,2005-08-31 19:39:37
11754,158,2,11322,8.99,2005-09-06 18:54:37
11755,125,1,9389,6.99,2005-07-10 05:54:37
11756,588,2,13222,4.99,2005-08-11 08:43:37
11757,8,2,4206,3.99,2005-06-14 05:11:37
11758,280,1,6716,6.99,2005-06-10 17:03:37
11759,23,2,6642,7.99,2005-07-15 19:30:37
11760,64,1,14708,5.99,2005-08-03 00:03:37
11761,282,1,6482,1.99,2005-07-23 09:44:37
11762,475,1,8614,7.99,2005-08-04 05:14:37
11763,471,1,15610,2.99,2005-08-01 08:26:37
11764,559,1,11321,2.99,2005-07-27 17:24:37
11765,571,1,12757,5.99,2005-06-18 15:29:37
11766,8,1,7565,6.99,2005-06-28 18:44:37
11767,214,2,153,8.99,2005-08-08 17:49:37
11768,501,2,4371,0.99,2005-08-17 02:02:37
11769,37,2,15413,9.99,2005-08-18 20:20:37
11770,59,2,1768,3.99,2005-08-06 05:16:37
11771,92,2,9399,2.99,2005-07-29 04:04:37
11772,320,2,5868,9.99,2005-09-19 01:37:37
11773,241,2,9252,5.99,2005-07-25 22:27:37
11774,190,2,11157,5.99,2005-09-19 20:45:37
11775,82,2,7483,0.99,2005-07-27 01:11:37
11776,265,2,11829,1.99,2005-09-14 11:01:37
11777,2,2,886,7.99,2005-08-25 05:11:37
11778,132,2,13920,0.99,2005-06-29 07:20:37
11779,594,2,11253,5.99,2005-06-29 18:53:37
11780,478,2,14020,4.99,2005-05-29 22:27:37
11781,501,2,5586,5.99,2005-07-23 21:48:37
11782,549,2,13300,2.99,2005-08-16 01:24:37
11783,220,2,15135,2.99,2005-08-22 07:57:37
11784,477,1,9686,6.99,2005-08-11 14:42:37
11785,417,1,4868,7.99,2005-06-29 04:52:37
11786,416,2,7962,7.99,2005-07-12 23:34:37
11787,150,2,5556,6.99,2005-08-24 22:55:37
11788,181,2,3354,3.99,2005-08-03 23:32:37
11789,482,2,15363,8.99,2005-06-29 13:43:37
11790,275,2,7898,3.99,2005-09-02 00:10:37
11791,48,1,7113,3.99,2005-07-03 21:02:37
11792,98,1,422,8.99,2005-08-12 05:53:37
11793,151,1,6614,7.99,2005-06-21 20:23:37
11794,465,2,15078,1.99,2005-07-15 08:17:37
11795,208,2,3345,9.99,2005-09-17 05:43:37
11796,290,2,15722,2.99,2005-06-09 23:08:37
11797,292,2,15398,6.99,2005-07-05 06:42:37
11798,259,1,11130,5.99,2005-06-17 05:48:37
11799,545,2,3547,9.99,2005-07-28 06:18:37
11800,242,2,15418,7.99,2005-05-26 16:16:37
11801,197,1,7110,0.99,2005-09-04 17:47:37
11802,364,2,7470,0.99,2005-05-29 02:24:37
11803,464,2,5360,7.99,2005-09-21 09:04:37
11804,158,2,5586,6.99,2005-08-23 06:35:37
11805,68,2,15102,3.99,2005-08-11 21:36:37
11806,388,1,7961,3.99,2005-07-28 11:48:37
11807,314,2,13333,4.99,2005-06-15 09:07:37
11808,182,2,15116,0.99,2005-06-25 15:33:37
11809,404,1,7903,1.99,2005-07-15 15:59:37
11810,588,2,12243,3.99,2005-06-12 06:37:37
11811,159,2,6715,4.99,2005-09-10 18:14:37
11812,2,2,1803,5.99,2005-09-13 22:18:37
11813,223,2,4498,3.99,2005-06-24 12:28:37
11814,94,1,3686,1.99,2005-09-01 07:02:37
11815,139,1,1885,0.99,2005-06-04 23:32:37
11816,473,2,9455,3.99,2005-09-13 19:10:37
11817,347,1,8706,5.99,2005-08-24 04:06:37
11818,315,1,15770,8.99,2005-08-27 14:36:37
11819,500,1,5535,0.99,2005-07-20 16:16:37
11820,270,2,8657,8.99,2005-09-18 06:04:37
11821,285,2,596,3.99,2005-08-18 19:04:37
11822,374,2,9600,0.99,2005-06-09 10:12:37
11823,351,1,2139,3.99,2005-07-07 10:27:37
11824,201,1,4324,4.99,2005-06-10 08:37:37
11825,231,1,10750,7.99,2005-09-12 11:32:37
11826,475,2,9074,0.99,2005-09-04 23:42:37
11827,301,2,407,3.99,2005-06-25 13:21:37
11828,516,1,8410,5.99,2005-09-04 02:38:37
11829,268,2,14086,5.99,2005-07-13 21:44:37
11830,410,2,4224,2.99,2005-09-12 03:17:37
11831,114,2,3875,5.99,2005-07-13 05:19:37
11832,299,1,1738,8.99,2005-09-02 18:01:37
11833,358,1,3198,0.99,2005-07-13 08:50:37
11834,107,2,7902,4.99,2005-06-04 11:19:37
11835,491,2,2110,3.99,2005-07-13 13:10:37
11836,503,1,1546,4.99,2005-09-08 19:26:37
11837,314,2,11370,5.99,2005-06-17 04:35:37
11838,469,1,2262,5.99,2005-08-23 21:30:37
11839,528,2,992,3.99,2005-08-26 12:10:37
11840,289,2,8191,4.99,2005-06-18 08:15:37
11841,518,1,10099,5.99,2005-08-05 21:09:37
11842,550,2,13917,8.99,2005-06-26 04:32:37
11843,419,2,13639,6.99,2005-08-09 03:27:37
11844,320,1,1978,1.99,2005-06-29 17:32:37
11845,475,1,2445,9.99,2005-09-06 19:25:37
11846,576,2,15920,1.99,2005-05-31 20:27:37
11847,579,1,6755,5.99,2005-06-29 03:17:37
11848,591,2,12179,5.99,2005-06-18 06:49:37
11849,41,2,6463,3.99,2005-06-10 01:37:37
11850,351,2,14548,3.99,2005-07-12 14:14:37
11851,287,2,8303,5.99,2005-07-01 11:04:37
11852,504,2,9632,0.99,2005-08-08 18:18:37
11853,323,1,6709,6.99,2005-07-29 02:23:37
11854,4,2,13407,9.99,2005-08-23 07:52:37
11855,288,2,1798,8.99,2005-07-27 13:00:37
11856,481,1,51,8.99,2005-08-31 05:43:37
11857,482,2,4864,4.99,2005-07-07 18:32:37
11858,193,1,11758,8.99,2005-07-28 07:58:37
11859,161,2,10307,5.99,2005-06-13 15:51:37
11860,113,1,1972,0.99,2005-06-19 19:14:37
11861,91,1,12508,7.99,2005-09-03 02:42:37
11862,472,2,6855,3.99,2005-07-26 18:39:37
11863,16,1,182,0.99,2005-06-18 12:02:37
11864,336,1,5217,6.99,2005-08-03 08:06:37
11865,189,1,6416,1.99,2005-05-27 18:40:37
11866,45,2,2362,6.99,2005-06-15 17:58:37
11867,90,1,2817,6.99,2005-09-05 15:39:37
11868,66,1,1598,0.99,2005-06-26 16:05:37
11869,33,1,1298,2.99,2005-08-30 01:58:37
11870,211,1,3879,4.99,2005-05-28 11:27:37
11871,256,2,4857,0.99,2005-08-25 12:54:37
11872,88,1,60,7.99,2005-08-13 21:42:37
11873,42,1,2192,7.99,2005-06-08 00:31:37
11874,299,1,7060,3.99,2005-08-16 12:17:37
11875,113,2,2267,8.99,2005-06-20 17:10:37
11876,149,2,15829,5.99,2005-06-11 16:24:37
11877,183,1,8717,1.99,2005-06-10 17:47:37
11878,436,1,11973,9.99,2005-07-14 10:25:37
11879,478,2,10242,0.99,2005-05-31 02:27:37
11880,130,2,14044,4.99,2005-06-24 00:19:37
11881,302,1,3995,9.99,2005-07-12 13:41:37
11882,593,2,4029,5.99,2005-08-22 23:57:37
11883,497,1,14956,8.99,2005-06-28 05:56:37
11884,560,1,6885,1.99,2005-08-02 09:35:37
11885,129,2,10974,8.99,2005-08-23 22:43:37
11886,573,1,15128,0.99,2005-09-02 05:18:37
11887,579,1,8360,3.99,2005-06-06 22:53:37
11888,280,2,10298,9.99,2005-08-25 20:04:37
11889,481,2,13794,8.99,2005-06-13 14:16:37
11890,137,2,10667,9.99,2005-05-31 17:22:37
11891,538,2,12746,4.99,2005-05-28 03:28:37
11892,576,2,12859,4.99,2005-07-19 04:14:37
11893,435,1,14830,9.99,2005-06-05 02:39:37
11894,406,1,2950,6.99,2005-08-09 12:14:37
11895,492,2,4921,0.99,2005-06-26 00:04:37
11896,572,2,8164,7.99,2005-08-22 02:20:37
11897,547,1,5765,7.99,2005-07-12 12:00:37
11898,315,2,269,9.99,2005-08-04 04:43:37
11899,543,2,12745,3.99,2005-08-06 16:38:37
11900,32,1,6766,1.99,2005-06-16 16:16:37
11901,117,1,3788,3.99,2005-05-31 19:15:37
11902,15,2,15331,2.99,2005-05-25 16:47:37
11903,70,1,1386,6.99,2005-08-28 19:32:37
11904,142,2,5589,1.99,2005-07-09 04:21:37
11905,338,2,8227,2.99,2005-09-05 04:49:37
11906,195,2,9643,5.99,2005-07-13 22:22:37
11907,471,2,2722,5.99,2005-09-23 08:26:37
11908,123,1,8275,3.99,2005-09-03 05:27:37
11909,420,2,3796,6.99,2005-08-08 08:57:37
11910,532,1,175,1.99,2005-07-25 11:17:37
11911,306,1,2390,3.99,2005-09-10 15:57:37
11912,525,1,8405,3.99,2005-09-06 09:51:37
11913,361,2,13137,0.99,2005-05-26 20:07:37
11914,535,1,13562,7.99,2005-07-30 22:23:37
11915,238,1,7089,4.99,2005-09-08 15:11:37
11916,510,1,162,9.99,2005-08-01 00:19:37
11917,425,2,4991,7.99,2005-09-20 13:47:37
11918,267,1,2201,4.99,2005-08-04 15:06:37
11919,73,1,9475,3.99,2005-08-24 00:58:37
11920,12,1,14046,9.99,2005-08-28 03:15:37
11921,378,2,1389,4.99,2005-09-07 06:41:37
11922,391,2,579,5.99,2005-07-03 02:27:37
11923,580,1,107,2.99,2005-09-20 13:13:37
11924,38,1,9450,8.99,2005-09-17 20:11:37
11925,378,1,12609,2.99,2005-07-18 00:18:37
11926,230,1,587,7.99,2005-07-08 21:58:37
11927,461,2,12486,4.99,2005-09-15 23:33:37
11928,466,2,10978,7.99,2005-08-03 12:04:37
11929,234,1,10349,9.99,2005-07-18 22:31:37
11930,60,1,5827,8.99,2005-06-03 15:04:37
11931,153,2,9017,6.99,2005-08-11 17:47:37
11932,519,2,6068,0.99,2005-09-01 03:21:37
11933,340,1,6492,8.99,2005-07-25 17:29:37
11934,332,1,13092,9.99,2005-09-15 22:10:37
11935,183,1,8888,8.99,2005-07-11 23:01:37
11936,539,1,3020,9.99,2005-08-25 18:01:37
11937,412,1,14336,6.99,2005-09-05 16:01:37
11938,89,2,333,5.99,2005-09-10 02:12:37
11939,347,2,11171,7.99,2005-09-01 02:03:37
11940,237,2,2589,4.99,2005-06-14 19:10:37
11941,587,1,14742,7.99,2005-09-19 23:21:37
11942,75,2,4465,0.99,2005-06-27 14:39:37
11943,274,2,4541,5.99,2005-09-09 06:49:37
11944,226,1,3663,9.99,2005-08-12 10:47:37
11945,266,2,3441,6.99,2005-09-04 07:40:37
11946,445,1,13278,9.99,2005-06-09 07:57:37
11947,494,1,10111,5.99,2005-07-22 21:26:37
11948,175,2,14671,2.99,2005-07-25 20:06:37
11949,434,2,12723,3.99,2005-07-26 01:10:37
11950,114,1,6187,4.99,2005-06-28 11:12:37
11951,259,1,9558,7.99,2005-09-22 08:03:37
11952,45,2,6761,1.99,2005-07-31 19:39:37
11953,512,1,6551,3.99,2005-07-27 00:31:37
11954,247,1,9444,6.99,2005-06-26 06:07:37
11955,213,1,1416,2.99,2005-07-14 17:21:37
11956,254,1,8394,5.99,2005-07-22 13:09:37
11957,56,1,2494,9.99,2005-06-20 23:50:37
11958,458,2,1806,7.99,2005-07-15 03:31:37
11959,253,1,2397,7.99,2005-06-06 10:13:37
11960,212,1,15411,1.99,2005-06-09 18:55:37
11961,588,2,12998,0.99,2005-07-26 19:49:37
11962,398,1,10652,0.99,2005-06-23 19:05:37
11963,161,2,7178,9.99,2005-07-28 07:30:37
11964,187,1,12712,3.99,2005-06-10 10:14:37
11965,24,1,12975,0.99,2005-06-23 09:16:37
11966,56,1,11650,9.99,2005-07-04 04:15:37
11967,344,1,11084,8.99,2005-08-08 14:35:37
11968,215,2,2282,5.99,2005-07-18 22:10:37
11969,307,1,10378,3.99,2005-07-17 01:07:37
11970,143,2,15107,0.99,2005-07-12 06:40:37
11971,404,2,1477,1.99,2005-06-10 17:14:37
11972,533,1,8568,5.99,2005-08-30 03:10:37
11973,409,2,7957,7.99,2005-07-21 14:04:37
11974,171,1,8370,8.99,2005-06-08 14:50:37
11975,378,2,13647,2.99,2005-07-03 09:11:37
11976,475,1,6431,3.99,2005-06-17 10:07:37
11977,549,1,14043,6.99,2005-09-15 10:03:37
11978,114,1,3456,9.99,2005-08-18 01:53:37
11979,385,2,4912,0.99,2005-06-07 20:45:37
11980,211,2,4446,4.99,2005-08-23 11:23:37
11981,370,1,7619,2.99,2005-06-16 09:52:37
11982,579,2,4123,1.99,2005-06-17 05:56:37
11983,182,2,5097,6.99,2005-07-02 18:39:37
11984,288,1,4710,0.99,2005-07-28 20:03:37
11985,258,2,2498,1.99,2005-09-17 04:04:37
11986,210,2,9968,5.99,2005-08-10 12:10:37
11987,554,1,13251,9.99,2005-08-09 06:32:37
11988,29,2,13710,4.99,2005-08-18 04:38:37
11989,1,1,3519,6.99,2005-08-05 07:02:37
11990,29,1,110,2.99,2005-06-08 08:27:37
11991,536,2,1763,6.99,2005-06-27 23:03:37
11992,28,1,2441,9.99,2005-07-30 23:52:37
11993,383,1,12215,2.99,2005-09-14 21:50:37
11994,336,1,13893,0.99,2005-06-20 15:22:37
11995,568,2,10884,5.99,2005-09-16 13:39:37
11996,158,2,11946,4.99,2005-06-27 01:27:37
11997,428,1,11905,0.99,2005-06-28 14:54:37
11998,480,1,16004,1.99,2005-07-17 01:50:37
11999,177,1,10211,0.99,2005-07-05 03:35:37
12000,389,1,6381,6.99,2005-07-14 16:52:37
12001,334,1,13134,6.99,2005-09-05 21:20:37
12002,201,1,16038,9.99,2005-09-20 22:38:37
12003,344,2,5205,5.99,2005-07-24 07:28:37
12004,300,1,5926,9.99,2005-09-11 07:33:37
12005,356,1,7109,8.99,2005-09-14 11:44:37
12006,138,1,8406,5.99,2005-06-19 23:27:37
12007,72,2,2058,3.99,2005-06-20 09:34:37
12008,475,1,1392,9.99,2005-07-13 20:33:37
12009,545,1,11760,9.99,2005-07-30 06:14:37
12010,468,2,999,0.99,2005-07-17 08:50:37
12011,301,2,15032,2.99,2005-07-03 11:52:37
12012,283,1,9220,6.99,2005-09-12 11:18:37
12013,163,1,15054,5.99,2005-08-08 15:49:37
12014,438,2,9987,6.99,2005-08-18 16:50:37
12015,49,1,4821,7.99,2005-05-31 04:47:37
12016,164,1,10350,0.99,2005-07-13 03:56:37
12017,125,1,4311,6.99,2005-08-29 10:00:37
12018,120,1,8573,8.99,2005-08-19 12:16:37
12019,6,1,9836,6.99,2005-08-28 11:53:37
12020,105,1,14516,8.99,2005-06-26 00:29:37
12021,124,1,7041,2.99,2005-07-26 09:01:37
12022,379,1,656,9.99,2005-06-28 07:22:37
12023,565,2,15662,3.99,2005-08-18 23:45:37
12024,501,1,7395,6.99,2005-08-09 12:31:37
12025,530,1,12310,5.99,2005-07-17 00:29:37
12026,498,1,9256,2.99,2005-06-11 17:52:37
12027,576,2,11258,5.99,2005-06-19 23:43:37
12028,305,2,8572,5.99,2005-09-22 04:52:37
12029,157,2,9968,8.99,2005-09-03 23:14:37
12030,593,1,6198,8.99,2005-07-03 08:36:37
12031,402,1,1986,5.99,2005-06-27 09:22:37
12032,276,2,1507,4.99,2005-07-29 06:52:37
12033,261,1,15701,4.99,2005-08-27 02:04:37
12034,71,2,5248,3.99,2005-08-26 03:28:37
12035,179,1,10713,8.99,2005-08-08 14:20:37
12036,318,1,15863,7.99,2005-09-04 23:18:37
12037,132,2,7240,3.99,2005-08-16 20:03:37
12038,25,1,6500,5.99,2005-06-26 01:03:37
12039,266,2,4167,5.99,2005-06-26 08:39:37
12040,266,1,8650,9.99,2005-08-16 00:24:37
12041,493,2,11518,9.99,2005-06-10 06:23:37
12042,257,2,55,0.99,2005-06-24 20:45:37
12043,544,1,5470,3.99,2005-08-03 17:35:37
12044,368,2,3482,5.99,2005-08-05 03:16:37
12045,61,2,6264,0.99,2005-09-03 02:43:37
12046,251,2,9945,1.99,2005-08-27 02:30:37
12047,552,1,6933,0.99,2005-07-23 09:02:37
12048,98,1,8842,0.99,2005-06-25 06:42:37
12049,157,2,5382,5.99,2005-06-09 13:49:37
12050,578,2,1018,4.99,2005-08-25 11:59:37
12051,345,2,3551,8.99,2005-08-09 13:11:37
12052,284,2,9453,1.99,2005-08-22 17:26:37
12053,428,2,14632,5.99,2005-09-02 11:39:37
12054,112,1,9723,6.99,2005-07-29 04:27:37
12055,386,1,9299,7.99,2005-09-06 13:05:37
12056,286,1,4684,6.99,2005-08-24 00:17:37
12057,429,2,6851,3.99,2005-09-09 20:44:37
12058,464,1,13524,9.99,2005-05-28 18:53:37
12059,262,2,2586,0.99,2005-07-11 05:19:37
12060,250,1,6203,8.99,2005-06-17 19:44:37
12061,306,2,15327,0.99,2005-07-23 19:58:37
12062,323,1,4067,6.99,2005-07-01 04:22:37
12063,131,2,12498,8.99,2005-08-19 15:32:37
12064,428,1,8410,3.99,2005-08-28 10:47:37
12065,442,1,8331,6.99,2005-05-29 11:45:37
12066,319,2,13841,5.99,2005-09-19 10:23:37
12067,262,2,7294,0.99,2005-05-29 10:41:37
12068,164,2,622,4.99,2005-06-12 16:17:37
12069,294,1,11376,7.99,2005-07-13 16:18:37
12070,84,2,15294,2.99,2005-08-18 02:11:37
12071,509,2,4776,7.99,2005-06-27 14:46:37
12072,134,1,4581,7.99,2005-09-22 13:57:37
12073,260,1,3406,8.99,2005-08-31 22:32:37
12074,274,1,13193,5.99,2005-08-23 13:47:37
12075,104,2,13226,3.99,2005-07-06 23:55:37
12076,415,2,11730,8.99,2005-05-31 23:45:37
12077,217,1,15440,4.99,2005-06-02 20:12:37
12078,153,2,5923,8.99,2005-06-11 02:53:37
12079,457,1,3120,5.99,2005-05-31 10:32:37
12080,341,1,6705,6.99,2005-08-04 12:14:37
12081,443,1,310,7.99,2005-09-18 05:35:37
12082,438,2,2295,6.99,2005-08-25 02:25:37
12083,456,1,7308,2.99,2005-09-07 12:25:37
12084,160,2,5425,0.99,2005-07-28 17:17:37
12085,577,2,12311,4.99,2005-07-01 11:00:37
12086,156,1,1877,1.99,2005-09-06 18:31:37
12087,369,1,13709,2.99,2005-07-10 15:18:37
12088,4,2,6827,7.99,2005-05-27 06:58:37
12089,566,2,12044,4.99,2005-07-31 19:16:37
12090,189,1,3124,4.99,2005-08-08 21:00:37
12091,64,1,550,0.99,2005-08-22 09:09:37
12092,291,1,11650,1.99,2005-06-05 11:27:37
12093,349,1,12287,2.99,2005-06-12 11:48:37
12094,401,1,12340,3.99,2005-09-22 17:47:37
12095,405,2,13197,7.99,2005-08-20 19:24:37
12096,374,1,11474,2.99,2005-09-13 06:57:37
12097,119,1,4280,4.99,2005-07-03 07:14:37
12098,21,1,2778,4.99,2005-07-08 15:56:37
12099,583,1,11135,7.99,2005-08-09 20:18:37
12100,494,2,6218,3.99,2005-08-15 13:27:37
12101,570,1,221,2.99,2005-06-21 07:58:37
12102,205,2,13402,6.99,2005-07-19 01:08:37
12103,139,2,4575,3.99,2005-06-08 23:09:37
12104,76,1,8629,2.99,2005-07-22 02:52:37
12105,73,2,1785,6.99,2005-08-25 05:35:37
12106,227,1,3858,1.99,2005-07-04 11:07:37
12107,457,2,920,1.99,2005-08-27 16:05:37
12108,153,1,23,5.99,2005-08-04 19:19:37
12109,18,1,15255,7.99,2005-06-18 13:43:37
12110,374,2,681,6.99,2005-08-29 01:21:37
12111,294,1,3419,7.99,2005-07-24 11:51:37
12112,98,1,1693,6.99,2005-07-23 06:22:37
12113,466,1,1300,1.99,2005-07-20 17:50:37
12114,410,1,6470,1.99,2005-09-06 20:38:37
12115,81,1,7746,9.99,2005-08-07 05:15:37
12116,35,2,12268,0.99,2005-06-28 23:22:37
12117,597,2,874,7.99,2005-07-02 20:20:37
12118,368,2,8521,3.99,2005-07-01 00:18:37
12119,453,2,10728,6.99,2005-08-06 16:31:37
12120,279,2,11184,8.99,2005-05-29 14:13:37
12121,193,1,1172,1.99,2005-08-29 23:11:37
12122,267,1,6401,5.99,2005-05-31 19:01:37
12123,33,2,10749,3.99,2005-06-23 09:48:37
12124,587,1,7394,6.99,2005-06-23 08:01:37
12125,134,1,13677,2.99,2005-06-24 14:47:37
12126,387,1,2235,5.99,2005-05-27 13:48:37
12127,277,1,1304,5.99,2005-09-14 23:54:37
12128,402,1,9010,8.99,2005-06-11 20:50:37
12129,132,2,8169,5.99,2005-08-10 14:43:37
12130,594,2,4376,8.99,2005-06-14 16:54:37
12131,296,2,12984,2.99,2005-09-04 11:01:37
12132,495,1,1899,3.99,2005-07-04 14:03:37
12133,198,1,7600,1.99,2005-08-20 09:55:37
12134,507,2,15090,3.99,2005-09-18 13:58:37
12135,434,2,12059,7.99,2005-06-27 11:40:37
12136,298,2,9469,3.99,2005-07-16 06:53:37
12137,140,1,4076,3.99,2005-05-30 04:09:37
12138,154,2,11195,4.99,2005-06-28 11:08:37
12139,540,2,13367,8.99,2005-09-11 12:36:37
12140,343,1,8695,0.99,2005-06-07 20:20:37
12141,323,2,12834,2.99,2005-06-09 12:06:37
12142,144,2,1128,9.99,2005-07-15 06:58:37
12143,6,1,4973,0.99,2005-05-28 00:05:37
12144,530,2,6882,5.99,2005-08-27 18:09:37
12145,15,2,4138,9.99,2005-06-30 07:13:37
12146,549,2,2704,1.99,2005-09-17 12:09:37
12147,110,2,15348,4.99,2005-06-23 03:03:37
12148,188,1,816,0.99,2005-09-04 17:09:37
12149,76,1,12264,3.99,2005-08-23 09:42:37
12150,584,2,15971,1.99,2005-09-21 05:35:37
12151,94,1,13597,0.99,2005-07-24 10:12:37
12152,596,1,620,5.99,2005-08-12 14:12:37
12153,288,1,13334,4.99,2005-08-04 13:17:37
12154,316,1,12958,2.99,2005-06-03 21:42:37
12155,570,2,5771,2.99,2005-09-09 22:39:37
12156,55,1,447,3.99,2005-07-01 09:37:37
12157,539,2,12963,0.99,2005-09-05 23:59:37
12158,363,1,10799,3.99,2005-08-16 19:07:37
12159,442,1,13691,4.99,2005-07-23 22:32:37
12160,307,2,4502,7.99,2005-08-10 00:53:37
12161,3,2,1621,2.99,2005-06-08 03:07:37
12162,407,2,2075,2.99,2005-09-16 04:50:37
12163,478,2,13895,1.99,2005-06-13 23:51:37
12164,98,1,15035,8.99,2005-07-19 13:53:37
12165,29,2,5026,2.99,2005-09-16 14:06:37
12166,217,2,1693,5.99,2005-08-11 11:33:37
12167,25,2,2917,5.99,2005-08-28 04:12:37
12168,595,1,9228,4.99,2005-05-28 12:20:37
12169,377,1,7581,6.99,2005-08-01 17:07:37
12170,283,2,185,9.99,2005-08-07 04:56:37
12171,69,2,9864,5.99,2005-07-27 18:37:37
12172,270,2,4279,6.99,2005-07-12 03:33:37
12173,68,2,12030,9.99,2005-06-03 06:13:37
12174,245,2,14978,0.99,2005-08-24 22:04:37
12175,544,1,8912,1.99,2005-09-17 18:22:37
12176,392,2,15313,4.99,2005-08-23 04:40:37
12177,245,1,15505,1.99,2005-08-02 00:51:37
12178,47,1,1102,5.99,2005-09-21 04:12:37
12179,77,2,6993,7.99,2005-09-07 01:02:37
12180,351,2,8197,4.99,2005-07-11 15:57:37
12181,466,2,6795,3.99,2005-05-31 01:29:37
12182,256,2,14455,1.99,2005-09-04 17:19:37
12183,545,1,10096,9.99,2005-08-02 16:01:37
12184,168,2,11758,8.99,2005-06-14 03:19:37
12185,297,1,11924,1.99,2005-07-13 08:48:37
12186,280,2,3438,9.99,2005-06-13 04:12:37
12187,428,2,9217,0.99,2005-07-07 05:10:37
12188,135,2,7420,8.99,2005-05-26 09:59:37
12189,166,2,7262,8.99,2005-09-13 16:25:37
12190,307,1,314,4.99,2005-07-01 23:56:37
12191,505,1,570,4.99,2005-07-21 07:03:37
12192,590,1,13743,8.99,2005-09-13 14:46:37
12193,344,1,5670,3.99,2005-09-20 06:41:37
12194,572,2,862,2.99,2005-07-29 05:42:37
12195,226,2,9115,0.99,2005-06-16 16:52:37
12196,280,1,6315,5.99,2005-06-07 09:47:37
12197,319,2,1116,9.99,2005-05-29 03:26:37
12198,526,2,870,3.99,2005-08-21 18:23:37
12199,392,2,3132,9.99,2005-06-01 20:06:37
12200,362,1,12427,7.99,2005-09-13 08:36:37
12201,512,2,13713,8.99,2005-09-08 08:55:37
12202,100,2,3779,5.99,2005-06-06 18:00:37
12203,533,2,11238,4.99,2005-09-20 23:18:37
12204,267,1,9742,0.99,2005-08-03 04:25:37
12205,185,1,4087,1.99,2005-08-27 06:31:37
12206,424,1,7649,8.99,2005-07-07 22:59:37
12207,598,2,6916,9.99,2005-06-05 14:12:37
12208,464,1,4597,9.99,2005-07-11 18:54:37
12209,457,1,13071,2.99,2005-06-19 23:21:37
12210,413,2,6202,3.99,2005-07-16 22:40:37
12211,189,1,9521,6.99,2005-05-28 18:56:37
12212,143,1,1523,4.99,2005-08-03 17:01:37
12213,133,2,2971,3.99,2005-07-29 02:26:37
12214,571,2,9044,1.99,2005-09-20 02:48:37
12215,587,1,9981,6.99,2005-08-09 23:57:37
12216,510,2,4888,3.99,2005-09-20 11:01:37
12217,43,2,13225,6.99,2005-06-27 18:58:37
12218,8,1,15209,8.99,2005-09-06 16:51:37
12219,337,1,7701,0.99,2005-08-17 14:45:37
12220,79,1,12975,9.99,2005-08-15 12:52:37
12221,165,2,349,5.99,2005-08-12 22:22:37
12222,565,2,8294,6.99,2005-07-01 08:27:37
12223,506,2,12296,7.99,2005-06-29 13:47:37
12224,398,2,4842,2.99,2005-09-01 18:26:37
12225,148,1,10877,5.99,2005-06-24 14:14:37
12226,193,2,5290,2.99,2005-08-31 23:07:37
12227,174,2,5892,3.99,2005-06-30 18:47:37
12228,479,1,2962,3.99,2005-09-19 13:06:37
12229,34,2,4734,8.99,2005-06-14 10:11:37
12230,434,2,1522,0.99,2005-08-22 17:01:37
12231,448,1,8947,4.99,2005-08-08 03:52:37
12232,517,2,14157,5.99,2005-09-20 02:56:37
12233,583,1,3370,2.99,2005-05-26 14:45:37
12234,124,1,6067,6.99,2005-07-30 10:03:37
12235,75,1,5418,5.99,2005-06-02 05:33:37
12236,363,2,14571,3.99,2005-07-13 16:41:37
12237,471,1,4928,1.99,2005-06-29 17:15:37
12238,208,2,12451,7.99,2005-06-06 18:02:37
12239,241,1,13201,0.99,2005-08-24 07:14:37
12240,397,2,15533,9.99,2005-09-09 20:52:37
12241,519,1,14728,6.99,2005-09-09 12:55:37
12242,373,1,7488,2.99,2005-08-15 07:16:37
12243,233,2,13305,9.99,2005-07-25 23:42:37
12244,269,1,4554,6.99,2005-07-16 21:37:37
12245,520,1,4576,4.99,2005-09-04 20:58:37
12246,350,2,1959,2.99,2005-06-16 14:16:37
12247,65,1,13219,0.99,2005-09-22 10:46:37
12248,589,1,15121,3.99,2005-09-09 14:55:37
12249,130,2,15063,4.99,2005-08-07 19:15:37
12250,439,1,13592,8.99,2005-07-16 19:18:37
12251,422,2,11976,3.99,2005-07-11 21:50:37
12252,437,1,9559,4.99,2005-07-25 08:23:37
12253,120,1,441,9.99,2005-06-20 12:51:37
12254,135,1,12206,5.99,2005-09-01 11:52:37
12255,105,2,3911,5.99,2005-08-12 22:46:37
12256,259,1,879,4.99,2005-08-22 12:59:37
12257,105,1,215,1.99,2005-07-19 08:01:37
12258,503,2,13864,2.99,2005-06-22 21:58:37
12259,314,2,12028,5.99,2005-07-13 11:03:37
12260,290,1,14179,8.99,2005-07-10 02:16:37
12261,88,2,7421,4.99,2005-09-21 08:32:37
12262,504,2,7304,3.99,2005-06-13 07:50:37
12263,95,1,5520,4.99,2005-05-29 07:24:37
12264,126,1,14990,3.99,2005-06-09 10:11:37
12265,594,1,4501,0.99,2005-06-26 06:11:37
12266,508,1,11795,2.99,2005-07-31 22:11:37
12267,143,1,3063,2.99,2005-06-08 16:49:37
12268,583,2,6645,3.99,2005-08-31 08:26:37
12269,400,2,2181,8.99,2005-09-16 20:20:37
12270,371,1,4883,8.99,2005-06-04 02:48:37
12271,586,2,2653,4.99,2005-07-08 17:28:37
12272,7,2,1637,9.99,2005-08-19 19:31:37
12273,354,2,11606,4.99,2005-09-12 05:40:37
12274,524,2,6314,6.99,2005-06-03 08:07:37
12275,72,2,5573,0.99,2005-08-02 12:29:37
12276,558,1,14009,4.99,2005-08-11 11:09:37
12277,471,1,13864,2.99,2005-09-23 06:31:37
12278,185,2,6989,1.99,2005-09-09 14:36:37
12279,6,2,13834,2.99,2005-07-11 20:23:37
12280,514,2,15455,1.99,2005-07-06 12:09:37
12281,370,2,350,2.99,2005-08-28 23:35:37
12282,339,2,6060,0.99,2005-05-26 02:18:37
12283,184,2,13757,6.99,2005-09-10 09:25:37
12284,286,1,2209,2.99,2005-08-08 06:25:37
12285,168,2,1531,6.99,2005-08-30 20:11:37
12286,438,1,14647,0.99,2005-08-06 11:56:37
12287,146,1,3535,3.99,2005-08-24 13:03:37
12288,505,1,7242,4.99,2005-06-11 04:38:37
12289,503,2,308,1.99,2005-08-24 14:47:37
12290,377,1,6964,1.99,2005-06-21 14:04:37
12291,299,2,9462,2.99,2005-09-07 22:44:37
12292,316,2,13809,8.99,2005-08-16 20:56:37
12293,477,2,2881,6.99,2005-08-10 01:23:37
12294,318,2,14751,8.99,2005-09-05 15:06:37
12295,122,2,3033,5.99,2005-09-18 10:50:37
12296,97,2,3025,2.99,2005-06-26 08:48:37
12297,580,1,5183,0.99,2005-08-28 08:20:37
12298,383,1,8431,5.99,2005-08-03 04:28:37
12299,31,2,6785,0.99,2005-07-03 01:49:37
12300,79,2,5149,7.99,2005-07-12 14:08:37
12301,469,2,6581,3.99,2005-08-11 01:03:37
12302,441,2,12588,0.99,2005-07-02 06:03:37
12303,319,2,15073,3.99,2005-06-29 20:36:37
12304,115,2,3919,9.99,2005-06-29 11:20:37
12305,292,1,5454,3.99,2005-08-24 16:21:37
12306,158,1,3628,9.99,2005-06-06 20:48:37
12307,45,2,15167,0.99,2005-09-04 06:05:37
12308,5,1,5467,1.99,2005-08-20 00:05:37
12309,136,1,6814,3.99,2005-08-05 04:44:37
12310,356,1,11048,5.99,2005-08-04 03:46:37
12311,329,2,7412,1.99,2005-09-20 06:37:37
12312,77,1,14988,4.99,2005-06-21 16:58:37
12313,372,2,4424,0.99,2005-08-14 17:32:37
12314,569,2,9091,5.99,2005-08-15 12:58:37
12315,117,1,7369,2.99,2005-05-31 18:57:37
12316,401,2,14770,7.99,2005-08-21 22:35:37
12317,520,1,14678,3.99,2005-07-24 06:28:37
12318,267,1,8125,9.99,2005-07-17 17:05:37
12319,547,2,10765,2.99,2005-08-22 03:26:37
12320,26,1,2967,1.99,2005-09-11 12:27:37
12321,73,1,4824,9.99,2005-08-29 09:34:37
12322,187,2,2498,1.99,2005-07-01 00:14:37
12323,506,2,5702,6.99,2005-06-07 08:15:37
12324,590,1,7225,0.99,2005-09-03 15:19:37
12325,10,2,2957,5.99,2005-08-23 11:49:37
12326,35,1,15343,6.99,2005-06-30 00:06:37
12327,146,2,1683,4.99,2005-06-09 15:41:37
12328,313,2,9094,8.99,2005-06-13 15:38:37
12329,64,2,15201,9.99,2005-08-26 17:47:37
12330,553,2,9687,5.99,2005-07-22 22:17:37
12331,448,1,15370,8.99,2005-07-05 15:14:37
12332,440,1,9154,7.99,2005-09-21 02:59:37
12333,540,2,12497,5.99,2005-09-01 16:27:37
12334,213,1,11172,5.99,2005-06-25 18:49:37
12335,326,2,14170,6.99,2005-08-25 21:16:37
12336,258,2,15973,8.99,2005-05-29 20:52:37
12337,303,1,4023,7.99,2005-08-10 06:31:37
12338,212,2,15309,6.99,2005-06-23 07:53:37
12339,234,1,4729,0.99,2005-09-04 21:41:37
12340,506,2,931,2.99,2005-06-20 04:58:37
12341,6,2,12508,7.99,2005-08-29 01:21:37
12342,379,1,11542,6.99,2005-07-25 18:41:37
12343,406,2,15829,5.99,2005-08-02 20:32:37
12344,208,2,11666,1.99,2005-09-20 16:09:37
12345,414,1,9281,4.99,2005-06-04 00:50:37
12346,25,1,14057,4.99,2005-06-25 00:15:37
12347,489,2,7358,3.99,2005-06-08 11:40:37
12348,455,1,11083,6.99,2005-07-04 22:09:37
12349,50,1,9500,8.99,2005-07-12 16:26:37
12350,152,1,3382,4.99,2005-08-24 08:08:37
12351,452,1,1320,3.99,2005-09-03 18:01:37
12352,76,1,13591,8.99,2005-06-15 23:25:37
12353,73,2,12526,7.99,2005-06-09 04:27:37
12354,74,1,10150,8.99,2005-07-07 07:03:37
12355,261,1,14801,3.99,2005-06-12 23:30:37
12356,576,2,4976,4.99,2005-06-11 15:27:37
12357,470,2,15250,2.99,2005-08-17 11:37:37
12358,152,1,10846,6.99,2005-06-14 04:07:37
12359,496,1,7609,4.99,2005-07-21 11:11:37
12360,13,2,7906,0.99,2005-09-19 09:39:37
12361,168,1,4038,9.99,2005-07-30 11:50:37
12362,323,2,10123,6.99,2005-08-30 21:40:37
12363,490,1,11889,9.99,2005-09-05 19:38:37
12364,96,2,73,6.99,2005-06-13 18:15:37
12365,492,1,3149,7.99,2005-06-05 11:28:37
12366,575,1,10494,6.99,2005-08-14 18:47:37
12367,460,2,13410,6.99,2005-07-28 23:42:37
12368,407,2,489,1.99,2005-07-31 11:37:37
12369,381,1,4681,3.99,2005-08-23 01:13:37
12370,135,1,14699,7.99,2005-07-19 16:21:37
12371,493,1,6184,1.99,2005-06-04 07:53:37
12372,595,1,333,6.99,2005-08-25 00:38:37
12373,423,1,10214,5.99,2005-09-17 07:49:37
12374,107,1,3511,9.99,2005-08-21 01:02:37
12375,245,2,15079,0.99,2005-06-30 20:21:37
12376,399,2,14719,4.99,2005-06-16 05:08:37
12377,47,1,12242,9.99,2005-05-27 01:01:37
12378,162,1,3110,5.99,2005-07-07 00:08:37
12379,435,1,3959,3.99,2005-06-28 08:05:37
12380,150,1,8840,4.99,2005-06-20 17:32:37
12381,312,2,782,7.99,2005-06-10 03:35:37
12382,55,1,15357,7.99,2005-09-22 11:38:37
12383,384,2,9007,9.99,2005-08-31 17:26:37
12384,287,2,1945,9.99,2005-09-08 13:19:37
12385,114,1,8458,7.99,2005-06-29 23:14:37
12386,336,1,11991,2.99,2005-09-05 01:07:37
12387,426,1,10464,2.99,2005-09-01 22:06:37
12388,201,2,8085,4.99,2005-06-03 13:32:37
12389,30,2,13907,2.99,2005-08-08 18:24:37
12390,147,1,14560,7.99,2005-07-30 20:34:37
12391,360,2,11553,9.99,2005-08-13 19:16:37
12392,229,1,9863,0.99,2005-08-07 17:21:37
12393,134,1,6297,2.99,2005-07-10 04:00:37
12394,131,2,15818,2.99,2005-06-28 04:58:37
12395,515,2,9350,2.99,2005-06-01 00:14:37
12396,106,2,7154,4.99,2005-08-29 18:10:37
12397,275,1,2977,0.99,2005-05-30 12:31:37
12398,244,2,7845,1.99,2005-08-16 00:52:37
12399,560,2,11761,3.99,2005-08-02 19:01:37
12400,434,1,12542,5.99,2005-08-16 13:32:37
12401,144,2,12879,5.99,2005-07-17 08:15:37
12402,377,2,3465,2.99,2005-08-16 21:57:37
12403,138,1,1691,3.99,2005-09-18 19:44:37
12404,30,2,378,2.99,2005-09-19 15:14:37
12405,132,1,7213,3.99,2005-09-14 10:40:37
12406,341,2,9433,2.99,2005-08-21 01:48:37
12407,560,2,2574,8.99,2005-09-05 12:59:37
12408,562,2,3109,7.99,2005-08-27 06:41:37
12409,140,2,5837,4.99,2005-08-17 11:54:37
12410,238,2,13939,7.99,2005-07-21 18:09:37
12411,245,2,1817,2.99,2005-08-21 09:36:37
12412,118,2,5299,1.99,2005-06-03 16:46:37
12413,436,1,10093,1.99,2005-06-15 10:50:37
12414,544,1,12783,0.99,2005-08-06 09:02:37
12415,450,1,2040,3.99,2005-08-28 08:01:37
12416,96,1,7892,0.99,2005-09-06 12:32:37
12417,549,1,5427,6.99,2005-08-28 15:10:37
12418,306,1,9752,3.99,2005-07-01 19:00:37
12419,176,1,3412,1.99,2005-05-30 00:56:37
12420,343,1,11806,2.99,2005-07-14 06:04:37
12421,106,1,1757,3.99,2005-09-11 19:29:37
12422,115,1,6470,8.99,2005-08-27 07:44:37
12423,32,2,1309,4.99,2005-07-25 12:21:37
12424,458,1,14714,8.99,2005-07-24 01:50:37
12425,498,2,5275,3.99,2005-07-09 13:50:37
12426,62,1,16041,4.99,2005-05-28 23:36:37
12427,514,2,5029,2.99,2005-08-18 16:01:37
12428,410,2,13108,8.99,2005-08-21 03:54:37
12429,514,1,7633,4.99,2005-08-19 02:51:37
12430,513,1,6975,3.99,2005-08-26 09:26:37
12431,13,1,1160,4.99,2005-07-27 06:24:37
12432,282,2,8900,7.99,2005-07-11 06:38:37
12433,568,2,7700,6.99,2005-07-13 09:44:37
12434,184,2,15970,3.99,2005-09-07 04:30:37
12435,441,2,14086,9.99,2005-07-01 01:09:37
12436,343,2,6768,2.99,2005-09-15 23:53:37
12437,353,2,10006,3.99,2005-09-01 17:24:37
12438,338,2,11862,3.99,2005-09-21 04:12:37
12439,335,1,2438,6.99,2005-05-28 09:14:37
12440,435,2,13511,0.99,2005-06-24 22:52:37
12441,460,1,7276,4.99,2005-07-15 08:13:37
12442,362,1,151,0.99,2005-07-27 13:40:37
12443,554,1,9187,3.99,2005-09-07 09:30:37
12444,401,1,8737,9.99,2005-08-06 03:21:37
12445,147,2,3666,5.99,2005-08-22 00:17:37
12446,538,1,14646,5.99,2005-09-05 11:27:37
12447,423,1,9843,4.99,2005-08-31 01:18:37
12448,323,1,12328,3.99,2005-07-28 19:35:37
12449,473,2,8624,8.99,2005-06-19 07:51:37
12450,354,2,7666,7.99,2005-07-31 20:31:37
12451,511,2,12146,0.99,2005-09-16 13:27:37
12452,77,2,6872,7.99,2005-06-04 13:12:37
12453,307,1,2800,1.99,2005-06-15 03:36:37
12454,226,1,11960,6.99,2005-06-12 01:36:37
12455,217,1,11111,2.99,2005-06-17 06:11:37
12456,366,1,6014,5.99,2005-06-30 15:09:37
12457,586,1,402,1.99,2005-08-29 02:34:37
12458,193,1,9719,3.99,2005-08-16 09:58:37
12459,171,1,5938,8.99,2005-07-21 08:15:37
12460,477,2,8729,9.99,2005-06-28 12:24:37
12461,269,2,9726,8.99,2005-07-31 21:53:37
12462,160,2,8559,3.99,2005-09-16 11:32:37
12463,499,1,13754,5.99,2005-09-05 16:49:37
12464,599,1,12557,8.99,2005-06-29 08:40:37
12465,224,1,3341,5.99,2005-08-09 16:22:37
12466,302,2,8347,1.99,2005-07-20 12:31:37
12467,175,2,7226,5.99,2005-09-01 05:27:37
12468,389,2,6383,4.99,2005-09-01 00:56:37
12469,477,2,538,2.99,2005-07-30 17:23:37
12470,144,1,13672,3.99,2005-09-06 15:49:37
12471,53,1,6203,3.99,2005-06-10 19:12:37
12472,101,1,5070,4.99,2005-06-14 17:13:37
12473,476,2,1101,8.99,2005-08-05 22:12:37
12474,106,1,13614,9.99,2005-09-06 14:33:37
12475,307,2,3369,9.99,2005-08-01 03:03:37
12476,210,1,787,6.99,2005-06-27 05:07:37
12477,295,2,12729,3.99,2005-09-22 15:56:37
12478,309,2,7857,2.99,2005-08-24 02:24:37
12479,510,2,7478,2.99,2005-06-16 03:09:37
12480,440,1,8473,6.99,2005-08-03 14:56:37
12481,479,1,2300,3.99,2005-08-15 13:11:37
12482,461,1,8594,8.99,2005-09-18 02:29:37
12483,489,2,11037,8.99,2005-05-27 02:59:37
12484,284,2,6497,0.99,2005-06-05 11:15:37
12485,367,1,12338,4.99,2005-05-25 12:12:37
12486,458,1,14963,0.99,2005-07-29 16:34:37
12487,290,2,6584,2.99,2005-06-01 03:25:37
12488,232,2,12890,5.99,2005-07-26 09:49:37
12489,262,2,3874,5.99,2005-06-08 09:39:37
12490,474,2,7234,9.99,2005-08-06 17:33:37
12491,224,2,11982,4.99,2005-07-15 22:29:37
12492,391,2,13850,0.99,2005-07-02 07:43:37
12493,255,2,13479,4.99,2005-05-31 20:49:37
12494,365,2,7464,4.99,2005-07-01 10:11:37
12495,99,2,4384,4.99,2005-07-10 07:30:37
12496,51,1,1554,0.99,2005-07-27 20:17:37
12497,446,1,9057,8.99,2005-06-05 09:51:37
12498,480,2,7348,5.99,2005-09-10 05:15:37
12499,39,1,763,1.99,2005-07-23 18:59:37
12500,21,2,9462,9.99,2005-09-19 16:50:37
12501,545,2,6497,5.99,2005-06-01 01:21:37
12502,188,2,10046,2.99,2005-09-21 18:51:37
12503,209,2,14348,4.99,2005-06-11 16:31:37
12504,465,1,15474,0.99,2005-05-29 19:12:37
12505,473,2,13970,1.99,2005-08-19 12:23:37
12506,520,1,330,8.99,2005-06-16 09:15:37
12507,229,1,14659,5.99,2005-09-19 15:11:37
12508,465,2,7092,8.99,2005-09-19 18:38:37
12509,416,1,7987,0.99,2005-06-23 15:01:37
12510,555,2,1460,2.99,2005-06-30 22:58:37
12511,457,2,10453,9.99,2005-07-05 17:53:37
12512,377,1,8475,0.99,2005-06-14 11:30:37
12513,168,1,4729,7.99,2005-08-19 05:40:37
12514,367,2,13191,9.99,2005-08-23 16:57:37
12515,399,2,3689,6.99,2005-08-12 15:30:37
12516,493,2,13804,6.99,2005-06-01 04:33:37
12517,234,2,15157,0.99,2005-06-11 00:08:37
12518,196,2,8401,5.99,2005-08-19 18:38:37
12519,211,2,505,5.99,2005-05-31 10:27:37
12520,137,1,6503,5.99,2005-08-31 11:57:37
12521,383,1,2022,6.99,2005-05-27 13:43:37
12522,332,2,13718,6.99,2005-08-20 06:50:37
12523,16,2,1061,9.99,2005-09-11 07:58:37
12524,576,2,419,0.99,2005-08-29 13:39:37
12525,403,2,9042,3.99,2005-07-25 16:11:37
12526,217,1,15146,6.99,2005-06-19 10:17:37
12527,571,1,15798,3.99,2005-06-10 01:42:37
12528,355,1,9177,9.99,2005-06-11 11:10:37
12529,363,1,10393,2.99,2005-05-25 13:22:37
12530,203,1,4776,2.99,2005-08-08 03:09:37
12531,185,1,3969,6.99,2005-09-16 03:30:37
12532,391,1,10900,6.99,2005-07-23 10:34:37
12533,120,2,6344,3.99,2005-06-18 12:15:37
12534,179,1,7675,1.99,2005-09-07 09:06:37
12535,531,2,1971,5.99,2005-09-19 23:46:37
12536,131,1,3586,2.99,2005-07-02 04:27:37
12537,36,2,8768,5.99,2005-06-07 06:38:37
12538,180,2,13366,4.99,2005-08-11 08:30:37
12539,495,2,8010,0.99,2005-08-24 21:16:37
12540,213,2,2539,5.99,2005-07-16 07:28:37
12541,400,1,2719,8.99,2005-07-06 06:44:37
12542,197,2,10854,7.99,2005-06-07 23:05:37
12543,471,1,1535,3.99,2005-08-09 17:53:37
12544,333,2,2121,5.99,2005-06-26 16:12:37
12545,247,1,172,6.99,2005-05-25 15:07:37
12546,438,2,8467,2.99,2005-06-07 05:59:37
12547,502,2,4909,6.99,2005-09-13 16:04:37
12548,160,1,2861,7.99,2005-07-28 01:36:37
12549,269,1,5315,0.99,2005-08-08 00:24:37
12550,326,2,1378,1.99,2005-07-03 09:33:37
12551,376,2,577,5.99,2005-07-25 09:13:37
12552,541,2,14674,3.99,2005-05-25 14:38:37
12553,196,2,14198,4.99,2005-08-01 23:46:37
12554,376,1,3613,4.99,2005-06-23 00:47:37
12555,95,1,8588,5.99,2005-06-22 00:08:37
12556,297,1,4313,0.99,2005-08-17 21:02:37
12557,127,1,11517,6.99,2005-07-13 05:43:37
12558,500,1,10034,7.99,2005-07-17 06:29:37
12559,223,2,619,2.99,2005-07-01 22:14:37
12560,364,1,12113,7.99,2005-08-08 00:19:37
12561,414,2,7354,8.99,2005-06-10 04:54:37
12562,468,2,13976,8.99,2005-08-31 12:49:37
12563,12,2,13480,7.99,2005-08-24 02:37:37
12564,199,1,12203,3.99,2005-09-20 07:06:37
12565,23,2,13517,7.99,2005-06-26 20:38:37
12566,351,1,14334,3.99,2005-05-30 02:05:37
12567,182,1,6856,5.99,2005-07-06 22:05:37
12568,282,2,15614,8.99,2005-09-07 03:51:37
12569,232,2,7663,1.99,2005-09-16 07:14:37
12570,327,1,862,5.99,2005-08-16 15:56:37
12571,445,2,7981,7.99,2005-05-31 23:31:37
12572,38,1,14229,6.99,2005-07-10 12:04:37
12573,29,2,14566,4.99,2005-08-16 05:41:37
12574,282,1,2274,0.99,2005-08-27 08:15:37
12575,84,1,15332,6.99,2005-06-23 15:13:37
12576,580,1,2647,8.99,2005-06-15 18:49:37
12577,219,2,8695,5.99,2005-08-28 15:59:37
12578,96,1,2273,0.99,2005-07-11 16:46:37
12579,319,1,9787,2.99,2005-08-15 18:25:37
12580,575,2,15363,1.99,2005-09-07 07:34:37
12581,236,2,9558,5.99,2005-07-20 08:36:37
12582,495,2,8740,9.99,2005-08-14 18:28:37
12583,137,2,10462,8.99,2005-09-12 21:56:37
12584,72,2,8429,4.99,2005-06-01 20:54:37
12585,396,2,6661,9.99,2005-07-04 21:15:37
12586,242,2,8113,9.99,2005-07-07 16:12:37
12587,453,1,4809,0.99,2005-05-26 10:13:37
12588,71,1,4720,9.99,2005-07-11 02:46:37
12589,113,1,158,3.99,2005-07-22 03:39:37
12590,10,1,891,3.99,2005-09-04 17:19:37
12591,161,1,14518,5.99,2005-06-29 04:51:37
12592,294,1,7792,0.99,2005-07-20 04:02:37
12593,168,1,15700,9.99,2005-08-26 22:42:37
12594,285,1,8778,8.99,2005-07-21 00:14:37
12595,561,1,10698,1.99,2005-08-22 09:20:37
12596,96,1,6261,1.99,2005-09-13 09:11:37
12597,506,2,5444,0.99,2005-05-29 02:14:37
12598,6,1,6354,0.99,2005-08-21 02:17:37
12599,390,1,10836,8.99,2005-06-18 02:03:37
12600,588,2,14338,7.99,2005-08-26 03:37:37
12601,439,2,13493,8.99,2005-08-04 00:07:37
12602,583,1,13811,4.99,2005-09-12 12:25:37
12603,101,1,1413,0.99,2005-06-29 13:00:37
12604,19,2,4644,7.99,2005-06-28 15:21:37
12605,423,1,4768,2.99,2005-09-15 01:46:37
12606,293,2,3381,1.99,2005-06-05 15:10:37
12607,90,2,5971,2.99,2005-08-08 03:18:37
12608,329,2,11485,4.99,2005-08-10 02:12:37
12609,524,2,2273,2.99,2005-07-10 05:45:37
12610,457,2,2925,9.99,2005-07-11 03:10:37
12611,429,2,13962,2.99,2005-09-11 07:22:37
12612,540,2,7150,6.99,2005-07-26 12:39:37
12613,384,2,12692,2.99,2005-05-26 01:06:37
12614,3,1,13501,7.99,2005-07-11 20:53:37
12615,151,1,4631,2.99,2005-09-20 15:19:37
12616,557,2,4261,7.99,2005-08-28 07:28:37
12617,380,2,10117,8.99,2005-08-19 13:37:37
12618,589,1,11098,3.99,2005-06-02 13:12:37
12619,485,1,7750,5.99,2005-07-14 23:08:37
12620,436,1,6979,5.99,2005-09-12 19:12:37
12621,441,2,8881,2.99,2005-08-25 02:52:37
12622,224,1,13891,6.99,2005-06-30 17:46:37
12623,479,2,13620,9.99,2005-06-02 13:37:37
12624,490,2,3847,3.99,2005-07-03 19:24:37
12625,323,1,5037,8.99,2005-08-27 20:44:37
12626,519,1,2558,3.99,2005-07-15 19:56:37
12627,490,2,13244,1.99,2005-06-21 21:25:37
12628,336,2,10239,8.99,2005-06-19 02:25:37
12629,446,1,13776,4.99,2005-07-02 23:20:37
12630,10,2,13972,5.99,2005-09-05 12:25:37
12631,275,2,9428,6.99,2005-08-27 04:29:37
12632,99,1,4025,0.99,2005-09-17 11:28:37
12633,366,2,15458,5.99,2005-09-01 18:37:37
12634,494,1,14140,1.99,2005-09-09 02:18:37
12635,40,2,9546,3.99,2005-07-08 10:36:37
12636,538,1,3061,4.99,2005-09-12 10:04:37
12637,539,2,5425,3.99,2005-07-23 07:54:37
12638,525,2,15069,0.99,2005-08-18 07:08:37
12639,233,2,8779,8.99,2005-06-04 15:35:37
12640,276,2,11595,5.99,2005-09-21 09:12:37
12641,375,2,2434,9.99,2005-07-14 01:25:37
12642,416,2,11694,3.99,2005-08-23 20:41:37
12643,29,2,5397,6.99,2005-06-16 23:00:37
12644,207,2,8543,8.99,2005-08-20 22:56:37
12645,571,2,12669,5.99,2005-09-21 03:45:37
12646,81,2,2018,2.99,2005-06-27 05:11:37
12647,98,2,7997,3.99,2005-08-30 08:54:37
12648,1,1,14788,7.99,2005-07-13 15:46:37
12649,78,2,1396,6.99,2005-06-02 23:14:37
12650,556,2,14365,7.99,2005-08-19 10:24:37
12651,521,1,6032,9.99,2005-08-25 06:40:37
12652,495,1,7818,9.99,2005-08-01 12:27:37
12653,138,2,11323,5.99,2005-07-24 10:30:37
12654,101,1,9683,1.99,2005-06-22 09:44:37
12655,527,2,9113,0.99,2005-09-19 23:37:37
12656,106,2,14041,6.99,2005-07-11 13:48:37
12657,351,2,12200,4.99,2005-07-20 06:11:37
12658,43,1,3237,2.99,2005-09-20 09:12:37
12659,103,2,11605,5.99,2005-09-06 10:26:37
12660,259,2,13275,5.99,2005-07-28 06:33:37
12661,194,2,14677,0.99,2005-09-08 04:04:37
12662,263,2,11196,7.99,2005-06-14 00:18:37
12663,248,1,14127,0.99,2005-08-04 21:30:37
12664,464,1,1899,5.99,2005-06-12 19:39:37
12665,408,2,14521,9.99,2005-09-20 03:14:37
12666,216,1,1933,0.99,2005-06-18 14:13:37
12667,557,1,12323,6.99,2005-07-13 14:31:37
12668,332,2,9481,9.99,2005-07-11 13:02:37
12669,407,2,8993,7.99,2005-07-05 22:15:37
12670,546,2,13403,1.99,2005-09-09 12:33:37
12671,48,2,14531,3.99,2005-07-02 18:20:37
12672,76,1,13506,7.99,2005-06-20 14:37:37
12673,591,1,15993,5.99,2005-08-05 16:10:37
12674,294,2,6141,8.99,2005-08-17 10:31:37
12675,140,2,7982,5.99,2005-06-04 10:58:37
12676,112,2,8742,0.99,2005-08-28 04:03:37
12677,268,2,15565,1.99,2005-06-30 03:25:37
12678,287,2,9860,2.99,2005-09-05 20:05:37
12679,120,2,8494,6.99,2005-06-30 07:23:37
12680,251,1,3663,1.99,2005-06-15 03:17:37
12681,377,1,8134,8.99,2005-07-23 14:32:37
12682,504,1,11774,3.99,2005-07-05 14:15:37
12683,57,2,3545,2.99,2005-08-05 09:29:37
12684,98,1,7190,4.99,2005-09-09 02:31:37
12685,225,2,15826,1.99,2005-09-20 14:20:37
12686,232,1,7701,3.99,2005-06-24 00:51:37
12687,67,2,3681,9.99,2005-08-21 14:49:37
12688,277,1,14739,5.99,2005-08-26 06:57:37
12689,262,1,5358,6.99,2005-07-20 11:58:37
12690,402,2,4462,3.99,2005-09-20 09:12:37
12691,465,2,13756,3.99,2005-07-06 02:33:37
12692,132,1,8486,1.99,2005-07-27 04:24:37
12693,440,1,8569,2.99,2005-07-01 21:27:37
12694,30,1,12009,7.99,2005-07-28 08:56:37
12695,29,2,9441,7.99,2005-06-23 02:11:37
12696,160,1,3871,4.99,2005-06-16 20:42:37
12697,504,2,7451,9.99,2005-07-02 01:26:37
12698,408,2,2501,6.99,2005-07-28 06:13:37
12699,357,1,9089,8.99,2005-08-23 01:40:37
12700,161,2,6278,2.99,2005-06-04 16:58:37
12701,4,1,12537,1.99,2005-09-20 04:42:37
12702,205,1,13263,2.99,2005-07-04 23:52:37
12703,125,1,1636,7.99,2005-09-06 11:10:37
12704,571,2,9881,4.99,2005-08-30 13:04:37
12705,518,1,10679,2.99,2005-07-03 23:10:37
12706,271,1,8481,5.99,2005-05-27 23:45:37
12707,495,2,9542,3.99,2005-06-08 06:33:37
12708,305,1,9169,2.99,2005-06-27 06:33:37
12709,371,1,10934,1.99,2005-08-17 02:58:37
12710,127,1,15968,0.99,2005-05-30 04:15:37
12711,35,2,2563,8.99,2005-07-17 21:37:37
12712,561,1,779,6.99,2005-06-23 23:51:37
12713,470,1,15911,0.99,2005-08-15 02:19:37
12714,126,2,6210,3.99,2005-09-09 06:06:37
12715,347,2,6231,0.99,2005-06-07 18:56:37
12716,429,1,6351,8.99,2005-07-10 10:10:37
12717,87,2,7604,4.99,2005-06-08 13:55:37
12718,41,1,15256,3.99,2005-06-04 10:20:37
12719,436,2,8016,5.99,2005-08-10 23:51:37
12720,253,2,9907,1.99,2005-06-20 08:34:37
12721,409,2,3750,2.99,2005-08-16 14:33:37
12722,129,2,14236,7.99,2005-08-12 16:00:37
12723,357,1,11429,0.99,2005-07-11 02:29:37
12724,383,2,4273,7.99,2005-07-13 19:13:37
12725,583,2,5054,9.99,2005-06-19 19:53:37
12726,245,2,1116,3.99,2005-08-27 06:00:37
12727,515,2,12859,9.99,2005-07-04 08:19:37
12728,134,2,1607,8.99,2005-07-01 12:32:37
12729,420,2,8896,2.99,2005-09-01 19:44:37
12730,34,2,13525,4.99,2005-09-02 14:41:37
12731,432,2,10424,6.99,2005-08-31 23:16:37
12732,171,1,12137,0.99,2005-07-23 09:15:37
12733,570,1,1410,9.99,2005-06-27 20:12:37
12734,450,2,1645,9.99,2005-07-17 18:18:37
12735,24,2,8614,4.99,2005-08-20 03:00:37
12736,158,1,3521,4.99,2005-08-05 17:54:37
12737,302,2,3130,3.99,2005-07-17 22:36:37
12738,215,2,8657,5.99,2005-08-28 23:28:37
12739,77,2,10553,3.99,2005-06-19 10:44:37
12740,304,1,9399,7.99,2005-06-25 17:11:37
12741,458,2,6658,6.99,2005-06-03 18:44:37
12742,430,2,9790,9.99,2005-08-28 04:10:37
12743,122,2,15288,9.99,2005-06-13 23:38:37
12744,542,2,1897,3.99,2005-06-28 16:29:37
12745,347,2,9212,1.99,2005-06-23 21:05:37
12746,532,1,13907,7.99,2005-06-17 04:54:37
12747,384,1,6004,4.99,2005-06-28 00:48:37
12748,134,2,13395,1.99,2005-08-20 01:21:37
12749,184,1,4580,7.99,2005-06-08 17:38:37
12750,179,1,13054,5.99,2005-06-28 13:49:37
12751,523,1,3572,9.99,2005-08-31 04:45:37
12752,308,2,15524,0.99,2005-08-07 03:51:37
12753,585,2,1322,5.99,2005-09-07 05:04:37
12754,496,2,14729,0.99,2005-07-21 17:50:37
12755,7,2,14295,9.99,2005-07-22 10:50:37
12756,328,2,2139,9.99,2005-09-03 02:17:37
12757,332,1,12546,5.99,2005-08-01 05:49:37
12758,178,2,127,4.99,2005-07-08 04:32:37
12759,303,1,14468,3.99,2005-07-19 10:00:37
12760,110,1,176,1.99,2005-08-18 11:55:37
12761,77,2,9967,0.99,2005-06-11 05:46:37
12762,158,1,8947,9.99,2005-07-23 12:12:37
12763,497,2,9275,1.99,2005-06-24 18:32:37
12764,185,1,9150,3.99,2005-08-14 17:52:37
12765,145,2,5956,8.99,2005-08-27 08:40:37
12766,469,1,6223,2.99,2005-09-17 05:44:37
12767,101,1,6770,9.99,2005-09-12 05:51:37
12768,116,1,392,4.99,2005-08-17 21:19:37
12769,430,1,10476,4.99,2005-07-25 08:31:37
12770,219,1,1031,7.99,2005-06-10 00:32:37
12771,298,1,14300,2.99,2005-07-29 06:38:37
12772,532,1,6681,7.99,2005-07-24 11:32:37
12773,203,1,6295,0.99,2005-07-25 19:33:37
12774,202,2,12262,4.99,2005-09-06 17:18:37
12775,95,1,3987,7.99,2005-06-23 19:11:37
12776,146,1,2544,1.99,2005-08-04 04:19:37
12777,541,1,10995,9.99,2005-09-10 10:31:37
12778,503,2,10266,6.99,2005-06-18 10:39:37
12779,273,1,13591,6.99,2005-08-03 20:13:37
12780,474,1,16030,2.99,2005-08-18 19:35:37
12781,128,1,14550,9.99,2005-08-14 16:55:37
12782,299,1,7342,9.99,2005-06-24 05:49:37
12783,411,2,2434,0.99,2005-07-04 00:17:37
12784,4,1,7957,0.99,2005-07-05 13:36:37
12785,42,2,11798,1.99,2005-08-09 10:07:37
12786,263,2,11305,5.99,2005-08-24 05:27:37
12787,29,1,11199,3.99,2005-07-31 20:36:37
12788,335,2,3392,3.99,2005-08-31 18:42:37
12789,553,1,14651,3.99,2005-06-10 18:55:37
12790,236,2,12689,6.99,2005-09-05 03:44:37
12791,525,1,8404,5.99,2005-08-31 07:27:37
12792,553,2,10721,7.99,2005-08-16 12:00:37
12793,503,2,12804,8.99,2005-08-08 22:00:37
12794,193,2,3188,6.99,2005-07-14 00:09:37
12795,400,2,11489,7.99,2005-08-21 08:11:37
12796,240,2,12970,0.99,2005-07-21 16:30:37
12797,368,1,8670,4.99,2005-07-02 10:03:37
12798,119,2,13003,2.99,2005-06-28 05:03:37
12799,393,1,15426,4.99,2005-06-30 18:45:37
12800,534,2,1142,9.99,2005-06-13 06:56:37
12801,501,2,12933,1.99,2005-06-15 00:12:37
12802,328,2,2721,0.99,2005-08-06 13:58:37
12803,548,2,7903,4.99,2005-06-09 15:14:37
12804,218,2,9645,1.99,2005-09-17 05:13:37
12805,176,1,7625,1.99,2005-06-05 13:51:37
12806,2,1,1223,1.99,2005-06-21 07:36:37
12807,400,2,4987,6.99,2005-06-19 06:28:37
12808,28,2,8408,0.99,2005-08-18 03:58:37
12809,86,1,15572,2.99,2005-08-27 10:45:37
12810,114,2,14899,5.99,2005-09-21 14:24:37
12811,540,1,5467,9.99,2005-06-29 03:11:37
12812,33,1,7686,7.99,2005-09-19 04:44:37
12813,534,2,2224,3.99,2005-07-16 09:21:37
12814,479,1,14163,4.99,2005-09-06 07:58:37
12815,59,1,2937,2.99,2005-08-15 12:38:37
12816,98,1,1870,4.99,2005-06-01 05:35:37
12817,548,1,7655,8.99,2005-06-23 11:47:37
12818,446,2,1846,5.99,2005-06-20 12:36:37
12819,187,1,7411,4.99,2005-08-27 17:27:37
12820,544,1,8479,2.99,2005-08-15 14:13:37
12821,460,1,15820,3.99,2005-06-08 06:23:37
12822,368,1,10213,6.99,2005-09-04 15:51:37
12823,355,1,10492,4.99,2005-05-26 13:21:37
12824,435,2,15813,2.99,2005-07-31 14:30:37
12825,118,2,8495,5.99,2005-09-12 01:28:37
12826,460,1,3173,1.99,2005-06-27 17:11:37
12827,32,2,12975,9.99,2005-05-30 01:48:37
12828,137,2,13164,6.99,2005-06-02 08:32:37
12829,221,1,1410,5.99,2005-08-11 08:55:37
12830,274,1,914,9.99,2005-08-06 21:19:37
12831,563,1,5636,7.99,2005-09-01 15:10:37
12832,497,1,5529,5.99,2005-07-28 04:28:37
12833,45,2,14364,8.99,2005-08-17 09:54:37
12834,78,1,8976,6.99,2005-07-04 18:05:37
12835,431,2,15892,4.99,2005-06-21 22:47:37
12836,251,1,14894,2.99,2005-08-20 20:02:37
12837,494,2,447,1.99,2005-06-16 21:52:37
12838,239,1,1510,9.99,2005-07-18 22:18:37
12839,208,2,1630,4.99,2005-09-08 12:36:37
12840,255,1,1477,3.99,2005-06-19 04:09:37
12841,144,2,9885,9.99,2005-08-02 07:48:37
12842,220,2,8353,1.99,2005-09-02 16:49:37
12843,354,2,8249,7.99,2005-06-02 22:34:37
12844,406,2,11940,8.99,2005-06-29 21:53:37
12845,234,2,13014,9.99,2005-08-27 04:39:37
12846,117,1,15146,8.99,2005-08-01 00:28:37
12847,156,2,5406,0.99,2005-09-07 06:20:37
12848,275,2,8450,1.99,2005-06-19 02:03:37
12849,85,2,2033,2.99,2005-07-17 09:28:37
12850,357,2,2595,0.99,2005-07-22 14:53:37
12851,251,2,14337,5.99,2005-09-19 13:55:37
12852,148,1,12752,4.99,2005-08-10 01:25:37
12853,215,1,13768,5.99,2005-06-12 01:33:37
12854,363,2,9831,1.99,2005-08-05 12:09:37
12855,523,1,15981,3.99,2005-08-09 21:32:37
12856,5,2,10020,2.99,2005-07-23 15:23:37
12857,279,1,13534,7.99,2005-07-05 12:44:37
12858,255,1,7716,3.99,2005-08-01 20:18:37
12859,451,1,6099,3.99,2005-06-05 05:52:37
12860,139,2,768,0.99,2005-06-09 08:51:37
12861,391,1,5568,6.99,2005-07-18 14:38:37
12862,291,2,5254,2.99,2005-09-17 21:56:37
12863,523,2,605,0.99,2005-06-05 16:45:37
12864,211,1,13661,4.99,2005-07-11 23:43:37
12865,320,2,12705,2.99,2005-06-13 09:16:37
12866,42,1,11060,1.99,2005-06-16 03:46:37
12867,307,1,1908,1.99,2005-07-04 09:51:37
12868,170,1,15142,0.99,2005-08-13 13:47:37
12869,593,1,4039,0.99,2005-08-11 09:27:37
12870,584,2,586,8.99,2005-07-30 04:18:37
12871,229,1,15214,9.99,2005-08-01 11:20:37
12872,115,2,4278,0.99,2005-08-05 07:44:37
12873,471,2,3120,4.99,2005-08-28 22:34:37
12874,383,1,915,5.99,2005-08-25 19:02:37
12875,310,1,5322,7.99,2005-06-25 01:24:37
12876,397,2,1716,1.99,2005-06-06 23:17:37
12877,458,2,15911,0.99,2005-05-30 03:41:37
12878,412,2,5043,7.99,2005-06-19 05:14:37
12879,546,2,6045,7.99,2005-08-14 19:10:37
12880,390,2,4475,3.99,2005-07-01 19:37:37
12881,511,1,6068,6.99,2005-05-26 18:22:37
12882,272,1,7926,7.99,2005-08-07 20:19:37
12883,144,1,673,0.99,2005-09-03 15:15:37
12884,63,2,5089,4.99,2005-06-12 13:36:37
12885,31,2,11388,7.99,2005-07-07 13:20:37
12886,453,2,958,1.99,2005-07-17 07:57:37
12887,495,2,1061,0.99,2005-09-18 07:54:37
12888,550,1,4509,4.99,2005-06-16 20:14:37
12889,214,1,4041,8.99,2005-06-14 05:54:37
12890,212,2,74,2.99,2005-06-29 10:59:37
12891,49,2,14018,4.99,2005-06-29 18:46:37
12892,508,1,5990,2.99,2005-06-28 03:37:37
12893,285,1,3947,1.99,2005-08-16 13:53:37
12894,525,2,5192,2.99,2005-06-06 12:58:37
12895,60,1,12905,6.99,2005-09-05 10:20:37
12896,153,1,1219,8.99,2005-06-03 23:00:37
12897,486,2,10512,8.99,2005-06-01 18:22:37
12898,213,2,1419,5.99,2005-09-11 13:42:37
12899,105,2,1978,1.99,2005-06-23 07:14:37
12900,114,2,8623,4.99,2005-08-27 18:43:37
12901,13,1,4376,6.99,2005-08-08 08:33:37
12902,557,2,6319,0.99,2005-08-29 02:14:37
12903,182,2,1171,9.99,2005-09-04 02:34:37
12904,514,2,11362,8.99,2005-08-14 06:07:37
12905,186,1,7316,2.99,2005-09-20 02:50:37
12906,353,2,15745,2.99,2005-06-18 14:44:37
12907,529,2,2275,4.99,2005-06-19 12:23:37
12908,512,1,7781,9.99,2005-08-13 14:39:37
12909,131,2,12355,9.99,2005-06-09 22:07:37
12910,330,2,12278,8.99,2005-09-15 21:12:37
12911,540,1,10430,6.99,2005-07-24 08:28:37
12912,134,2,6274,4.99,2005-08-25 04:57:37
12913,392,2,5400,3.99,2005-07-26 15:52:37
12914,151,1,5475,0.99,2005-08-18 01:49:37
12915,475,1,10255,2.99,2005-08-05 16:27:37
12916,224,2,4960,1.99,2005-06-30 16:29:37
12917,598,1,7925,3.99,2005-08-18 15:23:37
12918,580,1,8096,4.99,2005-06-22 20:08:37
12919,528,1,8989,7.99,2005-06-20 02:55:37
12920,114,2,3037,1.99,2005-07-31 23:46:37
12921,82,1,2093,2.99,2005-09-20 20:45:37
12922,499,2,11280,9.99,2005-07-19 22:19:37
12923,568,1,13520,3.99,2005-09-02 18:59:37
12924,316,2,6178,0.99,2005-07-30 01:18:37
12925,376,1,3415,1.99,2005-08-13 02:19:37
12926,241,1,3441,2.99,2005-09-18 20:32:37
12927,277,2,12928,7.99,2005-06-20 01:44:37
12928,370,1,12851,7.99,2005-06-19 06:06:37
12929,167,2,1868,4.99,2005-08-31 21:42:37
12930,326,1,13443,8.99,2005-09-01 11:02:37
12931,456,2,1602,8.99,2005-09-11 21:33:37
12932,535,2,5535,3.99,2005-09-18 00:30:37
12933,574,1,6669,4.99,2005-09-02 16:37:37
12934,377,1,13163,1.99,2005-09-18 08:25:37
12935,220,2,15212,3.99,2005-08-08 04:21:37
12936,431,2,13960,2.99,2005-07-06 00:53:37
12937,100,2,1679,8.99,2005-09-08 16:05:37
12938,47,1,5465,9.99,2005-08-26 21:37:37
12939,318,1,11412,9.99,2005-08-05 15:01:37
12940,367,1,15050,3.99,2005-09-07 14:44:37
12941,426,2,2703,4.99,2005-08-15 04:57:37
12942,196,2,4697,0.99,2005-08-11 19:47:37
12943,327,2,6539,8.99,2005-06-27 04:41:37
12944,253,1,5393,7.99,2005-07-13 08:03:37
12945,225,1,8276,0.99,2005-05-30 19:52:37
12946,526,1,8050,0.99,2005-08-17 03:42:37
12947,338,1,14161,9.99,2005-08-31 16:33:37
12948,473,2,8087,5.99,2005-07-15 12:47:37
12949,232,2,11928,2.99,2005-09-08 09:27:37
12950,329,2,1054,6.99,2005-09-22 10:10:37
12951,261,2,11885,5.99,2005-06-01 11:21:37
12952,444,1,12649,5.99,2005-08-08 23:05:37
12953,382,1,6564,6.99,2005-06-29 12:59:37
12954,204,2,13197,8.99,2005-08-25 17:30:37
12955,385,2,5589,8.99,2005-07-02 20:51:37
12956,375,2,226,3.99,2005-06-02 22:08:37
12957,227,2,11040,2.99,2005-07-14 20:24:37
12958,459,2,15904,6.99,2005-09-03 15:35:37
12959,89,2,12372,2.99,2005-08-22 07:35:37
12960,382,1,12274,3.99,2005-06-05 16:30:37
12961,149,1,3882,2.99,2005-08-12 08:27:37
12962,482,1,9068,3.99,2005-09-09 14:22:37
12963,97,1,2043,4.99,2005-06-20 17:58:37
12964,507,1,1256,3.99,2005-08-05 01:14:37
12965,309,2,15045,3.99,2005-06-11 09:00:37
12966,157,2,7511,1.99,2005-07-04 14:50:37
12967,470,1,15253,8.99,2005-08-22 16:58:37
12968,50,2,13440,8.99,2005-09-19 23:54:37
12969,92,1,14344,0.99,2005-06-29 16:47:37
12970,127,2,287,7.99,2005-06-18 20:23:37
12971,365,2,4463,8.99,2005-06-08 14:33:37
12972,23,1,7779,8.99,2005-07-03 17:55:37
12973,171,1,7219,1.99,2005-07-08 13:36:37
12974,351,2,2157,0.99,2005-09-12 13:04:37
12975,347,2,1586,5.99,2005-09-07 00:58:37
12976,587,2,15948,8.99,2005-07-12 19:36:37
12977,22,1,3452,9.99,2005-09-18 08:25:37
12978,316,2,9426,8.99,2005-06-24 05:31:37
12979,51,1,13503,2.99,2005-06-03 22:57:37
12980,117,1,4861,4.99,2005-08-17 09:48:37
12981,324,1,5013,9.99,2005-08-27 11:02:37
12982,99,2,1124,9.99,2005-06-19 02:33:37
12983,219,2,11386,6.99,2005-08-28 22:23:37
12984,250,1,10308,3.99,2005-09-06 03:20:37
12985,14,2,8126,2.99,2005-09-11 02:29:37
12986,68,1,13904,4.99,2005-08-29 23:25:37
12987,135,2,3905,8.99,2005-09-03 21:19:37
12988,524,2,13608,9.99,2005-07-24 20:37:37
12989,182,2,10302,9.99,2005-07-05 03:38:37
12990,5,2,11235,2.99,2005-05-28 12:45:37
12991,142,2,2244,9.99,2005-09-21 10:41:37
12992,229,1,7157,0.99,2005-06-24 11:38:37
12993,192,2,5827,3.99,2005-06-19 08:18:37
12994,363,1,8944,4.99,2005-08-26 05:43:37
12995,125,2,9279,8.99,2005-07-06 01:08:37
12996,450,2,14553,5.99,2005-07-18 10:25:37
12997,163,1,14562,0.99,2005-08-18 11:11:37
12998,543,1,14494,8.99,2005-06-18 22:07:37
12999,371,2,8614,2.99,2005-06-18 10:40:37
13000,513,2,3137,9.99,2005-07-17 00:04:37
13001,570,1,14009,7.99,2005-09-15 08:50:37
13002,18,2,5891,0.99,2005-08-28 23:48:37
13003,124,2,15935,1.99,2005-06-09 11:37:37
13004,76,1,4927,2.99,2005-09-19 05:54:37
13005,197,2,2959,2.99,2005-07-22 14:27:37
13006,528,1,910,2.99,2005-07-31 19:05:37
13007,559,1,2373,4.99,2005-07-18 08:08:37
13008,116,1,12247,3.99,2005-07-24 22:19:37
13009,52,2,8339,9.99,2005-06-11 10:12:37
13010,562,1,12939,3.99,2005-07-13 19:49:37
13011,387,2,13933,5.99,2005-08-19 00:41:37
13012,121,1,13411,5.99,2005-09-09 05:38:37
13013,306,1,15388,9.99,2005-08-15 15:17:37
13014,279,2,4889,4.99,2005-07-10 09:29:37
13015,592,1,1725,0.99,2005-07-27 19:02:37
13016,160,2,11703,7.99,2005-09-11 03:23:37
13017,244,2,7270,2.99,2005-06-13 00:55:37
13018,457,2,5170,7.99,2005-06-20 23:40:37
13019,240,2,2401,3.99,2005-08-11 15:42:37
13020,490,2,7722,3.99,2005-07-18 01:44:37
13021,316,1,3002,7.99,2005-07-25 08:33:37
13022,511,2,2696,2.99,2005-07-04 00:43:37
13023,296,2,4922,3.99,2005-08-29 20:21:37
13024,199,2,7382,2.99,2005-07-17 04:05:37
13025,573,2,14405,7.99,2005-09-20 15:44:37
13026,371,1,15085,7.99,2005-08-08 14:02:37
13027,427,2,1764,3.99,2005-08-10 10:49:37
13028,565,1,827,6.99,2005-06-20 20:41:37
13029,390,2,8733,0.99,2005-06-22 23:23:37
13030,527,1,8159,3.99,2005-07-11 11:22:37
13031,390,1,9474,1.99,2005-06-23 19:07:37
13032,359,1,14693,8.99,2005-08-15 17:30:37
13033,478,2,1102,7.99,2005-08-30 12:28:37
13034,245,1,10382,3.99,2005-08-13 03:19:37
13035,427,2,15721,2.99,2005-09-22 21:47:37
13036,484,1,7576,9.99,2005-06-01 00:33:37
13037,226,2,4307,5.99,2005-06-19 08:34:37
13038,254,1,9464,5.99,2005-09-17 08:44:37
13039,582,2,12679,5.99,2005-08-15 06:23:37
13040,449,2,8840,6.99,2005-09-02 05:29:37
13041,231,2,12544,7.99,2005-07-21 08:31:37
13042,460,1,13309,4.99,2005-08-26 04:47:37
13043,97,1,10801,0.99,2005-07-29 13:20:37
13044,311,2,6208,3.99,2005-08-28 15:07:37
13045,415,2,13943,3.99,2005-06-13 13:32:37
13046,506,2,13272,4.99,2005-09-22 16:42:37
13047,339,2,2183,9.99,2005-05-30 02:05:37
13048,328,2,10191,2.99,2005-08-13 15:22:37
13049,548,1,5804,6.99,2005-08-23 20:34:37
13050,397,2,1103,5.99,2005-08-12 16:49:37
13051,349,2,9079,5.99,2005-09-04 03:27:37
13052,432,1,7713,7.99,2005-08-01 11:38:37
13053,503,1,1674,4.99,2005-09-15 16:25:37
13054,248,1,12961,2.99,2005-08-30 15:24:37
13055,1,1,4930,3.99,2005-07-06 18:27:37
13056,20,1,11771,8.99,2005-07-27 08:41:37
13057,87,2,14827,1.99,2005-07-08 10:19:37
13058,436,2,1651,7.99,2005-06-03 20:40:37
13059,228,2,4890,0.99,2005-07-25 13:13:37
13060,110,1,5967,2.99,2005-08-26 16:18:37
13061,99,1,10713,4.99,2005-06-26 04:46:37
13062,351,2,903,4.99,2005-06-18 12:46:37
13063,62,1,10655,2.99,2005-09-09 07:09:37
13064,187,1,12762,0.99,2005-09-06 23:27:37
13065,424,2,15553,5.99,2005-08-23 12:03:37
13066,356,1,4711,8.99,2005-08-13 09:17:37
13067,524,1,9447,3.99,2005-09-19 21:34:37
13068,581,2,15141,8.99,2005-07-10 15:21:37
13069,565,2,6568,3.99,2005-06-25 19:22:37
13070,199,1,13693,4.99,2005-06-03 05:00:37
13071,461,1,7229,2.99,2005-09-11 07:56:37
13072,109,1,11360,8.99,2005-05-29 09:14:37
13073,506,1,11213,3.99,2005-09-06 05:09:37
13074,338,2,6904,3.99,2005-08-05 10:02:37
13075,97,2,13646,8.99,2005-08-23 00:42:37
13076,203,1,10695,4.99,2005-06-30 21:15:37
13077,399,2,7921,2.99,2005-07-15 14:59:37
13078,37,1,1542,2.99,2005-05-26 07:42:37
13079,292,1,13389,3.99,2005-09-16 08:31:37
13080,283,2,16019,2.99,2005-07-02 00:00:37
13081,319,1,13908,5.99,2005-06-30 09:23:37
13082,110,2,2461,1.99,2005-08-27 12:36:37
13083,348,2,11040,7.99,2005-08-20 11:21:37
13084,284,2,3005,3.99,2005-07-28 04:41:37
13085,506,1,15218,1.99,2005-08-06 11:01:37
13086,74,1,10510,7.99,2005-09-19 18:48:37
13087,51,2,2270,1.99,2005-09-04 10:23:37
13088,62,1,8920,5.99,2005-07-30 02:33:37
13089,120,2,3068,7.99,2005-06-12 03:50:37
13090,265,1,699,1.99,2005-06-04 00:57:37
13091,315,1,377,7.99,2005-08-16 00:53:37
13092,91,1,3358,6.99,2005-09-01 19:14:37
13093,111,1,8409,0.99,2005-07-03 23:25:37
13094,330,1,15071,8.99,2005-08-07 11:08:37
13095,286,1,15644,7.99,2005-07-05 22:04:37
13096,167,2,13617,8.99,2005-06-08 03:32:37
13097,380,2,1386,3.99,2005-07-13 01:45:37
13098,487,2,2006,7.99,2005-06-07 00:28:37
13099,341,1,14878,0.99,2005-08-04 05:10:37
13100,568,1,14799,4.99,2005-09-07 15:24:37
13101,516,2,3147,2.99,2005-08-30 08:24:37
13102,289,2,7956,2.99,2005-07-08 21:09:37
13103,347,2,144,2.99,2005-09-11 02:12:37
13104,269,2,12520,5.99,2005-09-13 20:11:37
13105,448,1,13570,5.99,2005-07-16 20:27:37
13106,506,2,8632,3.99,2005-08-13 12:35:37
13107,139,1,13994,2.99,2005-07-07 11:52:37
13108,231,2,3751,9.99,2005-07-31 15:54:37
13109,452,1,11062,8.99,2005-07-24 17:14:37
13110,413,2,10910,9.99,2005-05-30 05:14:37
13111,552,1,15081,2.99,2005-07-30 01:43:37
13112,294,2,4941,5.99,2005-07-08 18:51:37
13113,151,2,8831,8.99,2005-06-12 23:35:37
13114,308,2,6880,1.99,2005-09-02 20:02:37
13115,469,1,4608,3.99,2005-07-01 02:57:37
13116,266,1,11950,0.99,2005-08-03 15:45:37
13117,305,1,5019,1.99,2005-09-12 19:56:37
13118,23,1,888,8.99,2005-06-15 02:54:37
13119,373,2,1065,7.99,2005-06-27 04:12:37
13120,429,1,3829,0.99,2005-08-16 09:18:37
13121,191,2,13746,5.99,2005-07-06 06:30:37
13122,280,1,500,9.99,2005-09-20 14:14:37
13123,38,1,6988,1.99,2005-09-21 13:19:37
13124,469,2,4900,3.99,2005-07-27 01:17:37
13125,217,1,1108,2.99,2005-07-21 03:13:37
13126,195,1,5110,8.99,2005-09-01 20:39:37
13127,237,1,12790,2.99,2005-08-03 11:09:37
13128,473,2,15049,6.99,2005-09-05 11:02:37
13129,77,2,4142,8.99,2005-06-26 16:36:37
13130,26,2,10952,5.99,2005-07-21 12:14:37
13131,20,1,4838,1.99,2005-08-12 02:53:37
13132,386,2,428,9.99,2005-08-04 15:04:37
13133,163,1,8711,6.99,2005-08-10 15:41:37
13134,388,1,16043,5.99,2005-06-16 12:51:37
13135,44,1,12399,0.99,2005-09-16 09:15:37
13136,411,2,8309,1.99,2005-07-03 14:59:37
13137,26,1,14071,6.99,2005-06-04 00:16:37
13138,498,1,14248,8.99,2005-09-04 00:53:37
13139,34,1,10008,4.99,2005-08-07 12:04:37
13140,236,1,13665,6.99,2005-06-22 07:05:37
13141,297,1,6904,3.99,2005-05-30 05:06:37
13142,497,1,13944,1.99,2005-07-27 00:44:37
13143,584,2,4264,1.99,2005-07-09 20:07:37
13144,201,2,11736,7.99,2005-06-08 09:08:37
13145,586,1,486,8.99,2005-08-19 15:50:37
13146,69,1,8221,8.99,2005-09-03 05:43:37
13147,108,2,5589,1.99,2005-07-18 18:55:37
13148,222,2,8777,8.99,2005-07-19 09:39:37
13149,79,2,9819,9.99,2005-08-30 10:21:37
13150,59,2,4222,7.99,2005-07-13 09:21:37
13151,256,2,4800,5.99,2005-08-04 20:39:37
13152,84,1,9717,6.99,2005-08-03 17:06:37
13153,264,1,3,2.99,2005-06-21 16:29:37
13154,455,2,14125,0.99,2005-09-02 20:34:37
13155,549,1,4896,0.99,2005-07-16 01:26:37
13156,499,1,4925,8.99,2005-07-31 12:29:37
13157,190,1,4184,2.99,2005-08-20 17:09:37
13158,213,1,8432,1.99,2005-08-22 09:10:37
13159,511,1,8254,7.99,2005-05-28 12:43:37
13160,179,1,9740,1.99,2005-08-15 03:06:37
13161,142,2,6594,6.99,2005-06-15 10:56:37
13162,536,2,13101,1.99,2005-06-10 22:03:37
13163,493,2,14244,6.99,2005-08-15 18:28:37
13164,497,2,1610,5.99,2005-09-15 05:31:37
13165,423,2,791,0.99,2005-08-02 12:37:37
13166,342,1,7889,5.99,2005-09-09 17:27:37
13167,479,2,10521,8.99,2005-08-12 02:58:37
13168,313,2,7558,9.99,2005-07-12 02:54:37
13169,540,1,2342,2.99,2005-06-21 21:41:37
13170,579,2,847,5.99,2005-07-08 21:45:37
13171,399,1,2187,7.99,2005-05-30 11:31:37
13172,57,1,10246,2.99,2005-06-07 00:41:37
13173,560,2,966,1.99,2005-07-16 05:10:37
13174,482,1,5014,6.99,2005-08-30 06:19:37
13175,558,2,5344,2.99,2005-06-21 17:21:37
13176,194,1,3111,3.99,2005-08-06 21:18:37
13177,519,2,15517,1.99,2005-09-08 11:31:37
13178,114,2,6008,9.99,2005-08-21 02:21:37
13179,31,2,2201,2.99,2005-06-24 15:39:37
13180,505,1,15991,8.99,2005-07-02 19:06:37
13181,146,2,13476,8.99,2005-07-05 08:26:37
13182,503,1,8661,9.99,2005-08-26 07:14:37
13183,366,2,5334,4.99,2005-08-11 10:46:37
13184,307,1,1505,3.99,2005-06-16 02:31:37
13185,121,2,3837,5.99,2005-08-14 22:26:37
13186,76,2,2098,3.99,2005-08-21 09:42:37
13187,287,2,5359,4.99,2005-07-11 21:43:37
13188,208,2,6163,6.99,2005-07-04 20:13:37
13189,485,2,7378,1.99,2005-06-21 09:08:37
13190,225,1,5635,0.99,2005-07-11 06:59:37
13191,255,1,1733,9.99,2005-06-02 12:31:37
13192,276,2,14041,7.99,2005-06-21 07:21:37
13193,184,2,14207,3.99,2005-06-03 16:48:37
13194,473,2,3710,5.99,2005-05-27 00:36:37
13195,178,2,6236,0.99,2005-08-09 05:25:37
13196,278,1,12196,2.99,2005-06-28 03:51:37
13197,591,2,5986,0.99,2005-06-09 05:34:37
13198,267,1,12094,2.99,2005-08-03 16:08:37
13199,318,2,6719,0.99,2005-07-23 09:39:37
13200,466,1,12372,5.99,2005-05-31 10:20:37
13201,347,1,1229,8.99,2005-07-27 11:18:37
13202,52,2,8024,8.99,2005-08-29 12:21:37
13203,310,2,11456,0.99,2005-08-03 18:25:37
13204,240,1,3230,7.99,2005-08-26 15:42:37
13205,59,2,6510,0.99,2005-09-04 17:22:37
13206,204,2,7947,0.99,2005-06-19 07:56:37
13207,12,2,2772,6.99,2005-09-10 18:45:37
13208,511,1,8855,4.99,2005-08-12 08:40:37
13209,470,2,191,7.99,2005-08-28 02:29:37
13210,154,1,13066,9.99,2005-08-31 10:40:37
13211,574,1,15601,3.99,2005-07-18 22:52:37
13212,254,1,1628,8.99,2005-09-08 09:44:37
13213,327,2,9761,2.99,2005-07-02 04:03:37
13214,481,1,5262,4.99,2005-06-23 22:15:37
13215,494,1,11972,0.99,2005-07-03 13:23:37
13216,503,2,1410,1.99,2005-07-16 06:51:37
13217,508,2,13894,9.99,2005-08-11 05:12:37
13218,145,1,11882,4.99,2005-06-30 01:39:37
13219,441,2,15341,2.99,2005-05-29 02:05:37
13220,402,1,12697,5.99,2005-09-06 20:12:37
13221,165,2,205,8.99,2005-09-09 16:27:37
13222,344,1,8335,5.99,2005-08-19 13:05:37
13223,92,1,9446,0.99,2005-07-20 04:36:37
13224,561,1,15710,3.99,2005-06-16 05:40:37
13225,333,1,5684,7.99,2005-07-11 12:27:37
13226,411,2,9745,4.99,2005-07-15 15:39:37
13227,110,1,9860,3.99,2005-08-01 12:01:37
13228,210,1,8316,4.99,2005-08-08 01:50:37
13229,233,1,7948,7.99,2005-07-17 05:31:37
13230,232,1,13174,3.99,2005-05-31 01:58:37
13231,167,2,9979,0.99,2005-07-30 10:15:37
13232,417,1,1244,6.99,2005-08-24 02:42:37
13233,523,2,5988,7.99,2005-07-13 02:47:37
13234,416,1,11230,9.99,2005-07-15 15:17:37
13235,163,2,15883,5.99,2005-07-12 12:34:37
13236,133,2,5875,0.99,2005-08-14 02:11:37
13237,401,1,1544,6.99,2005-06-09 07:00:37
13238,198,1,8848,6.99,2005-09-21 16:05:37
13239,521,2,717,1.99,2005-08-30 09:55:37
13240,343,1,1447,3.99,2005-08-06 15:09:37
13241,563,1,11206,7.99,2005-05-30 01:31:37
13242,416,2,4950,3.99,2005-07-04 18:26:37
13243,207,1,14094,4.99,2005-09-08 22:51:37
13244,584,1,15398,8.99,2005-08-09 17:35:37
13245,198,1,5353,5.99,2005-08-16 07:53:37
13246,265,2,14509,9.99,2005-08-02 00:40:37
13247,191,2,13078,4.99,2005-08-14 22:43:37
13248,389,1,15147,7.99,2005-08-11 19:27:37
13249,411,2,14006,4.99,2005-07-05 09:51:37
13250,359,2,12661,6.99,2005-07-15 01:24:37
13251,351,2,7319,3.99,2005-09-14 16:09:37
13252,351,1,6466,9.99,2005-08-29 08:10:37
13253,476,1,12592,0.99,2005-08-01 22:15:37
13254,69,1,8662,2.99,2005-08-10 07:13:37
13255,457,1,12983,2.99,2005-09-14 18:33:37
13256,143,1,6654,7.99,2005-06-08 18:36:37
13257,356,1,7356,5.99,2005-06-01 04:18:37
13258,351,1,9974,8.99,2005-06-09 14:58:37
13259,565,2,1243,2.99,2005-07-09 10:19:37
13260,72,2,11078,8.99,2005-07-31 02:03:37
13261,541,1,5084,4.99,2005-06-08 03:01:37
13262,337,1,11101,5.99,2005-06-10 09:40:37
13263,13,1,6606,8.99,2005-06-15 01:47:37
13264,343,1,6688,7.99,2005-07-09 17:58:37
13265,525,2,10957,5.99,2005-06-01 17:11:37
13266,380,1,6521,0.99,2005-07-24 09:52:37
13267,501,1,11607,2.99,2005-05-28 02:35:37
13268,244,1,971,3.99,2005-05-28 17:49:37
13269,20,2,11028,7.99,2005-07-09 13:11:37
13270,188,1,1149,0.99,2005-08-14 22:53:37
13271,529,1,12616,6.99,2005-08-11 09:14:37
13272,571,2,8332,3.99,2005-08-09 20:58:37
13273,294,2,1994,0.99,2005-09-21 20:06:37
13274,243,2,4379,1.99,2005-09-12 04:01:37
13275,226,2,2776,3.99,2005-06-13 05:01:37
13276,164,1,11271,3.99,2005-07-07 01:34:37
13277,124,1,6177,7.99,2005-08-13 17:19:37
13278,232,2,398,6.99,2005-06-11 05:58:37
13279,172,2,9013,7.99,2005-06-20 17:04:37
13280,25,1,131,4.99,2005-08-14 09:42:37
13281,209,1,10514,6.99,2005-08-25 23:41:37
13282,331,2,5852,2.99,2005-07-23 04:29:37
13283,423,1,10623,0.99,2005-09-13 13:29:37
13284,456,1,10402,1.99,2005-07-09 23:39:37
13285,493,1,4469,9.99,2005-06-27 01:32:37
13286,315,1,797,3.99,2005-06-26 18:14:37
13287,375,1,7960,7.99,2005-07-27 01:50:37
13288,119,1,7296,7.99,2005-09-11 17:05:37
13289,169,1,8088,3.99,2005-05-26 12:13:37
13290,307,1,3884,2.99,2005-06-05 09:40:37
13291,467,2,10258,6.99,2005-08-25 17:38:37
13292,566,1,6357,8.99,2005-09-14 07:07:37
13293,19,2,4039,3.99,2005-07-09 21:44:37
13294,218,2,15977,2.99,2005-06-23 11:36:37
13295,67,1,8396,4.99,2005-08-09 14:55:37
13296,440,2,1425,1.99,2005-09-20 21:50:37
13297,512,1,8379,0.99,2005-06-18 13:58:37
13298,158,2,13558,7.99,2005-07-25 09:54:37
13299,41,2,6497,5.99,2005-06-23 12:19:37
13300,538,2,6915,2.99,2005-08-14 15:47:37
13301,6,1,3718,4.99,2005-09-23 09:00:37
13302,263,1,2547,0.99,2005-09-11 03:20:37
13303,158,2,11555,1.99,2005-06-21 12:10:37
13304,103,2,9904,7.99,2005-07-17 00:27:37
13305,141,1,12936,5.99,2005-09-11 15:45:37
13306,496,2,4899,5.99,2005-05-29 09:07:37
13307,102,1,7640,3.99,2005-07-11 11:08:37
13308,117,2,2473,4.99,2005-06-19 03:20:37
13309,287,2,10814,5.99,2005-07-13 00:42:37
13310,229,1,8153,9.99,2005-07-19 01:56:37
13311,39,1,10128,1.99,2005-06-05 11:30:37
13312,263,1,6143,0.99,2005-07-26 18:32:37
13313,228,2,1394,7.99,2005-07-30 21:50:37
13314,599,2,14982,6.99,2005-07-07 22:17:37
13315,536,2,5598,9.99,2005-07-11 15:37:37
13316,178,2,4037,1.99,2005-08-05 07:32:37
13317,284,1,8412,8.99,2005-06-21 14:30:37
13318,420,1,4762,8.99,2005-06-15 13:33:37
13319,470,2,9161,7.99,2005-08-06 17:02:37
13320,104,1,1718,1.99,2005-06-10 08:35:37
13321,78,2,9556,9.99,2005-08-03 19:01:37
13322,204,1,11906,1.99,2005-06-26 05:41:37
13323,328,1,628,2.99,2005-06-07 13:00:37
13324,495,2,5900,9.99,2005-08-08 22:48:37
13325,154,1,12076,1.99,2005-06-25 10:04:37
13326,351,2,15034,5.99,2005-08-27 23:56:37
13327,173,2,9784,3.99,2005-07-15 20:07:37
13328,589,1,14718,0.99,2005-09-05 00:48:37
13329,93,1,15711,9.99,2005-08-30 16:34:37
13330,595,2,371,0.99,2005-09-08 02:27:37
13331,211,1,9913,3.99,2005-07-27 13:02:37
13332,511,2,10176,1.99,2005-06-12 03:46:37
13333,210,2,1461,4.99,2005-07-05 17:55:37
13334,284,2,10166,9.99,2005-07-02 19:47:37
13335,503,2,5371,5.99,2005-08-22 03:07:37
13336,579,1,10991,3.99,2005-07-25 05:48:37
13337,282,1,12322,6.99,2005-07-31 07:08:37
13338,93,2,9744,5.99,2005-07-08 00:22:37
13339,87,2,5728,2.99,2005-08-18 16:30:37
13340,103,1,10182,4.99,2005-05-27 02:53:37
13341,321,1,1315,8.99,2005-07-24 14:30:37
13342,368,2,4973,7.99,2005-07-31 03:11:37
13343,393,2,551,3.99,2005-06-11 06:19:37
13344,189,1,1837,7.99,2005-07-27 17:47:37
13345,28,1,3895,5.99,2005-06-13 18:07:37
13346,316,2,10958,8.99,2005-07-13 08:01:37
13347,72,1,7143,1.99,2005-08-04 19:00:37
13348,343,2,754,8.99,2005-09-10 00:43:37
13349,47,2,755,9.99,2005-09-04 04:04:37
13350,439,1,3540,3.99,2005-07-11 12:37:37
13351,122,1,8298,7.99,2005-09-08 17:41:37
13352,169,2,10231,9.99,2005-09-19 05:58:37
13353,320,1,10753,2.99,2005-08-17 20:56:37
13354,335,2,14109,5.99,2005-06-15 10:53:37
13355,587,1,12326,1.99,2005-06-25 20:52:37
13356,150,2,2211,0.99,2005-06-26 12:17:37
13357,179,1,646,8.99,2005-09-13 13:41:37
13358,522,2,1860,6.99,2005-08-14 04:08:37
13359,429,2,2757,7.99,2005-07-04 06:48:37
13360,267,2,11864,7.99,2005-07-11 13:47:37
13361,399,2,4182,4.99,2005-07-10 02:45:37
13362,136,2,11048,2.99,2005-09-07 15:36:37
13363,404,2,8030,5.99,2005-08-19 05:02:37
13364,535,2,4858,9.99,2005-06-19 23:21:37
13365,324,1,2749,5.99,2005-09-22 08:42:37
13366,11,2,4336,2.99,2005-05-28 20:59:37
13367,479,1,7411,4.99,2005-08-08 16:16:37
13368,131,1,1800,6.99,2005-07-10 06:16:37
13369,340,2,7683,1.99,2005-06-12 21:11:37
13370,323,2,11539,8.99,2005-06-27 09:09:37
13371,478,1,4746,6.99,2005-07-05 12:35:37
13372,290,2,7883,5.99,2005-06-30 12:49:37
13373,38,1,13508,6.99,2005-06-13 21:57:37
13374,538,2,2170,8.99,2005-09-21 06:45:37
13375,579,2,9226,3.99,2005-06-29 13:55:37
13376,6,2,122,0.99,2005-08-19 03:35:37
13377,71,2,9134,8.99,2005-07-03 19:58:37
13378,275,2,4297,1.99,2005-07-21 16:23:37
13379,263,1,12920,3.99,2005-06-24 07:01:37
13380,59,2,3852,0.99,2005-09-20 08:33:37
13381,146,2,9235,4.99,2005-08-23 20:16:37
13382,482,2,337,6.99,2005-07-18 06:00:37
13383,519,1,3903,8.99,2005-09-13 00:04:37
13384,393,1,10817,4.99,2005-09-05 00:31:37
13385,43,1,13461,3.99,2005-07-19 21:42:37
13386,26,2,10409,7.99,2005-09-03 14:08:37
13387,357,2,11348,8.99,2005-05-30 11:43:37
13388,365,2,3138,0.99,2005-07-10 23:05:37
13389,379,2,15968,9.99,2005-08-30 06:13:37
13390,142,1,4826,9.99,2005-07-07 19:19:37
13391,369,2,1557,0.99,2005-07-13 09:33:37
13392,251,2,10592,7.99,2005-08-01 05:57:37
13393,200,2,4746,0.99,2005-09-16 02:54:37
13394,474,2,13124,0.99,2005-07-08 08:51:37
13395,361,1,13238,6.99,2005-08-19 21:29:37
13396,241,1,15819,9.99,2005-07-30 23:42:37
13397,560,1,1672,2.99,2005-09-20 18:24:37
13398,323,1,14448,4.99,2005-08-13 21:19:37
13399,564,1,587,0.99,2005-05-29 04:18:37
13400,336,2,1774,8.99,2005-07-09 23:25:37
13401,327,1,1538,3.99,2005-06-06 16:21:37
13402,191,2,12736,3.99,2005-08-09 21:33:37
13403,241,2,4292,0.99,2005-09-22 15:57:37
13404,491,2,15070,5.99,2005-09-01 20:52:37
13405,300,2,6431,5.99,2005-08-31 11:29:37
13406,417,2,471,5.99,2005-06-20 11:07:37
13407,339,1,10588,4.99,2005-06-25 05:39:37
13408,546,2,12660,3.99,2005-06-30 23:13:37
13409,216,1,14044,2.99,2005-08-29 23:19:37
13410,432,1,12573,8.99,2005-07-21 13:12:37
13411,72,1,7887,7.99,2005-06-19 07:45:37
13412,424,1,1858,5.99,2005-08-11 17:05:37
13413,91,2,3559,5.99,2005-07-25 17:50:37
13414,389,1,4505,4.99,2005-07-23 07:20:37
13415,510,2,9158,7.99,2005-08-15 22:17:37
13416,363,1,9519,0.99,2005-08-09 23:09:37
13417,526,2,11352,1.99,2005-06-26 17:04:37
13418,468,2,5214,9.99,2005-08-30 19:58:37
13419,51,1,5912,7.99,2005-05-29 21:21:37
13420,242,2,12873,9.99,2005-08-26 07:02:37
13421,189,2,6559,8.99,2005-08-30 04:16:37
13422,237,2,4218,2.99,2005-08-02 17:34:37
13423,189,1,12784,8.99,2005-06-03 19:01:37
13424,52,1,6090,5.99,2005-06-02 06:58:37
13425,129,2,3031,5.99,2005-07-16 11:58:37
13426,560,2,1578,0.99,2005-08-17 04:11:37
13427,382,1,7978,4.99,2005-06-11 05:35:37
13428,180,1,1339,6.99,2005-07-22 11:43:37
13429,242,1,4490,7.99,2005-09-08 18:40:37
13430,401,1,11476,1.99,2005-06-25 01:52:37
13431,198,2,14053,3.99,2005-08-08 06:56:37
13432,72,2,2184,9.99,2005-05-26 21:24:37
13433,539,1,13183,9.99,2005-09-22 17:01:37
13434,532,2,4331,8.99,2005-07-13 00:28:37
13435,19,2,5052,8.99,2005-06-17 04:28:37
13436,184,1,4687,8.99,2005-06-18 05:47:37
13437,88,1,12930,8.99,2005-09-12 18:16:37
13438,581,2,3111,2.99,2005-07-08 07:56:37
13439,528,2,9360,2.99,2005-07-02 22:35:37
13440,61,2,755,8.99,2005-08-16 10:05:37
13441,538,2,1436,8.99,2005-07-19 17:14:37
13442,405,1,14950,4.99,2005-06-23 15:33:37
13443,533,1,10099,8.99,2005-09-05 23:55:37
13444,361,2,10372,8.99,2005-06-30 15:32:37
13445,194,2,838,2.99,2005-07-02 15:34:37
13446,219,1,7170,9.99,2005-08-07 03:42:37
13447,86,2,11598,0.99,2005-06-27 11:42:37
13448,420,1,16030,8.99,2005-07-14 14:47:37
13449,492,1,14974,1.99,2005-05-31 03:51:37
13450,423,2,4144,9.99,2005-05-29 11:01:37
13451,10,1,14798,2.99,2005-09-01 16:57:37
13452,35,2,12773,0.99,2005-06-15 08:07:37
13453,205,1,6606,8.99,2005-05-27 06:02:37
13454,397,2,11854,5.99,2005-05-27 07:56:37
13455,463,1,2403,2.99,2005-05-29 04:11:37
13456,141,1,9189,5.99,2005-09-17 08:15:37
13457,312,1,2294,8.99,2005-09-06 04:51:37
13458,496,2,429,0.99,2005-06-21 10:51:37
13459,401,1,11087,8.99,2005-07-08 11:47:37
13460,275,2,12291,1.99,2005-06-12 09:36:37
13461,585,2,4890,0.99,2005-09-16 05:38:37
13462,226,2,10949,1.99,2005-06-08 13:26:37
13463,371,1,3833,8.99,2005-08-18 19:03:37
13464,536,2,12517,5.99,2005-08-31 22:33:37
13465,295,1,11803,7.99,2005-08-28 18:21:37
13466,5,2,15208,2.99,2005-06-18 16:47:37
13467,353,1,10666,2.99,2005-09-16 20:20:37
13468,314,2,5241,4.99,2005-08-06 23:34:37
13469,574,2,7895,1.99,2005-06-30 13:23:37
13470,132,2,7019,3.99,2005-08-31 14:06:37
13471,241,1,8549,5.99,2005-06-07 17:48:37
13472,523,1,5287,8.99,2005-06-10 17:28:37
13473,510,1,4384,1.99,2005-08-20 05:33:37
13474,119,1,2519,8.99,2005-06-09 20:52:37
13475,38,1,14653,1.99,2005-06-23 16:37:37
13476,142,2,14976,4.99,2005-06-27 05:35:37
13477,246,1,4179,1.99,2005-09-07 09:52:37
13478,323,1,2421,0.99,2005-07-04 00:42:37
13479,501,1,9730,9.99,2005-09-07 10:18:37
13480,532,1,11681,8.99,2005-09-22 08:06:37
13481,369,1,11013,4.99,2005-09-22 11:17:37
13482,176,2,11822,2.99,2005-07-24 11:01:37
13483,38,2,609,9.99,2005-08-15 09:54:37
13484,251,1,8202,4.99,2005-09-03 18:01:37
13485,448,2,4311,8.99,2005-06-03 06:25:37
13486,494,1,10379,3.99,2005-08-04 21:02:37
13487,288,2,11457,3.99,2005-09-15 18:19:37
13488,392,2,15686,3.99,2005-09-14 16:41:37
13489,8,1,798,1.99,2005-08-16 18:02:37
13490,219,1,6358,4.99,2005-06-24 01:44:37
13491,179,1,9284,0.99,2005-07-25 08:26:37
13492,274,2,383,9.99,2005-09-22 03:35:37
13493,505,1,8895,1.99,2005-07-30 05:18:37
13494,174,2,3019,9.99,2005-06-13 10:36:37
13495,241,1,15414,6.99,2005-08-16 01:51:37
13496,180,1,3906,4.99,2005-07-06 18:03:37
13497,227,1,3958,7.99,2005-08-01 22:01:37
13498,107,2,4331,7.99,2005-09-07 21:30:37
13499,476,1,2783,3.99,2005-09-07 06:33:37
13500,288,1,3367,3.99,2005-06-08 05:02:37
13501,535,1,11601,1.99,2005-07-20 18:24:37
13502,343,2,3141,5.99,2005-07-30 01:43:37
13503,286,2,15917,8.99,2005-06-13 20:00:37
13504,6,1,1107,4.99,2005-07-16 23:23:37
13505,577,1,6506,4.99,2005-08-20 10:47:37
13506,319,2,8211,4.99,2005-06-14 13:43:37
13507,270,2,12448,3.99,2005-06-22 06:30:37
13508,224,1,7882,9.99,2005-07-11 12:23:37
13509,145,2,11227,0.99,2005-08-24 12:06:37
13510,542,2,1906,8.99,2005-08-08 10:26:37
13511,87,1,6431,9.99,2005-06-24 18:03:37
13512,56,1,2673,2.99,2005-08-14 09:05:37
13513,491,2,8156,3.99,2005-09-15 20:47:37
13514,535,2,6039,4.99,2005-06-05 02:02:37
13515,113,2,8019,6.99,2005-09-09 12:43:37
13516,442,1,15459,1.99,2005-08-24 18:38:37
13517,217,2,13280,0.99,2005-06-08 11:35:37
13518,525,2,7944,6.99,2005-07-30 02:45:37
13519,401,1,9200,1.99,2005-08-13 12:24:37
13520,381,2,9458,7.99,2005-09-03 19:34:37
13521,494,2,3027,1.99,2005-06-03 15:01:37
13522,168,2,5234,9.99,2005-08-05 22:48:37
13523,28,1,15093,3.99,2005-07-13 10:34:37
13524,40,1,15638,0.99,2005-07-01 17:13:37
13525,519,1,5015,2.99,2005-08-12 11:33:37
13526,40,1,7857,4.99,2005-07-27 04:53:37
13527,285,1,3159,0.99,2005-08-01 02:05:37
13528,397,2,6758,4.99,2005-07-10 12:15:37
13529,93,1,1572,7.99,2005-09-11 06:54:37
13530,186,1,11038,9.99,2005-07-19 18:28:37
13531,419,1,14349,8.99,2005-06-26 04:05:37
13532,86,2,226,7.99,2005-08-11 14:42:37
13533,354,2,13585,2.99,2005-09-21 19:24:37
13534,56,1,11108,6.99,2005-09-13 10:39:37
13535,140,2,2139,1.99,2005-07-05 02:27:37
13536,119,2,8719,1.99,2005-07-04 15:30:37
13537,262,1,235,2.99,2005-08-14 17:13:37
13538,74,2,10722,4.99,2005-09-18 13:06:37
13539,36,1,4391,3.99,2005-08-18 22:24:37
13540,162,2,10468,3.99,2005-07-27 16:53:37
13541,219,1,2314,6.99,2005-06-10 09:09:37
13542,185,2,5933,2.99,2005-08-25 21:36:37
13543,400,1,10232,3.99,2005-07-29 19:38:37
13544,195,1,12547,6.99,2005-08-22 13:40:37
13545,122,1,14914,1.99,2005-09-19 19:15:37
13546,323,2,12902,8.99,2005-06-15 10:15:37
13547,315,2,1665,9.99,2005-09-21 07:06:37
13548,250,1,15211,9.99,2005-09-08 17:32:37
13549,21,1,477,3.99,2005-08-29 22:36:37
13550,189,1,1563,8.99,2005-06-07 19:37:37
13551,564,2,8518,3.99,2005-07-13 21:18:37
13552,220,2,11149,7.99,2005-07-01 01:17:37
13553,209,2,2486,0.99,2005-06-04 05:00:37
13554,97,2,7280,3.99,2005-07-20 02:42:37
13555,278,1,2159,8.99,2005-07-17 22:58:37
13556,109,1,9981,4.99,2005-09-06 17:10:37
13557,410,1,9982,4.99,2005-09-13 19:28:37
13558,275,2,11446,0.99,2005-08-10 03:16:37
13559,36,1,15921,9.99,2005-08-23 02:24:37
13560,403,2,14390,8.99,2005-06-05 18:39:37
13561,339,2,9854,2.99,2005-07-23 07:58:37
13562,264,2,14166,5.99,2005-07-03 16:30:37
13563,39,1,13254,8.99,2005-09-05 03:37:37
13564,204,2,8400,1.99,2005-08-12 05:30:37
13565,464,2,10136,8.99,2005-05-26 07:23:37
13566,246,1,13310,1.99,2005-08-28 19:07:37
13567,148,1,6611,4.99,2005-07-07 09:06:37
13568,84,1,813,2.99,2005-08-07 12:43:37
13569,541,1,1336,8.99,2005-06-02 23:09:37
13570,64,1,11365,3.99,2005-07-17 14:09:37
13571,193,2,10489,0.99,2005-07-11 23:35:37
13572,312,1,11492,2.99,2005-09-06 21:08:37
13573,392,2,9312,3.99,2005-08-25 04:00:37
13574,6,2,5191,7.99,2005-09-04 09:38:37
13575,515,2,1362,9.99,2005-08-29 10:19:37
13576,45,1,3053,2.99,2005-07-29 14:52:37
13577,587,1,8594,2.99,2005-06-01 11:57:37
13578,402,1,15042,6.99,2005-07-17 14:48:37
13579,150,1,5479,5.99,2005-07-31 10:09:37
13580,245,2,6181,0.99,2005-07-19 07:04:37
13581,111,1,2662,2.99,2005-07-29 13:31:37
13582,228,2,8219,7.99,2005-09-14 03:41:37
13583,345,1,3672,3.99,2005-08-31 00:19:37
13584,40,2,10623,9.99,2005-06-16 05:04:37
13585,441,1,1986,6.99,2005-06-20 07:59:37
13586,442,2,7500,8.99,2005-05-27 18:22:37
13587,325,2,12621,6.99,2005-06-26 23:19:37
13588,290,1,11766,6.99,2005-07-03 05:37:37
13589,325,2,3543,3.99,2005-07-12 22:08:37
13590,382,1,2592,7.99,2005-09-01 04:20:37
13591,226,2,7176,7.99,2005-06-21 10:01:37
13592,12,2,5949,9.99,2005-06-24 04:45:37
13593,596,1,15526,8.99,2005-06-08 19:41:37
13594,161,1,8574,6.99,2005-09-01 17:24:37
13595,265,2,14612,4.99,2005-08-27 10:36:37
13596,237,1,13813,0.99,2005-08-31 02:01:37
13597,377,2,7350,1.99,2005-08-19 21:08:37
13598,598,1,13077,6.99,2005-07-05 02:36:37
13599,309,2,2628,3.99,2005-08-21 02:04:37
13600,150,1,7308,4.99,2005-08-23 15:05:37
13601,63,1,12892,3.99,2005-08-27 04:08:37
13602,238,1,7399,1.99,2005-09-03 17:56:37
13603,259,1,12063,4.99,2005-07-06 12:22:37
13604,224,2,11231,0.99,2005-09-20 09:52:37
13605,234,1,10987,9.99,2005-06-24 13:23:37
13606,53,1,6212,5.99,2005-09-18 22:37:37
13607,502,2,4611,8.99,2005-07-07 15:19:37
13608,219,2,551,3.99,2005-06-12 05:13:37
13609,246,1,3786,8.99,2005-08-21 17:30:37
13610,45,2,2131,5.99,2005-06-21 00:50:37
13611,51,1,14141,3.99,2005-07-29 06:02:37
13612,596,1,2982,6.99,2005-08-31 00:31:37
13613,180,2,9340,1.99,2005-07-03 15:10:37
13614,544,1,12126,2.99,2005-06-19 14:15:37
13615,555,1,4897,1.99,2005-08-04 22:46:37
13616,204,1,91,6.99,2005-09-17 15:54:37
13617,414,1,2993,9.99,2005-08-18 11:16:37
13618,76,2,7696,8.99,2005-07-11 03:40:37
13619,128,1,2429,3.99,2005-08-12 05:34:37
13620,155,2,7611,2.99,2005-06-05 05:27:37
13621,298,2,7944,3.99,2005-09-19 17:43:37
13622,61,2,4976,5.99,2005-06-10 11:18:37
13623,362,2,4009,2.99,2005-08-30 13:37:37
13624,17,2,4600,3.99,2005-07-14 19:55:37
13625,102,2,11314,6.99,2005-06-23 07:07:37
13626,584,2,8379,4.99,2005-07-13 10:36:37
13627,334,2,13149,5.99,2005-08-28 18:09:37
13628,33,1,303,2.99,2005-08-11 07:58:37
13629,433,1,1016,5.99,2005-09-13 06:25:37
13630,514,2,14226,8.99,2005-06-15 16:07:37
13631,504,2,12556,4.99,2005-06-11 11:58:37
13632,8,1,12599,6.99,2005-06-04 05:36:37
13633,293,2,5489,5.99,2005-09-20 14:45:37
13634,465,1,13975,4.99,2005-06-15 16:11:37
13635,142,2,10046,6.99,2005-06-05 11:42:37
13636,298,1,14005,4.99,2005-09-02 11:12:37
13637,445,1,14627,8.99,2005-05-26 06:52:37
13638,551,2,4808,1.99,2005-05-26 20:33:37
13639,161,2,14664,9.99,2005-09-03 06:16:37
13640,321,1,387,9.99,2005-08-25 09:29:37
13641,270,1,1582,1.99,2005-06-14 00:32:37
13642,109,2,10477,1.99,2005-07-08 18:49:37
13643,233,1,6698,0.99,2005-08-11 14:43:37
13644,195,2,8446,9.99,2005-06-22 09:42:37
13645,72,2,13693,2.99,2005-09-12 20:58:37
13646,46,1,576,8.99,2005-09-02 11:35:37
13647,571,1,12838,4.99,2005-07-17 22:38:37
13648,499,2,14445,1.99,2005-08-24 05:37:37
13649,306,2,2704,9.99,2005-08-07 06:33:37
13650,43,2,14733,4.99,2005-09-18 07:48:37
13651,76,1,3668,8.99,2005-06-08 14:52:37
13652,419,2,8366,7.99,2005-07-21 12:47:37
13653,169,2,2319,1.99,2005-08-07 20:03:37
13654,377,2,14785,2.99,2005-06-18 12:22:37
13655,277,2,334,4.99,2005-08-07 07:12:37
13656,135,2,4723,6.99,2005-08-09 06:18:37
13657,507,2,2371,1.99,2005-08-26 06:17:37
13658,508,2,4536,3.99,2005-07-26 04:59:37
13659,309,1,9441,9.99,2005-06-07 22:44:37
13660,506,2,4713,8.99,2005-06-22 00:33:37
13661,169,2,8530,9.99,2005-08-05 06:16:37
13662,132,2,1400,4.99,2005-06-24 14:06:37
13663,65,2,2497,1.99,2005-06-04 17:12:37
13664,219,2,11506,5.99,2005-06-26 00:30:37
13665,88,2,4381,5.99,2005-06-18 05:03:37
13666,554,2,5493,9.99,2005-09-23 04:47:37
13667,320,2,7697,8.99,2005-07-13 02:14:37
13668,457,1,12200,1.99,2005-07-08 20:25:37
13669,87,2,7778,3.99,2005-06-16 05:34:37
13670,551,2,14410,0.99,2005-07-06 12:41:37
13671,592,2,3009,0.99,2005-07-24 22:19:37
13672,123,1,10338,8.99,2005-09-17 17:53:37
13673,429,2,6330,8.99,2005-07-12 03:16:37
13674,561,2,9416,8.99,2005-09-14 17:06:37
13675,412,2,13001,0.99,2005-08-03 01:16:37
13676,195,2,867,8.99,2005-09-14 14:26:37
13677,346,2,7547,2.99,2005-07-27 03:42:37
13678,181,2,3625,9.99,2005-07-12 20:33:37
13679,573,2,4358,5.99,2005-06-17 17:01:37
13680,393,2,13019,3.99,2005-08-20 01:53:37
13681,563,1,15341,4.99,2005-08-02 07:51:37
13682,11,1,9537,4.99,2005-07-28 20:53:37
13683,47,2,1318,1.99,2005-06-12 04:52:37
13684,583,2,4923,7.99,2005-09-07 22:25:37
13685,4,2,13510,8.99,2005-06-04 06:51:37
13686,98,1,8084,8.99,2005-08-02 04:26:37
13687,290,2,2391,6.99,2005-08-30 15:04:37
13688,150,2,3386,5.99,2005-09-08 12:28:37
13689,335,2,11708,6.99,2005-07-14 21:30:37
13690,275,2,9837,4.99,2005-08-05 12:24:37
13691,189,2,5323,5.99,2005-05-29 21:59:37
13692,63,1,1053,0.99,2005-06-29 20:15:37
13693,557,2,3782,1.99,2005-08-28 21:06:37
13694,372,2,2313,1.99,2005-06-25 09:31:37
13695,554,2,3476,2.99,2005-06-08 03:26:37
13696,91,2,15826,8.99,2005-08-04 22:57:37
13697,295,2,10183,1.99,2005-06-05 18:01:37
13698,73,1,4050,8.99,2005-08-09 19:11:37
13699,482,1,6944,7.99,2005-07-24 22:40:37
13700,373,2,13626,1.99,2005-08-16 07:16:37
13701,451,1,5564,1.99,2005-09-12 14:37:37
13702,66,2,318,1.99,2005-08-14 23:18:37
13703,95,2,6492,4.99,2005-07-06 16:50:37
13704,415,2,1122,0.99,2005-05-27 18:22:37
13705,489,2,15194,4.99,2005-07-17 04:52:37
13706,77,2,9738,7.99,2005-06-14 01:11:37
13707,407,1,9979,8.99,2005-09-18 20:57:37
13708,530,1,11268,3.99,2005-08-03 21:33:37
13709,417,1,1768,8.99,2005-09-08 17:47:37
13710,434,1,11942,2.99,2005-08-23 21:31:37
13711,36,2,12255,1.99,2005-08-15 02:30:37
13712,85,1,4191,0.99,2005-09-10 21:25:37
13713,205,1,1397,8.99,2005-07-02 18:55:37
13714,377,1,13130,2.99,2005-07-01 21:27:37
13715,204,2,9394,2.99,2005-09-16 22:19:37
13716,388,2,2114,9.99,2005-08-27 13:03:37
13717,497,2,13506,9.99,2005-09-05 19:53:37
13718,497,2,6283,4.99,2005-06-10 01:55:37
13719,181,2,14714,3.99,2005-06-24 13:18:37
13720,342,2,13492,9.99,2005-09-19 14:11:37
13721,184,2,15166,5.99,2005-06-26 09:17:37
13722,389,2,4729,4.99,2005-05-30 01:00:37
13723,133,1,12553,8.99,2005-09-02 20:50:37
13724,595,1,8612,5.99,2005-09-22 05:45:37
13725,104,1,498,8.99,2005-06-26 04:01:37
13726,421,1,14336,8.99,2005-08-21 03:09:37
13727,581,2,14679,2.99,2005-07-23 17:50:37
13728,289,1,2148,1.99,2005-08-18 19:48:37
13729,444,1,189,2.99,2005-06-08 23:58:37
13730,585,1,9234,7.99,2005-09-09 11:01:37
13731,448,2,15361,1.99,2005-08-26 03:31:37
13732,355,2,4944,4.99,2005-07-21 09:11:37
13733,565,2,11861,5.99,2005-07-05 17:27:37
13734,23,2,9399,5.99,2005-06-04 16:29:37
13735,215,1,7116,6.99,2005-07-01 07:14:37
13736,102,1,409,9.99,2005-08-12 17:38:37
13737,472,2,12470,6.99,2005-08-10 05:32:37
13738,220,2,3569,5.99,2005-08-28 01:12:37
13739,5,1,8282,6.99,2005-07-26 11:44:37
13740,170,2,14283,1.99,2005-06-04 10:16:37
13741,432,2,9799,6.99,2005-09-14 06:45:37
13742,107,2,15096,4.99,2005-07-12 11:29:37
13743,302,1,1124,5.99,2005-06-27 11:39:37
13744,483,2,4231,1.99,2005-06-26 09:00:37
13745,503,2,7843,5.99,2005-09-01 18:08:37
13746,74,2,13634,8.99,2005-08-23 22:19:37
13747,338,2,3567,1.99,2005-06-02 17:16:37
13748,386,2,10454,8.99,2005-09-15 02:24:37
13749,123,1,8807,6.99,2005-09-11 04:50:37
13750,553,1,14439,5.99,2005-08-17 19:52:37
13751,366,1,10501,5.99,2005-08-01 19:44:37
13752,560,1,328,1.99,2005-08-15 04:41:37
13753,41,2,12077,8.99,2005-08-12 05:25:37
13754,159,1,3215,8.99,2005-08-19 23:08:37
13755,74,1,8809,3.99,2005-09-10 20:32:37
13756,360,2,4379,3.99,2005-06-28 03:46:37
13757,184,2,7617,2.99,2005-05-27 15:21:37
13758,369,1,10866,0.99,2005-08-07 22:50:37
13759,551,1,10981,8.99,2005-09-05 02:18:37
13760,431,1,13074,7.99,2005-07-03 14:58:37
13761,504,1,8445,3.99,2005-06-01 03:27:37
13762,463,2,9948,6.99,2005-07-06 06:00:37
13763,105,2,5188,2.99,2005-09-16 04:10:37
13764,326,2,8202,4.99,2005-06-02 23:05:37
13765,35,2,7187,6.99,2005-09-20 21:16:37
13766,400,1,10831,5.99,2005-08-31 20:38:37
13767,437,1,2675,4.99,2005-08-31 19:02:37
13768,360,1,8005,3.99,2005-07-22 05:47:37
13769,534,1,15087,9.99,2005-06-16 20:12:37
13770,40,1,15918,3.99,2005-07-13 05:00:37
13771,432,2,11525,1.99,2005-07-01 00:18:37
13772,314,1,15018,2.99,2005-06-12 12:57:37
13773,101,2,4917,5.99,2005-08-05 23:16:37
13774,82,2,9270,6.99,2005-05-26 22:09:37
13775,535,1,2148,4.99,2005-08-01 12:22:37
13776,506,2,4320,1.99,2005-06-24 22:52:37
13777,402,1,11602,0.99,2005-07-03 18:23:37
13778,134,2,13676,7.99,2005-06-25 05:05:37
13779,548,1,7918,2.99,2005-06-06 15:07:37
13780,102,2,13553,5.99,2005-05-26 00:49:37
13781,101,1,5509,3.99,2005-09-22 20:57:37
13782,438,2,9570,6.99,2005-06-15 06:10:37
13783,293,1,9901,3.99,2005-06-30 19:25:37
13784,384,2,14078,1.99,2005-07-05 05:00:37
13785,122,2,7109,3.99,2005-08-16 00:33:37
13786,389,2,7210,2.99,2005-07-03 13:40:37
13787,172,2,9734,9.99,2005-07-11 11:10:37
13788,312,1,4405,7.99,2005-06-28 21:01:37
13789,157,1,3171,6.99,2005-08-15 11:01:37
13790,585,1,5784,4.99,2005-06-18 02:20:37
13791,463,1,846,9.99,2005-06-15 04:51:37
13792,527,1,3565,9.99,2005-08-27 07:10:37
13793,390,1,9969,3.99,2005-06-15 23:53:37
13794,26,1,9566,6.99,2005-06-13 02:48:37
13795,446,1,6971,1.99,2005-07-07 08:14:37
13796,36,1,11557,1.99,2005-08-11 15:52:37
13797,117,2,11556,9.99,2005-06-12 07:49:37
13798,590,2,1604,0.99,2005-06-04 22:13:37
13799,549,1,5330,0.99,2005-06-05 12:38:37
13800,15,2,12051,4.99,2005-09-21 10:05:37
13801,568,2,4534,5.99,2005-07-06 12:20:37
13802,166,2,12019,0.99,2005-08-31 11:15:37
13803,304,1,2825,2.99,2005-07-10 11:38:37
13804,459,1,1509,5.99,2005-06-09 16:40:37
13805,113,2,7623,1.99,2005-09-13 04:32:37
13806,503,2,7866,7.99,2005-07-19 09:08:37
13807,348,2,94,2.99,2005-06-01 21:01:37
13808,272,2,2666,5.99,2005-09-12 21:40:37
13809,308,1,15546,2.99,2005-08-25 03:35:37
13810,544,1,13596,8.99,2005-06-25 05:10:37
13811,310,2,8384,9.99,2005-06-10 23:41:37
13812,483,1,4403,0.99,2005-09-08 03:14:37
13813,237,1,9169,9.99,2005-06-29 07:49:37
13814,377,2,8251,6.99,2005-06-19 01:10:37
13815,186,1,6249,8.99,2005-08-13 08:26:37
13816,533,2,10515,7.99,2005-09-17 11:12:37
13817,61,2,2463,8.99,2005-05-28 20:00:37
13818,579,1,14348,9.99,2005-09-06 20:23:37
13819,99,1,3934,9.99,2005-09-17 23:59:37
13820,557,2,4132,2.99,2005-08-31 07:00:37
13821,399,2,3591,3.99,2005-09-07 02:01:37
13822,496,1,12943,1.99,2005-06-17 14:50:37
13823,529,1,13636,7.99,2005-07-25 13:13:37
13824,381,1,13503,9.99,2005-07-22 16:40:37
13825,485,2,10762,2.99,2005-07-31 11:47:37
13826,216,2,9893,0.99,2005-08-20 19:50:37
13827,388,1,12128,7.99,2005-07-06 14:32:37
13828,234,1,6779,2.99,2005-08-24 05:31:37
13829,304,1,5701,3.99,2005-07-13 19:31:37
13830,279,1,15365,6.99,2005-06-12 13:01:37
13831,495,1,12666,7.99,2005-08-16 21:29:37
13832,582,1,3743,1.99,2005-06-01 13:55:37
13833,293,1,14799,8.99,2005-06-21 18:21:37
13834,173,1,10079,3.99,2005-05-25 18:40:37
13835,182,2,1856,1.99,2005-06-07 00:03:37
13836,105,2,8336,0.99,2005-07-11 13:02:37
13837,178,1,3841,3.99,2005-06-23 02:28:37
13838,532,1,13397,9.99,2005-08-27 04:02:37
13839,583,1,7351,6.99,2005-06-03 07:10:37
13840,173,1,15064,9.99,2005-08-06 07:48:37
13841,369,1,11927,8.99,2005-06-21 19:29:37
13842,84,1,15656,7.99,2005-08-20 15:54:37
13843,457,1,4352,3.99,2005-09-05 11:42:37
13844,283,1,6044,3.99,2005-06-23 07:30:37
13845,3,1,6295,6.99,2005-08-23 02:46:37
13846,379,1,1455,5.99,2005-07-07 01:19:37
13847,463,1,14721,3.99,2005-08-05 18:01:37
13848,502,2,9952,7.99,2005-09-01 13:38:37
13849,205,1,8161,9.99,2005-07-19 10:38:37
13850,53,2,2141,9.99,2005-07-29 14:37:37
13851,114,1,12597,5.99,2005-07-22 20:11:37
13852,347,1,15760,6.99,2005-08-06 22:40:37
13853,380,2,14289,9.99,2005-07-30 14:47:37
13854,435,2,8942,8.99,2005-08-01 04:11:37
13855,539,2,5839,0.99,2005-06-07 21:08:37
13856,292,2,3835,3.99,2005-08-22 22:15:37
13857,544,2,5646,8.99,2005-07-25 10:57:37
13858,487,1,1017,9.99,2005-05-27 07:57:37
13859,359,1,9776,9.99,2005-08-14 12:10:37
13860,405,2,9352,4.99,2005-06-04 23:38:37
13861,562,2,9218,8.99,2005-08-16 00:19:37
13862,34,1,853,0.99,2005-08-21 16:35:37
13863,325,1,1011,0.99,2005-07-31 16:23:37
13864,364,2,6738,0.99,2005-07-15 12:43:37
13865,544,2,5515,4.99,2005-07-18 19:22:37
13866,355,1,2944,3.99,2005-07-02 03:02:37
13867,14,2,13783,9.99,2005-08-29 01:38:37
13868,191,2,6412,5.99,2005-07-04 17:49:37
13869,14,1,11846,2.99,2005-07-19 01:38:37
13870,262,2,10503,2.99,2005-09-13 17:27:37
13871,487,2,12397,2.99,2005-07-29 20:05:37
13872,45,2,2088,6.99,2005-07-23 14:05:37
13873,150,2,14014,1.99,2005-06-01 01:04:37
13874,201,1,1108,8.99,2005-06-01 21:05:37
13875,508,1,10547,8.99,2005-07-09 16:00:37
13876,384,2,4664,7.99,2005-09-13 05:26:37
13877,356,2,9895,9.99,2005-07-23 00:41:37
13878,459,2,2749,8.99,2005-08-13 20:58:37
13879,261,2,6105,4.99,2005-09-17 10:43:37
13880,214,1,12394,1.99,2005-09-12 14:06:37
13881,190,2,5030,1.99,2005-08-30 02:14:37
13882,502,1,14545,5.99,2005-09-03 20:34:37
13883,254,1,46,7.99,2005-08-30 11:42:37
13884,554,2,5175,9.99,2005-08-24 04:44:37
13885,82,2,13605,5.99,2005-07-22 00:56:37
13886,119,2,11622,8.99,2005-08-25 05:05:37
13887,151,1,14454,1.99,2005-08-05 15:25:37
13888,592,2,6380,1.99,2005-05-31 20:53:37
13889,403,2,2891,0.99,2005-09-11 00:12:37
13890,365,1,53,3.99,2005-09-02 02:43:37
13891,377,1,13539,0.99,2005-06-30 02:10:37
13892,262,1,13623,1.99,2005-08-02 18:38:37
13893,45,1,7382,4.99,2005-06-15 13:01:37
13894,520,2,13056,8.99,2005-06-23 09:08:37
13895,249,2,11983,7.99,2005-07-26 03:51:37
13896,295,2,1092,7.99,2005-08-30 04:44:37
13897,342,1,14575,3.99,2005-06-19 01:02:37
13898,365,2,15216,6.99,2005-08-04 04:15:37
13899,440,1,2946,0.99,2005-08-19 11:31:37
13900,314,1,5870,0.99,2005-08-06 06:05:37
13901,538,1,10474,3.99,2005-07-04 17:47:37
13902,128,2,8605,0.99,2005-07-05 14:18:37
13903,213,2,2178,9.99,2005-05-27 02:15:37
13904,314,2,11324,0.99,2005-08-16 16:32:37
13905,138,2,4173,6.99,2005-08-26 10:12:37
13906,91,1,4210,2.99,2005-07-13 23:01:37
13907,75,2,391,3.99,2005-09-13 16:40:37
13908,182,1,2087,5.99,2005-06-18 06:52:37
13909,305,2,4823,6.99,2005-06-02 18:29:37
13910,218,1,6911,5.99,2005-06-13 13:42:37
13911,302,2,11031,5.99,2005-06-10 16:53:37
13912,143,2,11414,7.99,2005-05-26 09:25:37
13913,188,1,258,5.99,2005-06-08 20:08:37
13914,209,2,9727,3.99,2005-06-20 00:15:37
13915,223,2,12674,7.99,2005-06-09 11:18:37
13916,214,1,15861,0.99,2005-08-05 10:46:37
13917,160,2,13893,0.99,2005-07-09 12:33:37
13918,88,1,156,0.99,2005-08-25 00:39:37
13919,546,1,4207,9.99,2005-08-18 03:21:37
13920,53,2,235,8.99,2005-09-12 14:27:37
13921,412,1,8205,5.99,2005-07-08 19:34:37
13922,224,2,4248,8.99,2005-07-22 04:43:37
13923,108,2,11601,3.99,2005-07-14 02:56:37
13924,217,2,2190,8.99,2005-07-04 20:40:37
13925,400,2,3026,4.99,2005-09-15 13:57:37
13926,232,1,8085,3.99,2005-06-16 13:02:37
13927,205,2,1411,2.99,2005-09-14 03:24:37
13928,85,1,8356,5.99,2005-07-21 23:49:37
13929,181,1,10263,0.99,2005-09-20 09:12:37
13930,533,1,5888,5.99,2005-08-08 06:17:37
13931,169,1,15581,2.99,2005-08-03 08:31:37
13932,437,1,10794,4.99,2005-08-25 18:01:37
13933,336,2,15484,4.99,2005-08-03 14:35:37
13934,74,2,5833,2.99,2005-06-15 07:57:37
13935,552,2,10849,3.99,2005-09-07 14:21:37
13936,44,2,4533,9.99,2005-08-06 19:04:37
13937,196,2,9878,2.99,2005-08-09 15:49:37
13938,245,1,1400,0.99,2005-08-10 03:39:37
13939,213,2,29,4.99,2005-06-03 01:18:37
13940,197,2,1666,8.99,2005-06-13 03:59:37
13941,71,2,8885,9.99,2005-09-03 00:17:37
13942,538,2,208,5.99,2005-08-12 14:00:37
13943,192,2,4429,2.99,2005-07-14 04:13:37
13944,565,1,7925,5.99,2005-08-23 06:29:37
13945,582,2,5093,4.99,2005-07-26 07:47:37
13946,431,2,824,8.99,2005-06-17 19:57:37
13947,515,2,14099,4.99,2005-07-17 18:30:37
13948,245,2,10363,7.99,2005-09-19 05:40:37
13949,241,1,7217,0.99,2005-08-24 07:25:37
13950,142,2,744,1.99,2005-06-27 17:05:37
13951,34,1,6985,2.99,2005-07-05 17:34:37
13952,175,2,1833,2.99,2005-07-21 11:03:37
13953,410,2,11912,5.99,2005-06-02 13:49:37
13954,284,2,11511,4.99,2005-08-02 00:07:37
13955,176,2,4373,1.99,2005-06-02 20:51:37
13956,362,1,8380,6.99,2005-07-25 13:36:37
13957,267,1,12798,2.99,2005-08-30 20:03:37
13958,15,1,9623,2.99,2005-06-07 18:04:37
13959,374,2,12462,7.99,2005-08-21 23:29:37
13960,469,2,2029,3.99,2005-08-03 16:34:37
13961,277,1,14713,5.99,2005-05-27 15:31:37
13962,160,2,2608,7.99,2005-06-14 12:46:37
13963,317,2,15342,9.99,2005-06-10 06:28:37
13964,296,2,13676,7.99,2005-08-09 14:09:37
13965,296,2,14153,2.99,2005-06-12 23:03:37
13966,51,2,10389,0.99,2005-06-04 00:51:37
13967,479,2,310,5.99,2005-07-11 04:45:37
13968,102,1,6971,4.99,2005-07-17 14:28:37
13969,285,1,12523,3.99,2005-06-05 20:16:37
13970,149,1,8499,0.99,2005-08-06 03:56:37
13971,594,1,14043,0.99,2005-06-21 02:11:37
13972,79,2,3493,2.99,2005-07-10 20:49:37
13973,301,1,12372,7.99,2005-07-09 02:06:37
13974,371,2,11270,9.99,2005-06-17 02:02:37
13975,200,1,8841,7.99,2005-05-28 06:40:37
13976,517,2,6476,2.99,2005-07-21 17:50:37
13977,139,2,2209,7.99,2005-09-18 22:14:37
13978,499,2,4796,2.99,2005-06-08 07:52:37
13979,265,1,1163,0.99,2005-05-29 15:17:37
13980,206,2,7406,3.99,2005-08-05 15:08:37
13981,533,1,7865,8.99,2005-07-02 17:53:37
13982,183,2,4259,2.99,2005-06-11 07:00:37
13983,438,1,8920,9.99,2005-09-20 06:55:37
13984,232,1,3075,4.99,2005-06-10 01:23:37
13985,537,2,5676,3.99,2005-06-30 14:26:37
13986,235,2,5430,7.99,2005-08-02 10:38:37
13987,365,2,12924,8.99,2005-07-05 19:06:37
13988,249,2,7216,6.99,2005-07-05 17:00:37
13989,22,1,7241,1.99,2005-08-20 22:54:37
13990,533,2,13866,8.99,2005-08-17 00:50:37
13991,266,1,1891,4.99,2005-09-01 18:16:37
13992,314,1,8691,7.99,2005-06-24 17:58:37
13993,462,2,11840,9.99,2005-09-09 21:51:37
13994,306,2,9654,8.99,2005-07-23 05:13:37
13995,537,2,981,6.99,2005-08-22 18:28:37
13996,413,1,3528,5.99,2005-09-16 05:00:37
13997,547,2,6477,4.99,2005-06-21 09:37:37
13998,5,1,14070,8.99,2005-06-08 11:25:37
13999,198,2,8891,3.99,2005-07-30 13:07:37
14000,267,1,2224,5.99,2005-05-25 23:34:37
14001,343,2,7105,9.99,2005-08-20 08:05:37
14002,586,1,6084,2.99,2005-08-31 02:23:37
14003,489,1,13516,6.99,2005-06-28 11:51:37
14004,489,2,2953,3.99,2005-08-14 08:58:37
14005,258,1,15425,2.99,2005-07-14 11:56:37
14006,365,1,13719,3.99,2005-06-11 19:51:37
14007,191,1,1117,7.99,2005-07-20 05:07:37
14008,178,1,14177,7.99,2005-07-22 05:15:37
14009,511,1,9088,0.99,2005-09-18 15:02:37
14010,559,1,722,3.99,2005-08-01 21:42:37
14011,450,2,3695,1.99,2005-08-17 11:59:37
14012,294,1,10186,2.99,2005-06-12 07:37:37
14013,581,1,8089,9.99,2005-07-02 04:15:37
14014,106,1,5478,1.99,2005-06-19 06:53:37
14015,454,1,5810,8.99,2005-06-28 22:02:37
14016,185,2,9150,7.99,2005-08-20 17:51:37
14017,87,2,13590,8.99,2005-06-29 21:27:37
14018,204,2,7139,2.99,2005-08-26 22:04:37
14019,419,2,15434,4.99,2005-06-18 14:14:37
14020,54,1,5051,8.99,2005-07-15 02:09:37
14021,255,2,2758,5.99,2005-07-14 20:31:37
14022,214,1,5879,9.99,2005-07-11 21:55:37
14023,290,2,10235,5.99,2005-09-20 11:06:37
14024,458,2,4390,5.99,2005-06-12 02:33:37
14025,395,2,15460,8.99,2005-09-02 19:24:37
14026,364,1,10639,3.99,2005-06-01 00:50:37
14027,237,2,9387,8.99,2005-08-16 19:06:37
14028,213,2,5411,4.99,2005-08-07 13:09:37
14029,196,2,1151,2.99,2005-08-26 11:11:37
14030,577,1,533,5.99,2005-06-09 00:22:37
14031,386,2,2623,9.99,2005-07-15 17:52:37
14032,8,2,11358,4.99,2005-07-01 21:48:37
14033,513,2,7016,2.99,2005-06-24 17:46:37
14034,225,2,1264,2.99,2005-08-02 02:55:37
14035,116,2,4051,5.99,2005-09-01 05:12:37
14036,421,1,8432,1.99,2005-08-27 17:48:37
14037,126,1,13137,4.99,2005-07-27 20:36:37
14038,466,2,5520,8.99,2005-06-24 01:46:37
14039,230,1,10042,8.99,2005-08-09 10:19:37
14040,82,1,14131,4.99,2005-08-21 01:39:37
14041,272,2,471,4.99,2005-09-19 10:39:37
14042,137,1,13405,0.99,2005-06-24 18:54:37
14043,573,2,11414,5.99,2005-06-10 21:49:37
14044,54,2,5196,1.99,2005-07-06 22:34:37
14045,545,2,15371,8.99,2005-08-31 09:49:37
14046,410,1,6266,2.99,2005-08-08 13:39:37
14047,495,2,13220,3.99,2005-08-07 20:40:37
14048,328,1,14882,5.99,2005-06-13 07:51:37
14049,8,2,5065,6.99,2005-07-21 13:49:37
14050,193,2,3670,4.99,2005-07-09 13:46:37
14051,356,1,4640,5.99,2005-07-04 14:45:37
14052,66,1,12525,7.99,2005-06-05 08:51:37
14053,461,1,3594,6.99,2005-06-09 11:10:37
14054,365,1,10693,1.99,2005-05-27 08:00:37
14055,547,2,14924,2.99,2005-07-02 09:27:37
14056,509,2,1262,8.99,2005-08-14 14:24:37
14057,124,2,14012,3.99,2005-06-19 10:03:37
14058,508,1,12731,2.99,2005-06-11 02:29:37
14059,148,2,5709,3.99,2005-07-04 05:41:37
14060,542,2,8027,7.99,2005-09-21 21:25:37
14061,235,1,13471,4.99,2005-09-07 05:54:37
14062,324,2,12261,8.99,2005-09-09 09:33:37
14063,354,1,15826,1.99,2005-07-02 11:06:37
14064,10,2,7833,3.99,2005-07-05 03:48:37
14065,411,1,9771,2.99,2005-07-31 02:57:37
14066,515,2,12951,2.99,2005-09-03 01:12:37
14067,497,2,8208,4.99,2005-08-31 14:48:37
14068,428,2,9612,6.99,2005-07-17 18:52:37
14069,254,1,1605,5.99,2005-06-01 14:21:37
14070,252,1,9583,3.99,2005-07-03 02:13:37
14071,110,1,14556,4.99,2005-07-11 08:41:37
14072,79,2,14430,5.99,2005-08-03 11:28:37
14073,515,1,8690,1.99,2005-07-02 12:56:37
14074,361,2,12012,7.99,2005-07-22 07:54:37
14075,262,2,1889,4.99,2005-07-27 01:01:37
14076,201,2,3142,0.99,2005-07-14 15:47:37
14077,225,1,15992,4.99,2005-06-09 09:03:37
14078,88,1,3523,0.99,2005-07-28 19:04:37
14079,283,1,11399,9.99,2005-05-31 06:11:37
14080,38,2,494,0.99,2005-07-12 22:01:37
14081,191,1,919,8.99,2005-09-09 14:43:37
14082,304,2,4529,3.99,2005-09-19 07:47:37
14083,515,2,7934,9.99,2005-06-29 10:21:37
14084,320,1,2307,3.99,2005-07-15 01:48:37
14085,252,2,6868,7.99,2005-07-17 12:19:37
14086,426,1,1707,6.99,2005-06-11 20:27:37
14087,244,1,8761,0.99,2005-09-14 20:42:37
14088,530,2,1157,1.99,2005-07-24 03:17:37
14089,516,2,8330,4.99,2005-07-31 08:35:37
14090,471,2,10438,5.99,2005-08-31 22:38:37
14091,441,1,5468,1.99,2005-08-06 08:37:37
14092,35,2,4749,4.99,2005-06-17 14:02:37
14093,258,1,9583,9.99,2005-07-09 13:20:37
14094,150,2,2737,5.99,2005-07-17 09:07:37
14095,344,2,8946,1.99,2005-09-15 12:38:37
14096,89,2,15637,8.99,2005-08-26 03:18:37
14097,190,1,15870,3.99,2005-08-31 00:51:37
14098,299,1,9091,4.99,2005-07-14 18:59:37
14099,480,1,8675,1.99,2005-05-27 23:58:37
14100,421,2,5913,2.99,2005-05-31 20:46:37
14101,375,2,1020,6.99,2005-07-10 13:25:37
14102,219,1,3906,6.99,2005-07-03 17:34:37
14103,505,2,10914,5.99,2005-08-25 02:50:37
14104,337,1,11737,7.99,2005-06-12 19:06:37
14105,291,2,1652,7.99,2005-06-13 13:22:37
14106,258,2,13255,0.99,2005-06-25 00:56:37
14107,593,1,8481,6.99,2005-06-23 21:21:37
14108,448,2,11790,2.99,2005-08-21 09:33:37
14109,114,1,13872,2.99,2005-08-20 19:22:37
14110,336,1,14110,1.99,2005-06-16 15:54:37
14111,293,2,7724,5.99,2005-06-07 09:04:37
14112,82,1,855,9.99,2005-09-13 06:14:37
14113,559,1,7275,4.99,2005-06-11 06:44:37
14114,103,2,12908,5.99,2005-06-23 00:55:37
14115,94,2,8509,0.99,2005-06-18 21:45:37
14116,500,1,12782,6.99,2005-05-27 22:33:37
14117,78,2,5166,8.99,2005-08-01 15:07:37
14118,463,1,11636,0.99,2005-07-11 15:49:37
14119,535,2,15633,8.99,2005-07-06 15:28:37
14120,332,2,13778,7.99,2005-06-30 22:35:37
14121,69,2,13108,1.99,2005-07-02 15:32:37
14122,90,1,11469,6.99,2005-07-15 06:53:37
14123,134,2,36,8.99,2005-06-28 10:26:37
14124,346,2,11989,6.99,2005-07-05 13:04:37
14125,173,1,1690,2.99,2005-08-14 00:09:37
14126,461,2,14970,0.99,2005-09-20 18:14:37
14127,117,1,3285,9.99,2005-07-06 01:49:37
14128,430,2,14342,0.99,2005-07-28 15:02:37
14129,500,1,7150,9.99,2005-06-08 23:21:37
14130,12,2,6535,7.99,2005-06-27 04:57:37
14131,538,1,11887,2.99,2005-08-13 15:52:37
14132,338,2,11766,0.99,2005-07-21 17:04:37
14133,364,1,3757,1.99,2005-07-09 14:26:37
14134,503,1,1614,8.99,2005-08-31 08:40:37
14135,390,2,2991,0.99,2005-09-08 09:19:37
14136,472,1,11681,8.99,2005-09-17 14:46:37
14137,316,2,15568,6.99,2005-06-20 17:54:37
14138,239,1,9975,8.99,2005-08-06 23:33:37
14139,349,2,7006,8.99,2005-07-02 16:24:37
14140,447,2,14856,6.99,2005-07-09 05:19:37
14141,35,2,4214,4.99,2005-09-19 02:48:37
14142,465,1,3539,5.99,2005-08-05 05:45:37
14143,374,2,2906,2.99,2005-07-08 05:42:37
14144,308,1,102,6.99,2005-09-16 20:16:37
14145,100,1,543,8.99,2005-07-30 01:50:37
14146,400,1,7669,6.99,2005-09-06 05:18:37
14147,306,1,4421,7.99,2005-07-18 02:37:37
14148,589,2,5557,0.99,2005-09-22 02:02:37
14149,129,1,12489,0.99,2005-07-01 00:06:37
14150,52,1,11700,0.99,2005-06-15 09:27:37
14151,124,2,9899,5.99,2005-05-26 20:30:37
14152,46,2,14594,5.99,2005-08-18 02:40:37
14153,180,2,13588,5.99,2005-09-21 06:57:37
14154,62,2,10115,5.99,2005-06-20 15:55:37
14155,18,2,10921,2.99,2005-08-23 15:16:37
14156,25,2,8123,9.99,2005-06-21 00:38:37
14157,315,2,8164,6.99,2005-09-06 22:17:37
14158,300,2,7930,1.99,2005-06-08 23:36:37
14159,3,2,15256,7.99,2005-06-19 00:32:37
14160,111,1,3702,9.99,2005-07-24 20:45:37
14161,574,1,9334,7.99,2005-06-24 19:04:37
14162,498,1,15174,3.99,2005-08-27 03:01:37
14163,398,1,1333,6.99,2005-08-13 03:32:37
14164,445,2,2822,0.99,2005-09-18 13:50:37
14165,384,1,10534,3.99,2005-05-28 00:02:37
14166,325,2,6874,8.99,2005-06-17 23:40:37
14167,519,1,7142,4.99,2005-09-16 00:01:37
14168,26,1,5112,8.99,2005-08-21 16:42:37
14169,471,1,12006,2.99,2005-06-20 16:41:37
14170,506,1,15761,7.99,2005-06-08 10:37:37
14171,165,2,12256,4.99,2005-06-12 08:22:37
14172,330,2,9377,0.99,2005-08-03 07:05:37
14173,79,1,8490,2.99,2005-07-01 19:15:37
14174,304,2,9314,9.99,2005-06-29 10:31:37
14175,429,1,10891,8.99,2005-07-27 21:16:37
14176,296,2,6000,5.99,2005-07-06 19:44:37
14177,405,1,4207,6.99,2005-07-15 02:12:37
14178,570,1,7453,8.99,2005-08-13 20:16:37
14179,584,1,7903,8.99,2005-09-09 08:20:37
14180,161,2,3105,0.99,2005-07-16 07:08:37
14181,470,1,11273,9.99,2005-09-22 00:19:37
14182,310,1,5333,8.99,2005-07-10 19:15:37
14183,6,1,476,8.99,2005-05-28 12:01:37
14184,223,2,11629,4.99,2005-07-22 20:54:37
14185,155,1,9463,9.99,2005-08-25 12:40:37
14186,179,2,13588,6.99,2005-09-05 09:57:37
14187,519,1,15827,4.99,2005-07-30 12:45:37
14188,415,1,3011,3.99,2005-09-02 13:54:37
14189,165,2,7759,5.99,2005-06-08 21:45:37
14190,150,2,14106,6.99,2005-06-23 02:12:37
14191,271,1,3034,1.99,2005-06-01 13:00:37
14192,432,2,15645,9.99,2005-07-04 15:04:37
14193,543,1,9702,9.99,2005-09-18 05:31:37
14194,470,1,2674,7.99,2005-07-25 16:06:37
14195,251,1,13996,3.99,2005-07-22 00:44:37
14196,588,2,3211,7.99,2005-06-02 09:03:37
14197,144,2,9235,7.99,2005-06-28 03:50:37
14198,204,1,11003,2.99,2005-09-04 04:10:37
14199,491,1,7487,5.99,2005-09-07 08:48:37
14200,379,1,9896,8.99,2005-08-05 19:25:37
14201,242,1,2818,8.99,2005-09-04 23:02:37
14202,513,2,14957,2.99,2005-07-25 17:34:37
14203,499,1,631,6.99,2005-09-06 00:39:37
14204,585,2,3335,1.99,2005-05-26 17:06:37
14205,244,2,14952,6.99,2005-07-07 22:26:37
14206,522,2,6076,9.99,2005-06-20 14:27:37
14207,259,2,5101,3.99,2005-08-07 17:17:37
14208,549,2,3637,7.99,2005-08-25 05:55:37
14209,402,2,11209,8.99,2005-06-21 09:56:37
14210,379,1,9030,1.99,2005-09-04 15:27:37
14211,406,2,10285,6.99,2005-07-18 16:02:37
14212,120,2,13606,3.99,2005-05-28 06:59:37
14213,229,2,14927,6.99,2005-08-12 23:41:37
14214,325,2,2497,9.99,2005-06-17 00:17:37
14215,320,2,3290,7.99,2005-06-05 07:44:37
14216,550,2,1607,3.99,2005-08-02 08:58:37
14217,47,2,7056,1.99,2005-06-10 10:45:37
14218,177,2,8666,1.99,2005-08-10 05:38:37
14219,588,1,10402,2.99,2005-08-16 05:09:37
14220,81,2,10041,9.99,2005-09-19 16:57:37
14221,72,2,4739,0.99,2005-08-09 04:57:37
14222,497,2,12769,0.99,2005-08-01 00:44:37
14223,74,2,9272,4.99,2005-06-02 14:26:37
14224,61,1,819,8.99,2005-06-11 07:26:37
14225,125,2,4193,1.99,2005-08-19 05:40:37
14226,481,1,1580,0.99,2005-05-30 03:39:37
14227,461,2,3177,1.99,2005-06-17 21:30:37
14228,586,1,7734,9.99,2005-06-11 23:31:37
14229,227,1,3364,4.99,2005-09-14 00:07:37
14230,541,2,14602,8.99,2005-08-25 12:49:37
14231,252,1,7246,0.99,2005-07-17 05:49:37
14232,360,2,12157,9.99,2005-07-11 09:43:37
14233,459,2,3983,5.99,2005-06-25 14:55:37
14234,1,2,8243,1.99,2005-06-12 00:22:37
14235,191,1,4493,4.99,2005-07-08 04:03:37
14236,341,1,13937,7.99,2005-08-23 04:16:37
14237,235,1,8829,5.99,2005-08-04 20:38:37
14238,453,2,4496,5.99,2005-09-12 08:55:37
14239,354,2,14725,2.99,2005-06-24 22:46:37
14240,339,1,8088,0.99,2005-06-23 03:41:37
14241,449,1,13757,5.99,2005-07-21 03:06:37
14242,262,2,9260,5.99,2005-06-11 05:03:37
14243,376,2,14954,4.99,2005-08-29 15:28:37
14244,56,2,6747,4.99,2005-06-21 23:19:37
14245,584,1,8374,3.99,2005-08-21 09:30:37
14246,170,1,15858,4.99,2005-06-25 06:39:37
14247,584,1,11721,1.99,2005-08-22 05:26:37
14248,287,2,9015,4.99,2005-07-28 17:09:37
14249,257,1,452,2.99,2005-06-12 05:57:37
14250,550,1,3290,4.99,2005-08-29 00:50:37
14251,346,2,267,5.99,2005-07-04 06:37:37
14252,366,2,5900,4.99,2005-08-28 08:59:37
14253,284,2,14587,1.99,2005-08-20 20:21:37
14254,591,2,3160,1.99,2005-05-29 03:33:37
14255,171,2,11293,9.99,2005-06-14 02:24:37
14256,377,2,14425,2.99,2005-07-12 00:19:37
14257,448,2,12007,3.99,2005-09-11 10:56:37
14258,58,1,3642,0.99,2005-06-18 23:05:37
14259,590,2,7055,3.99,2005-06-10 12:49:37
14260,99,2,8913,6.99,2005-06-30 02:20:37
14261,249,1,15787,3.99,2005-08-31 11:44:37
14262,180,1,11808,1.99,2005-08-21 01:41:37
14263,138,1,13873,9.99,2005-06-06 19:08:37
14264,435,1,14495,2.99,2005-07-21 23:04:37
14265,597,1,12065,6.99,2005-07-09 02:10:37
14266,172,1,12034,3.99,2005-07-19 20:11:37
14267,223,2,2729,4.99,2005-07-18 15:26:37
14268,113,2,10591,1.99,2005-06-28 16:11:37
14269,330,1,990,3.99,2005-07-30 02:48:37
14270,154,2,8447,3.99,2005-05-27 00:26:37
14271,141,1,9023,6.99,2005-09-18 10:51:37
14272,453,2,13695,0.99,2005-07-08 03:18:37
14273,301,1,6709,0.99,2005-07-13 11:14:37
14274,98,2,946,9.99,2005-08-17 20:36:37
14275,432,2,878,4.99,2005-08-09 11:27:37
14276,346,1,8602,3.99,2005-06-22 20:17:37
14277,208,1,4897,1.99,2005-05-26 23:15:37
14278,535,1,4320,6.99,2005-07-26 16:34:37
14279,256,2,11828,2.99,2005-08-03 16:32:37
14280,54,2,9612,7.99,2005-08-13 08:25:37
14281,596,2,12123,1.99,2005-08-13 10:18:37
14282,288,2,11710,6.99,2005-09-09 20:19:37
14283,321,2,13016,1.99,2005-08-28 08:38:37
14284,356,2,1092,6.99,2005-06-06 05:45:37
14285,246,2,7223,3.99,2005-08-11 07:23:37
14286,136,2,7416,8.99,2005-06-26 18:26:37
14287,450,1,9209,6.99,2005-09-08 16:03:37
14288,9,2,10044,8.99,2005-09-20 05:53:37
14289,50,2,8004,5.99,2005-06-16 00:34:37
14290,29,1,5364,2.99,2005-07-29 09:48:37
14291,163,1,3937,5.99,2005-08-08 16:20:37
14292,475,1,15469,2.99,2005-07-31 03:53:37
14293,551,2,7694,6.99,2005-05-31 22:38:37
14294,495,2,4830,0.99,2005-08-18 09:12:37
14295,436,1,7143,3.99,2005-06-27 17:14:37
14296,263,1,5755,3.99,2005-08-03 00:47:37
14297,116,2,5496,6.99,2005-09-06 03:37:37
14298,273,2,9410,4.99,2005-07-16 14:56:37
14299,231,2,6856,9.99,2005-07-03 14:33:37
14300,153,2,14032,2.99,2005-07-20 02:58:37
14301,266,1,5034,4.99,2005-09-17 08:07:37
14302,257,2,7340,8.99,2005-06-19 00:46:37
14303,231,2,13830,8.99,2005-06-03 18:33:37
14304,262,2,6769,2.99,2005-07-13 17:26:37
14305,10,1,5727,3.99,2005-05-28 02:30:37
14306,440,1,28,4.99,2005-07-02 07:27:37
14307,591,2,1338,1.99,2005-08-03 07:22:37
14308,396,1,6843,3.99,2005-07-07 21:30:37
14309,114,2,3799,5.99,2005-08-09 03:54:37
14310,294,1,7168,1.99,2005-09-13 18:09:37
14311,351,2,5735,7.99,2005-07-22 13:57:37
14312,577,1,1838,8.99,2005-07-16 12:51:37
14313,273,2,311,6.99,2005-06-21 12:02:37
14314,229,2,15378,6.99,2005-06-09 00:59:37
14315,521,2,15234,6.99,2005-07-28 16:34:37
14316,92,1,9815,8.99,2005-07-04 00:43:37
14317,332,1,11049,1.99,2005-08-08 12:32:37
14318,102,1,8294,6.99,2005-06-24 13:42:37
14319,58,1,1226,3.99,2005-07-31 09:35:37
14320,421,1,3108,9.99,2005-09-04 17:48:37
14321,516,1,12617,8.99,2005-07-18 19:19:37
14322,385,1,8039,4.99,2005-07-22 23:11:37
14323,126,1,15243,2.99,2005-06-08 07:33:37
14324,402,2,8233,7.99,2005-08-05 15:21:37
14325,574,1,4567,7.99,2005-08-27 04:48:37
14326,12,2,12902,8.99,2005-08-28 20:57:37
14327,78,2,13915,0.99,2005-07-23 20:59:37
14328,439,1,10066,7.99,2005-07-13 16:41:37
14329,523,1,1867,8.99,2005-06-16 11:11:37
14330,465,1,11587,7.99,2005-08-21 20:41:37
14331,421,1,7535,3.99,2005-07-24 02:02:37
14332,576,2,11426,1.99,2005-08-22 19:43:37
14333,151,2,557,3.99,2005-07-22 13:38:37
14334,274,2,15405,6.99,2005-07-13 05:51:37
14335,216,1,5702,7.99,2005-05-25 18:31:37
14336,59,1,6684,9.99,2005-08-11 03:24:37
14337,376,1,11884,4.99,2005-08-07 23:01:37
14338,335,2,5547,2.99,2005-06-27 12:44:37
14339,275,2,11443,0.99,2005-09-03 16:06:37
14340,300,1,5431,7.99,2005-05-31 15:39:37
14341,300,2,7130,8.99,2005-07-20 17:19:37
14342,170,1,2729,7.99,2005-07-02 07:17:37
14343,275,1,8446,7.99,2005-06-26 06:08:37
14344,389,2,13319,8.99,2005-07-20 18:37:37
14345,29,1,11223,5.99,2005-06-26 19:33:37
14346,42,2,6365,8.99,2005-08-30 20:40:37
14347,174,2,4899,5.99,2005-07-08 06:32:37
14348,208,2,155,7.99,2005-07-14 00:21:37
14349,548,2,640,0.99,2005-09-14 03:44:37
14350,490,1,3583,0.99,2005-07-20 04:53:37
14351,65,1,14817,4.99,2005-07-08 22:51:37
14352,96,2,4399,1.99,2005-07-25 14:12:37
14353,354,2,12307,8.99,2005-09-05 16:39:37
14354,172,1,12885,8.99,2005-08-20 09:58:37
14355,44,1,7872,8.99,2005-06-02 02:44:37
14356,409,1,5449,0.99,2005-05-30 23:15:37
14357,54,2,14366,4.99,2005-08-07 23:43:37
14358,468,1,2923,6.99,2005-07-28 17:19:37
14359,463,1,9179,6.99,2005-07-28 08:35:37
14360,266,2,3406,4.99,2005-07-15 23:24:37
14361,362,1,13155,8.99,2005-08-19 20:41:37
14362,355,2,7519,0.99,2005-07-12 16:47:37
14363,375,1,4667,5.99,2005-07-14 22:24:37
14364,579,2,6082,5.99,2005-08-07 04:08:37
14365,589,2,15489,1.99,2005-06-03 18:40:37
14366,18,1,12795,8.99,2005-09-03 01:40:37
14367,128,1,9090,1.99,2005-08-11 07:19:37
14368,285,2,14741,0.99,2005-05-31 11:08:37
14369,396,1,4574,1.99,2005-08-22 01:06:37
14370,135,2,14470,3.99,2005-09-14 14:05:37
14371,567,1,11458,5.99,2005-08-30 05:15:37
14372,398,2,6377,9.99,2005-09-08 07:00:37
14373,457,1,2929,0.99,2005-07-02 23:52:37
14374,552,2,11356,1.99,2005-06-03 01:29:37
14375,360,2,12789,7.99,2005-08-15 17:01:37
14376,257,1,6748,2.99,2005-06-27 09:29:37
14377,377,2,2243,8.99,2005-08-20 13:57:37
14378,274,2,4762,6.99,2005-08-02 16:31:37
14379,588,1,7813,7.99,2005-06-13 05:33:37
14380,89,2,4096,1.99,2005-08-07 10:50:37
14381,505,2,12527,0.99,2005-08-12 19:47:37
14382,375,2,3826,3.99,2005-07-21 23:38:37
14383,567,2,1726,1.99,2005-09-21 23:56:37
14384,119,2,8486,1.99,2005-06-09 09:58:37
14385,173,2,10775,1.99,2005-06-08 15:06:37
14386,574,2,8904,9.99,2005-09-06 04:51:37
14387,263,1,5929,6.99,2005-06-23 09:42:37
14388,60,1,1375,6.99,2005-07-22 09:08:37
14389,497,1,14993,5.99,2005-07-18 06:50:37
14390,410,2,3857,3.99,2005-07-12 00:29:37
14391,590,2,2934,1.99,2005-08-26 14:15:37
14392,411,1,6946,8.99,2005-05-26 17:41:37
14393,442,2,7911,6.99,2005-06-24 10:37:37
14394,159,2,6229,4.99,2005-09-13 12:15:37
14395,409,1,5374,8.99,2005-07-11 16:36:37
14396,357,2,7729,7.99,2005-08-30 08:38:37
14397,56,2,10478,4.99,2005-07-28 15:26:37
14398,588,2,11221,1.99,2005-08-01 08:13:37
14399,559,2,11586,8.99,2005-06-02 11:30:37
14400,19,1,603,6.99,2005-06-01 12:38:37
14401,410,1,15187,4.99,2005-06-05 10:40:37
14402,72,2,15809,3.99,2005-09-08 07:12:37
14403,229,2,11058,8.99,2005-07-06 21:09:37
14404,65,2,13628,7.99,2005-09-08 14:33:37
14405,242,2,12975,4.99,2005-06-04 06:47:37
14406,441,2,11352,4.99,2005-09-08 01:18:37
14407,36,2,7506,2.99,2005-06-17 19:08:37
14408,277,1,12622,7.99,2005-08-14 23:04:37
14409,151,1,11598,2.99,2005-09-04 14:12:37
14410,72,1,14672,7.99,2005-05-25 21:08:37
14411,529,2,5830,4.99,2005-09-05 07:32:37
14412,14,1,8331,6.99,2005-09-03 21:26:37
14413,160,1,12229,4.99,2005-07-04 04:59:37
14414,393,2,4201,0.99,2005-07-17 14:26:37
14415,336,2,6667,1.99,2005-09-10 12:04:37
14416,220,1,3635,8.99,2005-08-09 23:43:37
14417,429,1,8444,0.99,2005-08-18 06:21:37
14418,93,1,6186,6.99,2005-08-15 14:43:37
14419,598,1,7288,4.99,2005-08-23 13:57:37
14420,497,1,7851,9.99,2005-07-13 20:24:37
14421,359,2,9217,6.99,2005-06-17 18:26:37
14422,468,2,299,7.99,2005-07-03 13:54:37
14423,241,1,8273,2.99,2005-09-03 19:52:37
14424,193,2,6754,8.99,2005-07-15 06:23:37
14425,60,1,1164,2.99,2005-07-14 10:03:37
14426,370,2,15723,4.99,2005-09-11 17:42:37
14427,220,1,10665,4.99,2005-05-27 12:55:37
14428,45,2,11482,5.99,2005-05-26 23:46:37
14429,458,1,13166,7.99,2005-07-23 13:10:37
14430,419,2,7355,9.99,2005-06-11 08:17:37
14431,132,2,11844,9.99,2005-06-01 15:27:37
14432,202,2,7200,3.99,2005-08-18 22:31:37
14433,38,1,11467,4.99,2005-07-15 18:21:37
14434,394,1,11281,4.99,2005-06-23 00:10:37
14435,294,1,8289,8.99,2005-06-20 03:21:37
14436,263,2,10201,9.99,2005-07-09 18:55:37
14437,238,1,6158,7.99,2005-08-05 03:08:37
14438,353,2,8153,7.99,2005-08-03 10:03:37
14439,226,1,8283,8.99,2005-08-07 18:20:37
14440,330,2,8170,5.99,2005-08-31 16:07:37
14441,228,1,7376,0.99,2005-09-17 21:45:37
14442,472,1,10254,6.99,2005-09-08 12:24:37
14443,278,1,2779,6.99,2005-08-19 18:33:37
14444,565,1,1806,7.99,2005-05-29 01:20:37
14445,264,2,4436,7.99,2005-07-22 11:42:37
14446,399,1,10721,6.99,2005-07-25 19:05:37
14447,429,2,3038,7.99,2005-06-26 09:35:37
14448,554,1,13895,1.99,2005-09-09 00:56:37
14449,575,1,4622,9.99,2005-09-04 20:50:37
14450,267,1,13912,3.99,2005-05-28 04:17:37
14451,576,2,380,2.99,2005-09-22 22:43:37
14452,146,2,271,7.99,2005-08-10 06:00:37
14453,323,1,10721,6.99,2005-07-18 06:12:37
14454,421,1,11029,6.99,2005-09-09 16:46:37
14455,309,1,5538,2.99,2005-06-25 18:27:37
14456,498,2,14439,8.99,2005-06-04 17:13:37
14457,254,1,2393,2.99,2005-08-13 07:24:37
14458,571,1,12648,5.99,2005-09-13 13:45:37
14459,75,1,8818,1.99,2005-06-23 10:13:37
14460,361,2,8699,3.99,2005-07-21 01:12:37
14461,341,2,11582,3.99,2005-08-02 10:46:37
14462,66,2,7088,2.99,2005-07-13 20:03:37
14463,74,2,10558,3.99,2005-06-18 04:12:37
14464,304,1,12521,8.99,2005-06-25 11:19:37
14465,360,2,13472,1.99,2005-06-27 15:53:37
14466,259,1,3543,3.99,2005-06-07 10:30:37
14467,478,1,13951,8.99,2005-08-04 14:58:37
14468,69,2,592,2.99,2005-09-04 11:33:37
14469,251,2,7965,3.99,2005-09-22 22:00:37
14470,558,2,835,1.99,2005-06-14 16:11:37
14471,294,1,15778,0.99,2005-08-21 04:12:37
14472,146,2,575,6.99,2005-09-01 19:59:37
14473,433,2,14605,4.99,2005-06-17 18:30:37
14474,75,2,769,1.99,2005-07-28 00:21:37
14475,303,2,11125,4.99,2005-09-22 06:07:37
14476,268,1,2870,1.99,2005-07-01 19:40:37
14477,19,1,10326,1.99,2005-06-07 11:42:37
14478,479,1,11200,9.99,2005-09-06 03:51:37
14479,428,2,15883,1.99,2005-06-17 08:14:37
14480,56,1,3834,8.99,2005-08-01 07:46:37
14481,449,2,4931,8.99,2005-09-20 07:35:37
14482,159,1,14881,4.99,2005-07-23 03:12:37
14483,405,2,7329,1.99,2005-06-06 18:14:37
14484,71,1,14887,1.99,2005-07-25 22:26:37
14485,71,1,5468,5.99,2005-06-14 09:33:37
14486,246,1,1304,8.99,2005-09-03 17:56:37
14487,319,1,12496,7.99,2005-06-16 11:55:37
14488,208,2,11298,4.99,2005-08-06 01:07:37
14489,325,1,12198,4.99,2005-07-12 14:38:37
14490,599,2,13929,3.99,2005-08-21 02:45:37
14491,363,1,3913,2.99,2005-09-21 18:05:37
14492,76,1,6811,3.99,2005-07-14 00:16:37
14493,373,2,1527,5.99,2005-07-11 22:22:37
14494,7,1,6924,4.99,2005-06-07 19:01:37
14495,285,2,6174,4.99,2005-07-09 15:14:37
14496,244,1,3061,6.99,2005-06-25 12:54:37
14497,139,1,2047,9.99,2005-08-10 19:52:37
14498,570,2,12110,3.99,2005-06-22 21:05:37
14499,33,2,13168,8.99,2005-09-20 13:09:37
14500,143,1,13966,0.99,2005-07-08 11:42:37
14501,106,2,15222,1.99,2005-07-09 22:16:37
14502,591,1,7244,4.99,2005-09-14 15:01:37
14503,83,2,1978,1.99,2005-08-24 14:51:37
14504,389,1,11880,2.99,2005-09-22 06:29:37
14505,178,1,15366,2.99,2005-07-05 15:16:37
14506,521,2,3233,8.99,2005-09-17 06:34:37
14507,305,1,6371,0.99,2005-09-11 13:36:37
14508,246,2,14394,6.99,2005-09-09 08:01:37
14509,321,1,13761,3.99,2005-08-17 06:11:37
14510,29,1,3306,5.99,2005-09-23 05:46:37
14511,494,2,4379,8.99,2005-07-04 17:38:37
14512,1,1,3581,0.99,2005-08-11 09:23:37
14513,306,1,10559,4.99,2005-06-29 16:50:37
14514,359,1,7681,2.99,2005-05-27 20:57:37
14515,525,1,7540,9.99,2005-07-10 07:05:37
14516,495,2,12888,5.99,2005-08-03 21:02:37
14517,519,2,4764,0.99,2005-09-11 07:02:37
14518,260,2,1858,6.99,2005-07-26 09:43:37
14519,347,2,8818,3.99,2005-09-12 03:37:37
14520,92,2,2882,2.99,2005-06-01 19:11:37
14521,262,2,14833,7.99,2005-09-06 07:13:37
14522,425,1,3429,1.99,2005-08-03 09:56:37
14523,386,1,3420,8.99,2005-09-10 19:44:37
14524,498,1,3679,6.99,2005-08-19 21:12:37
14525,528,1,12488,8.99,2005-07-25 08:29:37
14526,416,1,15711,6.99,2005-06-10 23:22:37
14527,367,1,3000,3.99,2005-08-25 04:00:37
14528,240,2,6432,1.99,2005-09-15 22:06:37
14529,361,2,588,1.99,2005-07-11 12:19:37
14530,39,1,4636,0.99,2005-06-02 22:27:37
14531,98,1,3477,7.99,2005-09-06 20:43:37
14532,550,1,5702,9.99,2005-08-20 15:58:37
14533,91,1,10808,5.99,2005-07-14 20:35:37
14534,298,2,8091,7.99,2005-07-21 12:02:37
14535,540,2,3981,6.99,2005-06-23 00:44:37
14536,439,1,6451,0.99,2005-06-01 21:11:37
14537,392,2,3011,6.99,2005-08-31 20:24:37
14538,35,2,8267,6.99,2005-06-01 08:10:37
14539,175,2,304,3.99,2005-07-05 03:31:37
14540,87,1,4454,4.99,2005-08-10 16:55:37
14541,116,1,7793,3.99,2005-05-25 21:20:37
14542,157,1,1225,6.99,2005-08-18 03:20:37
14543,170,2,370,1.99,2005-08-18 00:56:37
14544,283,1,10948,7.99,2005-08-20 03:00:37
14545,344,2,2860,1.99,2005-06-06 23:21:37
14546,206,1,4818,0.99,2005-07-19 06:31:37
14547,238,2,11810,6.99,2005-05-29 16:21:37
14548,225,1,4904,9.99,2005-08-15 11:13:37
14549,533,2,10221,2.99,2005-08-22 20:11:37
14550,244,2,7773,5.99,2005-06-11 11:26:37
14551,422,2,2080,2.99,2005-08-23 20:34:37
14552,264,2,1235,6.99,2005-07-24 02:41:37
14553,393,2,3670,4.99,2005-07-26 14:57:37
14554,136,2,12347,7.99,2005-07-23 20:29:37
14555,27,1,766,8.99,2005-06-18 10:10:37
14556,319,1,11114,9.99,2005-08-02 02:56:37
14557,514,2,9637,2.99,2005-08-16 23:15:37
14558,16,1,2767,6.99,2005-09-02 22:58:37
14559,36,1,8713,2.99,2005-06-02 13:53:37
14560,417,1,12606,2.99,2005-08-20 23:37:37
14561,418,2,7894,9.99,2005-07-24 11:52:37
14562,62,1,7336,8.99,2005-09-05 16:31:37
14563,597,2,4435,3.99,2005-07-17 15:58:37
14564,489,1,10818,4.99,2005-07-31 12:39:37
14565,318,2,15342,9.99,2005-09-19 02:49:37
14566,432,2,10731,3.99,2005-07-21 14:27:37
14567,115,1,7308,2.99,2005-09-04 21:11:37
14568,93,2,14950,2.99,2005-07-05 03:22:37
14569,232,2,7282,9.99,2005-09-17 16:04:37
14570,212,2,13436,8.99,2005-08-07 03:46:37
14571,117,2,419,9.99,2005-06-05 00:07:37
14572,39,1,4577,7.99,2005-08-14 22:52:37
14573,184,1,10898,6.99,2005-09-20 21:50:37
14574,517,1,6380,5.99,2005-09-11 21:20:37
14575,351,2,5073,2.99,2005-08-16 22:27:37
14576,541,2,5154,2.99,2005-06-10 17:49:37
14577,359,1,3662,2.99,2005-08-22 15:32:37
14578,286,1,4379,6.99,2005-06-24 09:49:37
14579,236,2,7108,1.99,2005-06-10 05:58:37
14580,360,2,7605,9.99,2005-05-29 21:54:37
14581,72,1,6010,8.99,2005-06-17 11:45:37
14582,28,1,3844,1.99,2005-06-17 05:36:37
14583,276,1,9644,4.99,2005-07-23 03:00:37
14584,167,2,1037,0.99,2005-07-21 08:29:37
14585,120,2,4705,7.99,2005-08-28 02:51:37
14586,480,2,12764,0.99,2005-09-14 12:50:37
14587,276,1,427,9.99,2005-09-22 19:38:37
14588,555,2,8697,5.99,2005-08-29 09:20:37
14589,288,1,13430,7.99,2005-06-14 18:20:37
14590,249,2,7313,4.99,2005-06-12 06:09:37
14591,87,2,6363,5.99,2005-07-31 15:19:37
14592,405,1,952,4.99,2005-07-22 07:46:37
14593,528,2,2268,9.99,2005-08-23 23:49:37
14594,353,2,5211,7.99,2005-08-30 22:32:37
14595,155,2,8555,8.99,2005-08-08 23:16:37
14596,41,1,199,2.99,2005-08-21 12:18:37
